input_id,base_id,publication_date,cpc_subclasses,reference_bases,status
EP1004750,EP1004750,2000-05-31,F01D|Y02T,,200
EP1001388,EP1001388,2000-05-17,G07F|G06Q,,200
EP1001387,EP1001387,2000-05-17,B65G|G07D,FR2483504|DE3239561|GB2211823|EP0343013|WO1991000578|NL9101488|EP0690423,200
EP1006740,EP1006740,2000-06-07,H04W,,200
EP1003249,EP1003249,2000-05-24,H01R,US4010538|US4337989|US5145409|US5409400|US5667404,200
EP1002709,EP1002709,2000-05-24,B60T|B60R,,200
EP1009184,EP1009184,2000-06-14,H04W|H04L,,200
EP1010774,EP1010774,2000-06-21,C23C|F01D|Y02T|Y10S|Y10T,US4447503|US5514482|US5658614|EP0821078,200
EP1011252,EP1011252,2000-06-21,H04M,,200
EP1011157,EP1011157,2000-06-21,H01M|Y02E,,200
EP1011182,EP1011182,2000-06-21,H02G|F03D|Y02E,US2982494|EP0707145|EP0718495|US5841066|DE19748716,200
EP1013878,EP1013878,2000-06-28,F01D,,200
EP1000590,EP1000590,2000-05-17,A61F,US4733665|US4739762|US5360443|US5578071|US5591229|US5316023|EP0579523|WO1998023322,200
EP1014480,EP1014480,2000-06-28,H01Q|H04B,,200
EP102030,EP102030,,,,200
EP1016426,EP1016426,2000-07-05,A61M|B01D,,200
EP1016706,EP1016706,2000-07-05,C10M|C10N,,200
EP1008528,EP1008528,2000-06-14,B65D|B29C|B29K|B29L|Y10T,,200
EP1016775,EP1016775,2000-07-05,F01K|Y02E,US5632143,200
EP1020161,EP1020161,2000-07-19,A61B|Y10S,DE3445654|EP0255621|WO1991009374|US5853351|US5462504|WO1998044996,200
EP1020149,EP1020149,2000-07-19,A47F|F25D|F25B,,200
EP1021042,EP1021042,2000-07-19,H04N|G06V,EP0587397|EP0675495|EP0810793,200
EP1028604,EP1028604,2000-08-16,H05B,,200
EP1032120,EP1032120,2000-08-30,H03F,,200
EP1029961,EP1029961,2000-08-23,D06F,,200
EP1039637,EP1039637,2000-09-27,H03K|H03L,EP0390226|EP0566375|US5306971|US5636254|US5646564|US5764092|US5684421|US5790612|US5781055|US5883534,200
EP1035442,EP1035442,2000-09-13,G03F|Y10S,,200
EP1029569,EP1029569,2000-08-23,A63F,,200
EP1024467,EP1024467,2000-08-02,G01C|F17C|G08G,,200
EP1039689,EP1039689,2000-09-27,H04W|H04L|Y02D,,200
EP1048412,EP1048412,2000-11-02,B25B,,200
EP1046906,EP1046906,2000-10-25,G01N,,200
EP1043859,EP1043859,2000-10-11,H04J,,200
EP1048944,EP1048944,2000-11-02,G01M,,200
EP1049190,EP1049190,2000-11-02,C22B|H01M|Y02E|Y02P|Y02W,,200
EP1050969,EP1050969,2000-11-08,H03M,,200
EP1041659,EP1041659,2000-10-04,C22B|H01M|Y02E|Y02P|Y02W,,200
EP1038665,EP1038665,2000-09-27,B32B|B05D|B41M|B44F|D21H|Y10T,,200
EP1051106,EP1051106,2000-11-15,A61B,,200
EP1052116,EP1052116,2000-11-15,B44C|B41M|B44F|Y10T,,200
EP1054529,EP1054529,2000-11-22,H04L,,200
EP1050381,EP1050381,2000-11-08,B25B,US3777825|US4567950|JPH0740258A,200
EP1054322,EP1054322,2000-11-22,G06F,US4993017,200
EP1056261,EP1056261,2000-11-29,G09G|H04W|Y02D,EP0474231|US5450619|US5680535|US5860016|JPH10214063A,200
EP1054544,EP1054544,2000-11-22,H04L,,200
EP1061045,EP1061045,2000-12-20,B01D|C01B|Y02C|Y02P,GB2156327|RU2055017|EP0776687,200
EP1055916,EP1055916,2000-11-29,G01D|B60K|B60Q|Y10S,,200
EP1063500,EP1063500,2000-12-27,G01G|A61B,,200
EP1063525,EP1063525,2000-12-27,G01N,,200
EP1065167,EP1065167,2001-01-03,B01J|C01B|C07D|Y02P|Y10S,GB1567948|EP0021674|EP0026963|EP0129239|EP0380364|JPH02275850A,200
EP1066903,EP1066903,2001-01-10,B23C|Y10T,,200
EP1067081,EP1067081,2001-01-10,B66B,,200
EP1056181,EP1056181,2000-11-29,B60L|B60K|B60W|G01R|Y02T|Y10S,,200
EP1068892,EP1068892,2001-01-17,F01N|B01D|B01J,,200
EP1072345,EP1072345,2001-01-31,B23C|Y10T,,200
EP1065571,EP1065571,2001-01-03,G03G,,200
EP1071126,EP1071126,2001-01-24,B81B|H10W,,200
EP1070878,EP1070878,2001-01-24,F16H,US1624499|JPH01279865A|US4900296|JPH01253548A|US5334103|US5567094,200
EP1078541,EP1078541,2001-02-28,H04W,,200
EP1064883,EP1064883,2001-01-03,A61B,US4633861|US4892244|EP0464163|US5263629|EP0577373|EP0594148|US5468253|US5441193|US5503638|US5766188|US5702409|EP0922435,200
EP1087105,EP1087105,2001-03-28,F01D|Y02T,,200
EP1070480,EP1070480,2001-01-24,G06T|A61B,WO1994004938|WO1994006349|US5471982|US5391199|US5487391|WO1996005768|US5718241|WO1997024981|WO1997024983,200
EP1067075,EP1067075,2001-01-10,B65H|B43L|Y10T,,200
EP1077539,EP1077539,2001-02-21,H04W|H04B,EP0035230|EP0877512,200
EP1079550,EP1079550,2001-02-28,H04B,,200
EP1081369,EP1081369,2001-03-07,F02M|F02B|F02D|Y02T,JPS58155270A,200
EP1088908,EP1088908,2001-04-04,C23C|F05B|Y02T,,200
EP1088860,EP1088860,2001-04-04,C09D|B41J,US4723129|US4740796|US4345262|US4463359|US4313124|EP0130789|JPS6159911A|JPS6159912A|JPS6159914A|EP0732381|EP0947567,200
EP1090767,EP1090767,2001-04-11,B41J,,200
EP1092512,EP1092512,2001-04-18,B25J|B65G|G05B|Y10T,JPH09262784A,200
EP1091059,EP1091059,2001-04-11,E05C|E05B|B64D|Y10S|Y10T,,200
EP1096136,EP1096136,2001-05-02,F02M,,200
EP1093281,EP1093281,2001-04-18,H04M,,200
EP1098543,EP1098543,2001-05-09,H04B|G06K|H04W,EP0586081|US5764730|US5903845|WO1999041921,200
EP1096232,EP1096232,2001-05-02,G01C,JPH0210216A,200
EP1099410,EP1099410,2001-05-16,A61B,EP0346530|EP0432119|EP0432722|EP0777406,200
EP1094144,EP1094144,2001-04-25,H02K|D06F,,200
EP1099398,EP1099398,2001-05-16,A47B|A47F,GB207044|US4582003|US4949851|EP0469612|DE9411381|DE19623138,200
EP1098353,EP1098353,2001-05-09,H10P|C23C,,200
EP1101947,EP1101947,2001-05-23,F04D|F01D|F05D|Y10S,,200
EP1096722,EP1096722,2001-05-02,H04L|G06F|G07C|H04B,,200
EP1104735,EP1104735,2001-06-06,G06F|B61L|G05B,,200
EP1100077,EP1100077,2001-05-16,G10L,,200
EP1104800,EP1104800,2001-06-06,C10M|C10N,,200
EP1106094,EP1106094,2001-06-13,B29D|A43B|A43C|A45C,GB230946|FR1174115|US4658516|FR2617382,200
EP1099852,EP1099852,2001-05-16,F04B|Y10T,JPH0626454A,200
EP1107189,EP1107189,2001-06-13,G06T|G01C,,200
EP1111884,EP1111884,2001-06-27,H04M,,200
EP1109410,EP1109410,2001-06-20,H04N,,200
EP1111120,EP1111120,2001-06-27,D06F,,200
EP1108566,EP1108566,2001-06-20,B60C,,200
EP1111219,EP1111219,2001-06-27,F02K|F02C|F05D,,200
EP1113442,EP1113442,2001-07-04,G11B|H04L|H04N,,200
EP1111924,EP1111924,2001-06-27,H04N,US5815671|EP0912052|EP0926892,200
EP1111497,EP1111497,2001-06-27,G06F|H04N,EP0747804|EP0811940|EP0928105|WO1999010798,200
EP1116563,EP1116563,2001-07-18,B28B|B28D|Y10T,,200
EP1113587,EP1113587,2001-07-04,H04J|H04B,JPH07131435A|US5982517,200
EP1113561,EP1113561,2001-07-04,H04B|H04N|G06F|H02J,GB2281458|EP0660485|US5602805|JPH07281798A|US5959368|US5914585|GB2326062,200
EP1120648,EP1120648,2001-08-01,G01N,,200
EP1118537,EP1118537,2001-07-25,B64D,,200
EP1113628,EP1113628,2001-07-04,H04W|H04L,,200
EP1121942,EP1121942,2001-08-08,A61L|G01F,,200
EP1122989,EP1122989,2001-08-08,C25D|H10D|H05K|Y10S,,200
EP1122109,EP1122109,2001-08-08,B60W|B60K|F16H|Y02T,JPH1169509A,200
EP1122626,EP1122626,2001-08-08,G01C|G05D,EP0580105|US5832406|US5787382|US5729109|WO1999054848,200
EP1125520,EP1125520,2001-08-22,A47B,GB405167|US2260586|US3877744|NL1002515,200
EP1128627,EP1128627,2001-08-29,H04L|H04W|Y02D,US5675507|WO1999009766|WO1999022576,200
EP1123894,EP1123894,2001-08-16,E02F|B60G|B62D|B66F,,200
EP1128635,EP1128635,2001-08-29,H04L|Y10S,,200
EP1129934,EP1129934,2001-09-05,B62M,JPH09263289A,200
EP1127698,EP1127698,2001-08-29,B41J,US4469026|US4566014|US4609517|US5192959|US5745128|US5966145|EP0701176|US5623288|US5717446|US5712672|US5771054|US5757407|EP0866381|WO1999011551,200
EP1129932,EP1129932,2001-09-05,B62M|B60L|Y02T,JPH09263289A,200
EP1128643,EP1128643,2001-08-29,H04B|H04M|H04W|Y02D,,200
EP1132179,EP1132179,2001-09-12,B25F,US3759336|EP0899063|EP0906812,200
EP1130243,EP1130243,2001-09-05,F02K|F03G|F05D|Y02T|Y10T,,200
EP1132046,EP1132046,2001-09-12,A61B,,200
EP1132593,EP1132593,2001-09-12,F02C|F05D,,200
EP1132457,EP1132457,2001-09-12,C09K|F25B|C10M|C10N,,200
EP1134705,EP1134705,2001-09-19,G06Q|G07F,,200
EP1134839,EP1134839,2001-09-19,H01Q,US5223845|US5485169|US5453753|WO1997015092|WO1999019938,200
EP1132251,EP1132251,2001-09-12,B62M|B60K|B60L|H01M|B60W|B60Y|B62K|Y02E|Y02T,,200
EP1136399,EP1136399,2001-09-26,B65G|B05B|Y02P,,200
EP1136945,EP1136945,2001-09-26,G06K|Y10T,,200
EP1138783,EP1138783,2001-10-04,G16Z|C12Q,,200
EP1147874,EP1147874,2001-10-24,B29C,,200
EP1143740,EP1143740,2001-10-10,H04N,,200
EP1143641,EP1143641,2001-10-10,H04W|H04B,,200
EP1146692,EP1146692,2001-10-17,H04W,,200
EP1152071,EP1152071,2001-11-07,C25D|H05K|H10P|H10W,US2903403|EP1026286,200
EP1142714,EP1142714,2001-10-10,B41J,,200
EP1139015,EP1139015,2001-10-04,G02F|G02B,US4765701|WO1996017207,200
EP1152079,EP1152079,2001-11-07,D04B,,200
EP1150199,EP1150199,2001-10-31,G06F|G02F,JPH0451595A,200
EP1159893,EP1159893,2001-12-05,A47B|D06F,,200
EP1156067,EP1156067,2001-11-21,A61M|C08F,JPH04152952A|JPH05262656A|JPH0651060A,200
EP1157972,EP1157972,2001-11-28,C02F|C05F|Y02A,JPS6034792A|JPS6168194A|FR2591584|EP0371187|EP0493987,200
EP1164252,EP1164252,2001-12-19,F01D|F05B|F05D,,200
EP1157890,EP1157890,2001-11-28,H04N|B60R,EP0700212|JPH10262240A|JPH1178692A,200
EP1164552,EP1164552,2001-12-19,G07D,JPH11161825A,200
EP1162412,EP1162412,2001-12-12,F25B|C09K,,200
EP1160694,EP1160694,2001-12-05,G01C|G06F,US5471392,200
EP1167022,EP1167022,2002-01-02,H04N,,200
EP1166855,EP1166855,2002-01-02,B01D|B01J|Y02T,US4927799|EP0443765|WO1997030777|EP0955267,200
EP1168297,EP1168297,2002-01-02,H04M|G10L,EP0901000,200
EP1153752,EP1153752,2001-11-14,B41J|H10P,JPH06143607A|EP0878316|JPH09201348A|WO1998052762|US6010210|JP2947245|US5877943,200
EP1174285,EP1174285,2002-01-23,B60B,,200
EP1172308,EP1172308,2002-01-16,B65F,US5014870|FR2704538|DE9416727|DE29519378|DE29906988,200
EP1170697,EP1170697,2002-01-09,H04N|G06T,JPH10217261A,200
EP1170862,EP1170862,2002-01-09,H03H,US4456850|EP0680142,200
EP1174340,EP1174340,2002-01-23,B64D,,200
EP1169976,EP1169976,2002-01-09,A61M|A61B,US5673704|US5935079|WO1997004702|US5916158|WO1997029678|EP0928601|WO2000016705|WO2000078239,200
EP1178299,EP1178299,2002-02-06,G01Q|G01N|Y10S,,200
EP1177986,EP1177986,2002-02-06,A61L,,200
EP1174590,EP1174590,2002-01-23,F01K|Y02E,,200
EP1179615,EP1179615,2002-02-13,C25D,,200
EP1184403,EP1184403,2002-03-06,C08L|C08G|C09D|C09J|Y10T,,200
EP1181873,EP1181873,2002-02-27,A44B|A61F|Y10T,,200
EP1182806,EP1182806,2002-02-27,H04B,,200
EP1184568,EP1184568,2002-03-06,F04B|F02M,EP0972936,200
EP1184927,EP1184927,2002-03-06,H01M|Y02E|Y02P,,200
EP1186442,EP1186442,2002-03-13,B60B,,200
EP1170714,EP1170714,2002-01-09,G08C|G08G|H04B,,200
EP1180800,EP1180800,2002-02-20,H10D|H10P|H10W,,200
EP1179944,EP1179944,2002-02-13,H04B|G06F|H04M,,200
EP1189305,EP1189305,2002-03-20,H01Q,,200
EP1186761,EP1186761,2002-03-13,F02C|F04D|Y02E,,200
EP1189176,EP1189176,2002-03-20,G01C,,200
EP1193185,EP1193185,2002-04-03,C03C|B65D|Y10T,US3864152|US3937676|US3976819|GB1503018|US3966474|US4099638|WO1990005353|WO1990005088|US5997960|EP0624404|WO1997035290|WO1997034810|WO1997035292|WO1997035291,200
EP1189391,EP1189391,2002-03-20,H04N|H04W,,200
EP1189388,EP1189388,2002-03-20,H04L|H04W,,200
EP1184741,EP1184741,2002-03-06,G03G,,200
EP1195875,EP1195875,2002-04-10,H02H,WO1996027138,200
EP1195391,EP1195391,2002-04-10,C08F,EP0190889|US6060567|EP0678527|WO1999002540|WO1999041289|WO2000012572,200
EP1195161,EP1195161,2002-04-10,A61K|A61P|C07K|Y10S,,200
EP1195249,EP1195249,2002-04-10,B41J,,200
EP1190862,EP1190862,2002-03-27,B41J|G06K,US5568168|EP0879705|EP0936075|JPH11291506A,200
EP1197192,EP1197192,2002-04-17,A61F,US4770658,200
EP1198016,EP1198016,2002-04-17,H10H|H10W,US5998925|US6066861|US5813753|US5959316,200
EP1199578,EP1199578,2002-04-24,A61B|G01R,,200
EP1202220,EP1202220,2002-05-02,G06T,,200
EP1205291,EP1205291,2002-05-15,B29C,JPS56146713A|JPS61182916A|JPH01244816A|JP2000108183,200
EP1199842,EP1199842,2002-04-24,H04W|H04L|H04M,,200
EP1199887,EP1199887,2002-04-24,H04H|H04N,,200
EP1199035,EP1199035,2002-04-24,A61F|A61B|Y10S,US5176682|US5464427|US5569306|WO1998038938|US5782864|WO1999042064|FR2784020,200
EP1208626,EP1208626,2002-05-29,H02H|H01H,,200
EP1205650,EP1205650,2002-05-15,F02B|F02M|Y02T,US4625686|EP0376299|JPH029912A|US5121733|US4969536|US5572966|DE19641715|EP0884471,200
EP1207516,EP1207516,2002-05-22,G08C|G10L|H04N,,200
EP1208777,EP1208777,2002-05-29,A47F|A47B,FR1446702|US4949851|DE19937646,200
EP1211289,EP1211289,2002-06-05,C08F|C08L,EP0593221|US5331047|EP0714923|EP0844281,200
EP1209880,EP1209880,2002-05-29,H04M|B29L,,200
EP1213562,EP1213562,2002-06-12,G01D|G05B,,200
EP1213444,EP1213444,2002-06-12,F01D,,200
EP1217173,EP1217173,2002-06-26,F01D,,200
EP1220515,EP1220515,2002-07-03,H04M,,200
EP1213565,EP1213565,2002-06-12,G01D|B60K|Y10S,,200
EP1221653,EP1221653,2002-07-10,G06F,US5809329|WO2000059594,200
EP1215902,EP1215902,2002-06-19,H04N,,200
EP1213720,EP1213720,2002-06-12,G11B,US5724579|GB2305339|EP0952578|DE19907711,200
EP1223535,EP1223535,2002-07-17,G06K,,200
EP1223357,EP1223357,2002-07-17,F16C,,200
EP1225371,EP1225371,2002-07-24,F16H,,200
EP1223474,EP1223474,2002-07-17,G03G|C07C,,200
EP1225751,EP1225751,2002-07-24,H04B,,200
EP1225762,EP1225762,2002-07-24,H04N,,200
EP1229159,EP1229159,2002-08-07,D04B,,200
EP1229194,EP1229194,2002-08-07,E05C,GB1352675|US5560084|GB2323628|WO2000049258,200
EP1229344,EP1229344,2002-08-07,G01S|H04L,WO1997014056|US6041222|US6122506|US6178195,200
EP1227688,EP1227688,2002-07-31,H04W,,200
EP1226935,EP1226935,2002-07-31,B32B|B29C|B29L|Y10T,US3356556|US4439260|JPH04334450A|EP1095767,200
EP1209483,EP1209483,2002-05-29,H04B|G01C|G01S,EP0512789|US5394333|US5488559,200
EP1229752,EP1229752,2002-08-07,H04B|H04L|H04W|Y02D,WO1994029981,200
EP1236900,EP1236900,2002-09-04,F04B,US3125033|US4407330|US5215446|EP0610569|US5338164|WO1999020898,200
EP1233570,EP1233570,2002-08-21,H04L|H04W,US5825300,200
EP1236644,EP1236644,2002-09-04,B65B,US4078583|US4187890|ES1019546|ES1024044|US5911252,200
EP1237341,EP1237341,2002-09-04,H04L,EP0966135|EP1005203,200
EP1236824,EP1236824,2002-09-04,D06F,DE2325586|EP0390343|DE4334969|EP0984092,200
EP1238805,EP1238805,2002-09-11,B41J,EP0707965|EP0755791|US5818478|GB2353499,200
EP1233602,EP1233602,2002-08-21,H04L,,200
EP1243280,EP1243280,2002-09-25,A61M,,200
EP1243797,EP1243797,2002-09-25,F01D|F04D|Y10S,,200
EP1239116,EP1239116,2002-09-11,F01D|B23K|F05D|Y10T,,200
EP1239372,EP1239372,2002-09-11,G06F|H04L,,200
EP1237051,EP1237051,2002-09-04,G03G,,200
EP1244169,EP1244169,2002-09-25,H01M|H01B|Y02E|Y02P|Y10T,,200
EP1246377,EP1246377,2002-10-02,H04B,,200
EP1246464,EP1246464,2002-10-02,H04N|H04B,,200
EP1248463,EP1248463,2002-10-09,H04H|H04N,US6064980,200
EP1245202,EP1245202,2002-10-02,A61F,US6016810|WO1996039999|US6036723|WO1998033638|US5984955|EP0955019|US6099548,200
EP1247944,EP1247944,2002-10-09,F01D|F05D,GB926947|DE19615011,200
EP1253510,EP1253510,2002-10-30,G06F|H04M,,200
EP1241557,EP1241557,2002-09-18,G06F|G05G|A63F,US5311175|EP0984348|US5910802,200
EP1255118,EP1255118,2002-11-06,G01P,DE1055265|US3262316|US3612439|US5544526|EP0716307|EP1020717|US5811691,200
EP1256981,EP1256981,2002-11-13,H01R|B32B|C23C|H10W|Y10T,EP0373241|US5393573|US6110608|US6207035,200
EP1245442,EP1245442,2002-10-02,F02B|B60Q|B62J|B62K,,200
EP1255138,EP1255138,2002-11-06,G02B,US4852968|EP0789255|WO2000065387|WO2001011402,200
EP1257004,EP1257004,2002-11-13,C23C|C25D|B32B|H01R,US5438175|DE4317950|US5780172,200
EP1256726,EP1256726,2002-11-13,F04B|F04D|F04C|F05B,EP0315307|US5309379|EP0412795|EP0516534|US6208953,200
EP1257140,EP1257140,2002-11-13,H04W|H04B,US6069883|EP0887948|WO1999014975,200
EP1258861,EP1258861,2002-11-20,G10H,,200
EP1262930,EP1262930,2002-12-04,G07F|G06Q,,200
EP1258013,EP1258013,2002-11-20,H01B,,200
EP1266952,EP1266952,2002-12-18,C10M|C10N,US3798163|US5525247|EP0816477|US6140282,200
EP1260874,EP1260874,2002-11-27,G03G,EP0932083|US6042981,200
EP1265422,EP1265422,2002-12-11,H04M|H04B,,200
EP1258266,EP1258266,2002-11-20,A61M,DE3149449|US6102040|US6112746,200
EP1266993,EP1266993,2002-12-18,D06F,,200
EP1267275,EP1267275,2002-12-18,G06F|G06V|Y10S,,200
EP1266610,EP1266610,2002-12-18,A61B|G01B,,200
EP1271179,EP1271179,2003-01-02,G08G|G06T|G06V|G01S,,200
EP1273373,EP1273373,2003-01-08,B23B|Y10S|Y10T,US5988953|US5957631|US6071046|DE19834635|JP2000198011|EP1034864,200
EP1270406,EP1270406,2003-01-02,E05B|B64D|E05C|Y10S|Y10T,,200
EP1273815,EP1273815,2003-01-08,F16D|F01D|Y10T,,200
EP1271065,EP1271065,2003-01-02,F24F,,200
EP1275912,EP1275912,2003-01-15,F25B|C09K|F04B,,200
EP1267286,EP1267286,2002-12-18,G16Z|B60R|G06F|G06T|H01R,,200
EP1282044,EP1282044,2003-02-05,G06F|G06Q|G07F|H04L|H04W,,200
EP1288150,EP1288150,2003-03-05,B65H,EP0761583,200
EP1276251,EP1276251,2003-01-15,H04L|H04B,US5999800|US5982327,200
EP1282111,EP1282111,2003-02-05,G10C|G10H,,200
EP1273515,EP1273515,2003-01-08,B64D|Y02T,,200
EP1283132,EP1283132,2003-02-12,H04B,,200
EP1275913,EP1275913,2003-01-15,F25B|F24F|Y02A,JPH01247967A|JPH0743042A|JPH0960994A,200
EP1289174,EP1289174,2003-03-05,H04B,,200
EP1288626,EP1288626,2003-03-05,G01C|G09B,EP0767358|US6115611,200
EP1293296,EP1293296,2003-03-19,B24B,,200
EP1294159,EP1294159,2003-03-19,H04L,,200
EP1298285,EP1298285,2003-04-02,F01D|F05D|Y02T,,200
EP1301014,EP1301014,2003-04-09,H04M|G01K,JPS59203931A|EP0245838|DE29806392|CN1296353|DE29921515|JP2001223791,200
EP1291274,EP1291274,2003-03-12,B62J,JPH0365483A,200
EP1300208,EP1300208,2003-04-09,H02K|B22F|Y10T,,200
EP1291570,EP1291570,2003-03-12,F01N|F02M|F04B|F04D|F16L|G10K,US5979598|WO1998027321,200
EP1302668,EP1302668,2003-04-16,F25J|F04D,US5154571|US5402631|US5485719|EP0672877|EP0770782|US5901579|US6116027,200
EP1300486,EP1300486,2003-04-09,C25D|H05K,US3770598|US4104138|JPS5672196A|US4417956|US4469564|US4565608|JPS61272394A|US5433840|AU3792693|JPH11229176A|EP1001054|EP1091023|EP1111097,200
EP1292104,EP1292104,2003-03-12,H04N,JPH07193680A|JPH1169086A|US20010033398,200
EP1302333,EP1302333,2003-04-16,G09F|B42D|Y10S|Y10T,US3691140|US3857731|US4166152|US4786696|US5045569|US4994322|US4988567|US5618062,200
EP1303083,EP1303083,2003-04-16,H04L,,200
EP1304209,EP1304209,2003-04-23,H02P|B29C|Y02P,JPS57160380A|EP0488240|EP0773623|JPH0974781A|JPH10136675A|JP2002113737,200
EP1304849,EP1304849,2003-04-23,H04L,,200
EP1306061,EP1306061,2003-05-02,A61F,,200
EP1304261,EP1304261,2003-04-23,H01H|B60Q,,200
EP1304225,EP1304225,2003-04-23,B41J,JPS63303781A|JPH03270A,200
EP1308812,EP1308812,2003-05-07,G05D,,200
EP1314773,EP1314773,2003-05-28,C10M|C10N,US4842755|EP0646639|WO1996020265|EP1016706|EP1126010,200
EP1309132,EP1309132,2003-05-07,B60R|H04L,,200
EP1318470,EP1318470,2003-06-11,G06Q|G07B,US5687216|WO1996000485|US6278885,200
EP1312756,EP1312756,2003-05-21,F01D|F04D|Y02T,,200
EP1321021,EP1321021,2003-06-25,A01D,US4435949|EP0664945|WO1994010827|DE19838769|EP0981943,200
EP1318658,EP1318658,2003-06-11,H04N,,200
EP1312656,EP1312656,2003-05-21,C09J|C08G|C08L|Y10T,EP0903387|WO2002074875,200
EP1321144,EP1321144,2003-06-25,A61K|A61P,,200
EP1321667,EP1321667,2003-06-25,F02N|F02D,,200
EP1326054,EP1326054,2003-07-09,F24F,,200
EP1321753,EP1321753,2003-06-25,G01L|G06F,,200
EP1322046,EP1322046,2003-06-25,H04B,EP0780994|JPH09233004A|JP2001230707,200
EP1322094,EP1322094,2003-06-25,H04L,EP0817444|US5968121|WO2000057598,200
EP1329938,EP1329938,2003-07-23,H01J|H10P|G01R|G21K,,200
EP1329617,EP1329617,2003-07-23,F02C|F01D|Y02T,,200
EP1332980,EP1332980,2003-08-06,B65D|Y10T,GB958479|US4676535|FR2580161|EP0389831|DE3910243|US5193254|US5317787|GB2292769|US5619909,200
EP1331715,EP1331715,2003-07-30,H02H,US5365396|EP0769836|DE19901789,200
EP1333128,EP1333128,2003-08-06,B65D|E04B,DE7739252|DE8912003|DE4218354|DE9317046|EP0664257|EP0946394|EP0964110|US6083594|WO2001026868,200
EP1333118,EP1333118,2003-08-06,D06F,US2925081|GB888500|GB2280829|US6237374|US6029649|WO2002012613,200
EP1333270,EP1333270,2003-08-06,G05D|G01F|G01M|G01N|Y10T,US6200819|US5846831|US5968452,200
EP1333404,EP1333404,2003-08-06,G07B|G07C|G07F|G08G,,200
EP1333682,EP1333682,2003-08-06,H04N,EP1021042|EP1065877,200
EP1326055,EP1326055,2003-07-09,F24F|Y02B,,200
EP1333521,EP1333521,2003-08-06,H01M|Y02E|Y02P,,200
EP1335310,EP1335310,2003-08-13,G06Q|G07B,,200
EP1334819,EP1334819,2003-08-13,B29C|B23K,US5177340|DE4234342|US5886313|US5562788|US6451152,200
EP1338423,EP1338423,2003-08-27,B41J,,200
EP1335618,EP1335618,2003-08-13,H04B|H01Q|H04W|Y10S,,200
EP1338372,EP1338372,2003-08-27,B23Q|B23P,US3290766|JPS529184A|DE3507224|JPS63139625A|DE4111547|DE4230785|JPH07183693A|DE19842999|JP2000153417|DE19953281,200
EP1338425,EP1338425,2003-08-27,B41J,,200
EP1346883,EP1346883,2003-09-24,B60R|B60T,,200
EP1342618,EP1342618,2003-09-10,B60Q,,200
EP1341375,EP1341375,2003-09-03,G01T|H04N,US6198800,200
EP1354675,EP1354675,2003-10-22,B26B,US3611572|EP0566234,200
EP1347436,EP1347436,2003-09-24,G09G,,200
EP1351512,EP1351512,2003-10-08,G06F|H04N,,200
EP1354718,EP1354718,2003-10-22,B41J|B65C,US5614928,200
EP1357284,EP1357284,2003-10-29,F02M,,200
EP1355270,EP1355270,2003-10-22,H04N|G06T|G06F,,200
EP1348727,EP1348727,2003-10-01,C08G|B41M,JPS50151996A|JPS50151997A|GB1516511|GB1516351|JPS50158680A|US4394403|JPS5230899A|US5463084|EP1302499,200
EP1357594,EP1357594,2003-10-29,H10W,US5172214|DE19743537|EP0962975|DE10003671|JP2000307017|US6215176|US20010048156,200
EP1357331,EP1357331,2003-10-29,F21S|F21V|F21Y,,200
EP1358904,EP1358904,2003-11-05,A61M,,200
EP1361527,EP1361527,2003-11-12,H04L|G06F|G06Q|G07F|H04M,US5892904|DE19911221|WO2000059225|GB2365561|US20020026578,200
EP1335166,EP1335166,2003-08-13,F24F,JP2000266390,200
EP1347644,EP1347644,2003-09-24,H04H|H04J|H04N|H03H,,200
EP1361723,EP1361723,2003-11-12,H04L,,200
EP1362809,EP1362809,2003-11-19,B65G|B05B|Y02P,FR1246688|US4226325|GB2334012|EP1059249|EP1136399,200
EP1362783,EP1362783,2003-11-19,B62M,US4490127|US5728017|US5261858,200
EP1367717,EP1367717,2003-12-03,H10D|H03K|H10P|H10W,US5818099|EP0903855,200
EP1372092,EP1372092,2003-12-17,G06Q|A47F,EP0636993|WO2001045029|DE10031965|US20020045959,200
EP1371326,EP1371326,2003-12-17,A61B|G01G,JPH07171120A|EP1075858|EP1132046|EP1192903,200
EP1369518,EP1369518,2003-12-10,D04H|B32B|D01D|D01F|Y10T,,200
EP1357476,EP1357476,2003-10-29,G06F,EP0981091|US20010050915,200
EP1369585,EP1369585,2003-12-10,F04B,JPH08506874A|JPH08312537A|JPH10220357A,200
EP1371339,EP1371339,2003-12-17,A61M|A61B|A61N,US5487385,200
EP1369098,EP1369098,2003-12-10,A61F,US6395017|US6315792|FR2779939|WO2001017458,200
EP1374760,EP1374760,2004-01-02,A61B,,200
EP1375717,EP1375717,2004-01-02,D04B,US2103133|US3098369|FR1334071|GB1082223|US3940917|EP0677604,200
EP1372350,EP1372350,2003-12-17,H04W|H04B,EP0845877|US20010034233,200
EP1375380,EP1375380,2004-01-02,B65B|B65D,US4610357|DE8907826|DE3933572|EP0447636|US6026953|EP1035032|WO2001098172,200
EP1377123,EP1377123,2004-01-02,G10L|H04S,US5636324|US5812969,200
EP1372238,EP1372238,2003-12-17,H02J|Y02B|Y04S,US4247786|US5544036|WO2002027687,200
EP1374793,EP1374793,2004-01-02,A61B,US5645065|US5325873|US5373317|US5636644|US5868673|US6332089|US5928137|US6028818|US6053873|US6239724|WO1999051143|US6387043|WO2002039917|DE10003338|EP1034738|US6206835|WO2001041632|EP1321097|EP1325708,200
EP1382239,EP1382239,2004-01-21,A01F,US5311729|US5181368|US6247291|US6272816,200
EP1382421,EP1382421,2004-01-21,B25F,US2979089|JPH09314481A,200
EP1382456,EP1382456,2004-01-21,B41J|B65C,EP0899113|JPH11311945A|JP2000048139|EP1052177|EP1193284,200
EP1376207,EP1376207,2004-01-02,H04M|G02F|G09F,EP0933663|JP2001318374|JP2002122860|WO2003079318,200
EP1376828,EP1376828,2004-01-02,H02K,US4117707|US6166461|EP0945962|US6177747|EP1005137|EP1107427|EP1128527|EP1179880,200
EP1384659,EP1384659,2004-01-28,B62M|B62J,US4371302|US5254044|EP0899188|US6204752|EP1188661,200
EP1384678,EP1384678,2004-01-28,B65D,FR1301363|US3942654|DE3810089|DE9218320|EP0664257|JPH11189242A|EP1338526,200
EP1383224,EP1383224,2004-01-21,H02J|B60K|B60L|B60W|E02F|B60Y|Y02T,,200
EP1383080,EP1383080,2004-01-21,G06T,US5392391|WO1999052093|US20020003541|US20020033817|EP1182618,200
EP1385119,EP1385119,2004-01-28,G06K,,200
EP1384507,EP1384507,2004-01-28,B01D|F01N|Y10S|Y10T,,200
EP1386994,EP1386994,2004-02-04,D06F,JPH03191998A|JPH04114695A|DE19515040|EP0953807|JP2001269498|DE10053413,200
EP1391963,EP1391963,2004-02-25,H01P,US4613838|EP0399770|EP1164655|EP1174944,200
EP1388862,EP1388862,2004-02-11,H04N|G11B,US20010026675|WO1999062251|WO2001015167|WO2001082607|EP1255406|WO2002019690,200
EP1384893,EP1384893,2004-01-28,F04C|H02K,,200
EP1391962,EP1391962,2004-02-25,G01R|B60L|H01M|Y02E|Y02T,,200
EP1391845,EP1391845,2004-02-25,G06T,,200
EP1391721,EP1391721,2004-02-25,G01N,US4064534|US4760444|US5058497|US5700337|JP2001012930|US6873502,200
EP1393701,EP1393701,2004-03-03,A61F,US5743994|WO2000004855|WO2001044086|JP2001224627|US20020103468,200
EP1394720,EP1394720,2004-03-03,G06K|H04B,,200
EP1396338,EP1396338,2004-03-10,B41C|B41M,GB1084070|EP0537633|EP0659909|DE4417907|DE4423140|WO1997039894|EP0823327|EP0978376|US20020006575|EP1147885|EP1223196,200
EP1394802,EP1394802,2004-03-03,G11B,,200
EP1398184,EP1398184,2004-03-17,B60C,US5226465|EP1177920,200
EP1396689,EP1396689,2004-03-10,F25B,,200
EP1396772,EP1396772,2004-03-10,G05B,,200
EP1396756,EP1396756,2004-03-10,G03F|B41N|C25F|B41C,,200
EP1391950,EP1391950,2004-02-25,H01M|C01G|C01P|Y02E,,200
EP1400996,EP1400996,2004-03-24,H01G|Y02E,,200
EP1401050,EP1401050,2004-03-24,H01Q,US5262792|EP0892459|WO2001089031|WO2002019671,200
EP1403415,EP1403415,2004-03-31,D06F,,200
EP1404013,EP1404013,2004-03-31,H03H|H02M,JPH07170752A|US5739732|DE10019696|EP1220432,200
EP1403411,EP1403411,2004-03-31,D04B|D10B,,200
EP1403937,EP1403937,2004-03-31,G02F|G02B|H10H,,200
EP1396762,EP1396762,2004-03-10,G03G,US5935751|JP2002006541|EP1186960|JP2002169336,200
EP1404026,EP1404026,2004-03-31,G11B|H04W|Y02D,JPH0774663A|DE20208462,200
EP1406088,EP1406088,2004-04-07,G01N|Y02A,,200
EP1406197,EP1406197,2004-04-07,A61B|G16H,,200
EP1408659,EP1408659,2004-04-14,H04L|H04W,US4771424|US5381403|EP0753952|US20020027887,200
EP1406240,EP1406240,2004-04-07,G09G|G02F|G06F,,200
EP1408292,EP1408292,2004-04-14,F24H,DE19912284|DE10044873,200
EP1411756,EP1411756,2004-04-21,H05K,,200
EP1413642,EP1413642,2004-04-28,B22D|B22F|C23C|Y10T,US2944338|US4370789|DE3832094|GB2264719|US5875830|US5940674|US6447704|EP1285975,200
EP1414199,EP1414199,2004-04-28,H04L,US5381403|EP0753952|US6442615|US20020027887,200
EP1418481,EP1418481,2004-05-12,G05B,US5566092|WO1997041494|US6181975|EP1114991,200
EP1414002,EP1414002,2004-04-28,G08G|B60R|E02F,,200
EP1416320,EP1416320,2004-05-06,G03B|A61B|Y10S,,200
EP1420318,EP1420318,2004-05-19,G05B,,200
EP1406472,EP1406472,2004-04-07,H05B|B32B|C04B|C23C|H10P,,200
EP1420418,EP1420418,2004-05-19,H01F,US4888068|EP0344542,200
EP1420593,EP1420593,2004-05-19,H04N|H04W|Y02D,EP0901246|WO1999035771,200
EP1411626,EP1411626,2004-04-21,H02P,,200
EP1420153,EP1420153,2004-05-19,G05B|F02C|F05D,,200
EP1418628,EP1418628,2004-05-12,H10H|F21K|F21V|H10W,,200
EP1422439,EP1422439,2004-05-26,A44B|B64C|F16B|F16F|A41D|A44D|C08L|Y10T,EP0673709|US5547049|US5497861|JPH08260748A|US6029783|DE19956011|US20020076520,200
EP1424264,EP1424264,2004-06-02,B62D|G01D|G01L,JPH05264292A,200
EP1424417,EP1424417,2004-06-02,D04B,,200
EP1426480,EP1426480,2004-06-09,D06F|Y02B,,200
EP1424210,EP1424210,2004-06-02,G03F|B41C|C08K|B41M|B41N|Y10S,,200
EP1428854,EP1428854,2004-06-16,C08F|C08L,WO1998039385|US6242525|EP0969043|DE19983451|EP1211289|WO2003040233,200
EP1422601,EP1422601,2004-05-26,G06F|G02F,,200
EP1426398,EP1426398,2004-06-09,A61K|A61Q|C08G|C08J|C08L,EP0490402|US5302659|EP1116813|US6482969|WO2003035765,200
EP1428866,EP1428866,2004-06-16,C10M|C10N,,200
EP1429059,EP1429059,2004-06-16,F16J|F16L|F01N,,200
EP1431899,EP1431899,2004-06-23,B63J|G06Q|G05B,,200
EP1433930,EP1433930,2004-06-30,F01M,JPS6047821A|US5261237|US5381834|DE19548542|DE19636841,200
EP1434398,EP1434398,2004-06-30,H04L|H04W,US20020046287|WO2001097549,200
EP1434442,EP1434442,2004-06-30,H04N,,200
EP1437576,EP1437576,2004-07-14,G04G|A61B|G01D,,200
EP1435489,EP1435489,2004-07-07,F23R|F23M|Y02T|Y10T,US5355668,200
EP1439475,EP1439475,2004-07-21,G06F,,200
EP1439636,EP1439636,2004-07-21,H03M,US6038435|US6259391,200
EP1439487,EP1439487,2004-07-21,G06K|H01Q,,200
EP1435507,EP1435507,2004-07-07,G06T|G01C|Y10S,,200
EP1433891,EP1433891,2004-06-30,D06F,US20020014095,200
EP1441055,EP1441055,2004-07-28,H02P|D06F,GB1169059|US3872694|JP2000014974|WO2001090472|US20020050011,200
EP1441130,EP1441130,2004-07-28,F04D,,200
EP1439495,EP1439495,2004-07-21,G07B|G07C,US5569897|EP0823694|GB2317790|EP0980052|US6493550|EP1065637|EP1150228,200
EP1443686,EP1443686,2004-08-04,H04R|H04B,EP0613320|JPH06140158A|US5819167|JP2003152461,200
EP1443716,EP1443716,2004-08-04,H04L,WO2001086864|US20020133756|US20020172149,200
EP1421913,EP1421913,2004-05-26,A61B|A61M,US5377678|US5769843|US6447504|US20010036245|US6470207|WO2001087136,200
EP1442762,EP1442762,2004-08-04,B29C|A61M|B29K|B29L,,200
EP1440673,EP1440673,2004-07-28,A61F,WO1996018361|WO1997012563|WO1998053761|EP1097728|EP1212989|US20030233140,200
EP1447042,EP1447042,2004-08-18,A47L,US5076306|US5337500|DE19946456,200
EP1445928,EP1445928,2004-08-11,H04M|B66D|H04W,,200
EP1445424,EP1445424,2004-08-11,F01D|F05D|Y02T,,200
EP1447046,EP1447046,2004-08-18,A61B|G01N|G21K,EP0799600,200
EP1449510,EP1449510,2004-08-25,A61K|A61Q,,200
EP1447616,EP1447616,2004-08-18,B60Q|A61B|F21S|H04B|H10W|F21Y,US20010019486|JP2003031007|JP2003031011,200
EP1447742,EP1447742,2004-08-18,G06F,EP1028370|WO2002086699,200
EP1450569,EP1450569,2004-08-25,H04Q|H04M,,200
EP1452135,EP1452135,2004-09-01,A61B|G16H,,200
EP1444948,EP1444948,2004-08-11,A61B,US4258719|DE3150925|EP0102816|US5285784|US5431170|JPH05241731A|US5308919|EP0729726|US5524617,200
EP1449668,EP1449668,2004-08-25,B41J,US6340155|EP1120266|EP1223042,200
EP1453281,EP1453281,2004-09-01,G02F|H04M,EP0638832|US5479285|US5838401|US6025644|US20010019377|WO2003075079,200
EP1452844,EP1452844,2004-09-01,B81C|G01L|B81B,US4849071|US4945769|US5470797|US5616514|US5445991|US6521508,200
EP1452419,EP1452419,2004-09-01,B62D|F16C|F16H,,200
EP1452908,EP1452908,2004-09-01,G03B|G02B,,200
EP1455380,EP1455380,2004-09-08,H01J,JPS551016A|JPS5533719A|US5189341|EP0541394|US5969467,200
EP1454710,EP1454710,2004-09-08,B23Q|B23D|B24B|B25F,US2517910|US2604795|US3901098|US5020281|US6352127|EP1129825,200
EP1455264,EP1455264,2004-09-08,B26D|G06F|G02F,,200
EP1457415,EP1457415,2004-09-15,B62M,JP2001010581,200
EP1457661,EP1457661,2004-09-15,F02M|Y10T,JPH06112728A|JP2001012319,200
EP1457497,EP1457497,2004-09-15,C07K|A61K|A61L|A61P,WO1999023111|EP1161958,200
EP1457740,EP1457740,2004-09-15,F24C,US3911893|DE3209541|US4886046|EP0633433|EP0889672|DE19949724|EP1156282|DE10128370,200
EP1457946,EP1457946,2004-09-15,G01S|G01C|G08G,DE4432208|US5995023|WO2001001370|US20020128775|EP1136838,200
EP1453360,EP1453360,2004-09-01,H05B|B29C,US4123305|CA1110961,200
EP1463320,EP1463320,2004-09-29,H04N|A45D,EP1081885|JP2000312221|US6804259|US20010015986|WO2002041625,200
EP1460015,EP1460015,2004-09-22,D01H|B65H,DE2553892|US4274604|US4553709|DE3415447,200
EP1461999,EP1461999,2004-09-29,E01F|A01K|G09F,,200
EP1457447,EP1457447,2004-09-15,D01H|B65H,,200
EP1460126,EP1460126,2004-09-22,B25J|A61L|B08B|C12M|G01N,,200
EP1467015,EP1467015,2004-10-13,D06F,DE3212527|DE9113852|DE9419048|EP1233100,200
EP1469173,EP1469173,2004-10-20,F01N|Y02T,US5201802|US5511413|US5447696|DE4408826|US6446430|US6464744|DE10062956|WO2003025357,200
EP1471138,EP1471138,2004-10-27,A61L|C12M,WO1991001365|US5525512|JPH06193323A|US5421626|JPH10216207A|US5863498|WO2001091810|US20030232429|US20040002415,200
EP1464825,EP1464825,2004-10-06,F02M|F02B|F02D|Y02T,JPH0261341A|US5307771|JPH06159072A|JPH0821265A|EP1081369|JP2001073810,200
EP1467582,EP1467582,2004-10-13,H04W|H04B,EP1030477|WO2002039758|US20030003951,200
EP1479988,EP1479988,2004-11-24,G06K|F25D|F25B,EP0911710,200
EP1477320,EP1477320,2004-11-17,B41M|C09B|C09D|C09K,US4720301,200
EP1484011,EP1484011,2004-12-08,A61B,,200
EP1475701,EP1475701,2004-11-10,B27B|G06F|E02F,,200
EP1486165,EP1486165,2004-12-15,A61B,EP0316800|US5410473|US5956013|JPH06319711A|US20020042579,200
EP1480483,EP1480483,2004-11-24,H04W|H04L|G01S,,200
EP1484016,EP1484016,2004-12-08,A61B,US5712890|WO2000036820|EP1092391|US20020118793,200
EP1486605,EP1486605,2004-12-15,D06F|Y02B,US4103433|DE2914859|GB2059035|DE3134506|EP1164217|DE20101641,200
EP1484022,EP1484022,2004-12-08,A61F|A61B,,200
EP1486158,EP1486158,2004-12-15,A47L|B05B,DE1503901|DE1920575|DE2534261|DE19544985,200
EP1488739,EP1488739,2004-12-22,A61B|G06T|G09G,,200
EP1489249,EP1489249,2004-12-22,E04H,,200
EP1491300,EP1491300,2004-12-29,B25J|Y10T,US6477913|JPS6388070A|JPH081574A,200
EP1472929,EP1472929,2004-11-03,A01K|B65B|B65G,US4634074|US4832279|US5279477|US5855328|EP1329157,200
EP1489132,EP1489132,2004-12-22,B32B|C08J|Y10T,,200
EP1492364,EP1492364,2004-12-29,H04W,WO1994015431|EP0630167|US6198919|US6295291,200
EP1492176,EP1492176,2004-12-29,H01M|Y02E|Y02P,,200
EP1496672,EP1496672,2005-01-12,H04B|G06K|H04M,,200
EP1492333,EP1492333,2004-12-29,A61B|H04N,EP0603709|JP2002191586|JP2002369084|US20030086523,200
EP1493785,EP1493785,2005-01-05,C09D,EP0354293|EP0704503|EP1243623,200
EP1499114,EP1499114,2005-01-19,H04N|G06T,,200
EP1498181,EP1498181,2005-01-19,B01D|B01J|Y02T,JPS61245850A|US5439865|JP2001205109|EP1175935,200
EP1495872,EP1495872,2005-01-12,B41J,JPH0375286B2,200
EP1498999,EP1498999,2005-01-19,H01M|A47L|H02J|Y02E,,200
EP1501034,EP1501034,2005-01-26,G06Q|Y10S,US20020008621|US20020038267|GB2375407|US6550674,200
EP1498152,EP1498152,2005-01-19,A61M,EP0803266|US5951496|WO2002005886,200
EP1500811,EP1500811,2005-01-26,F02M|F04B,GB1358473|US4649884|US5794594|JP2000193186|EP1431570,200
EP1501016,EP1501016,2005-01-26,G06F|H04N|H04L,,200
EP1501038,EP1501038,2005-01-26,G06K|H04N|H04M,US5619192|EP0820178|WO2000073742|US20020078363,200
EP1502982,EP1502982,2005-02-02,D06F,EP1306479,200
EP1502541,EP1502541,2005-02-02,A61B,,200
EP1503381,EP1503381,2005-02-02,G11B,US6211869|US6535686|JPH1166816A,200
EP1505550,EP1505550,2005-02-09,B06B|G08B,JPH10322424A|JP2003211086,200
EP1505687,EP1505687,2005-02-09,H01P,US4639699|GB2188789|EP1148574|JP2002094308|US20030058067,200
EP1507416,EP1507416,2005-02-16,H04N,US6539060|AU717480,200
EP1510693,EP1510693,2005-03-02,F25B|F04B|F24F,,200
EP1508426,EP1508426,2005-02-23,C08L|B29B|B29C|B65D|C08J|C08K|B29K|Y10T,JPH1067898A|EP1090953|EP1108744|WO2002053639|CA2472783|WO2003068847,200
EP1512841,EP1512841,2005-03-09,F01D,,200
EP1510804,EP1510804,2005-03-02,G01M|F02M|F02D,US20020157653|US20020157456,200
EP1510299,EP1510299,2005-03-02,B25B|B25F,,200
EP1508275,EP1508275,2005-02-23,A01K,JPH11137133A|JP2003274816,200
EP1510986,EP1510986,2005-03-02,G01W|G08B,JPS55147379A|US4690553|JPH02173536A|US5762447|WO1997027470,200
EP1504721,EP1504721,2005-02-09,A61B,,200
EP1509056,EP1509056,2005-02-23,H04W|H04J,WO2001005182|EP1326462,200
EP1513136,EP1513136,2005-03-09,G10L|H04Q,WO2000039789|DE10111121|FR2823361|US20020152300,200
EP1516756,EP1516756,2005-03-23,B60H|F04D,FR2606562|US5449153|DE19712228|DE19746185|DE10131590,200
EP1518969,EP1518969,2005-03-30,E03F,CH272194|DE842779|FR1550526|US3593347|US3651826|JPH1018382A,200
EP1519010,EP1519010,2005-03-30,F16J|F01D,JPS5877973A|EP0657625|EP1033477|GB2356022|EP1245876,200
EP1517200,EP1517200,2005-03-23,G05B,DE3633953|EP0621521|US20030051203,200
EP1521161,EP1521161,2005-04-06,G06F|H04L,,200
EP1518935,EP1518935,2005-03-30,C12Q,EP1138784,200
EP1519254,EP1519254,2005-03-30,G06Q|G05B,US6032203|US20020082745|WO2001059669|US20030158795,200
EP1522911,EP1522911,2005-04-13,B25J|G05B|Y02P,,200
EP1524190,EP1524190,2005-04-20,B64D|F02K|Y02T,,200
EP1524359,EP1524359,2005-04-20,D06F|E05C|E05B,EP0484225|GB2269445,200
EP1522749,EP1522749,2005-04-13,F16C|B23Q|H02K,,200
EP1526069,EP1526069,2005-04-27,B62K|B62M,JPH05338581A|US5358451,200
EP1523009,EP1523009,2005-04-13,G06F|G11B,WO2001014948|US20020147728|EP1326244,200
EP1526023,EP1526023,2005-04-27,B60W|B60K|B60L|Y02T,,200
EP1526210,EP1526210,2005-04-27,D06F,,200
EP1526735,EP1526735,2005-04-27,H04N,US5594492|US6157673|US20030007095,200
EP1526169,EP1526169,2005-04-27,C10M|C10N,,200
EP1526251,EP1526251,2005-04-27,F01D|F05D|Y02T,EP0542403|US5399065|EP0768448|WO1999036675|EP0864728|EP0930419|EP1136652|EP1489265,200
EP1526627,EP1526627,2005-04-27,B60L|B60K|B60W|H02J|Y02T,JPH07255133A|EP0841208|US5965991|US6232744|US20020157882,200
EP1527893,EP1527893,2005-05-04,B41J,US6074056|US6357869,200
EP1526673,EP1526673,2005-04-27,H04L,,200
EP1530078,EP1530078,2005-05-11,G03B,US3527519|US3779630|US5030594|US20030114291|US20030012964|US6466368|US6502942|EP1288708|US20030148114|US6610622,200
EP1526756,EP1526756,2005-04-27,H04N|H04R,JPH05227531A|JPH09116792A|JP2000152049|JP2000209689,200
EP1528747,EP1528747,2005-05-04,H04W|H04L,,200
EP1530282,EP1530282,2005-05-11,H02M|Y02B,US4935857|US5999433|US20030043599,200
EP1530328,EP1530328,2005-05-11,H04L,US5812527|US6636510|US20020012585|US20030128703,200
EP1529713,EP1529713,2005-05-11,B62D,JPH10512826A,200
EP1530216,EP1530216,2005-05-11,H04N|G11B,US20020076202,200
EP1531369,EP1531369,2005-05-18,G03G,US5473418|US6226483,200
EP1531243,EP1531243,2005-05-18,F02C|F23N|F05D,,200
EP1534010,EP1534010,2005-05-25,H04N|H04W,KR20010092015|US20030088619,200
EP1533624,EP1533624,2005-05-25,G01R|H04B,US6236371|US20040137870|EP1296149,200
EP1530385,EP1530385,2005-05-11,H04W,,200
EP1531623,EP1531623,2005-05-18,H04N,,200
EP1536394,EP1536394,2005-06-01,G08G|G01C,,200
EP1538319,EP1538319,2005-06-08,G05B|F02C|F05D,US4215412|EP0315307,200
EP1533577,EP1533577,2005-05-25,F24F,JPH0213752A|JPH11304228A|JP2000018692|US20030000692|JP2002340391,200
EP1541303,EP1541303,2005-06-15,B29C|B26D|B26F|B32B|B29L|B65D|Y10T,,200
EP1542008,EP1542008,2005-06-15,G01N,,200
EP1542409,EP1542409,2005-06-15,H04W|H04L,EP1024628|US6604140|US6640097|US20030179742|US20030032409|EP1253539|US20020187750|US20030070070|US20030066090|EP1324217,200
EP1541010,EP1541010,2005-06-15,A01G|Y10S|Y10T,US5778649|US6108867|US20030101600|EP1504659,200
EP1543853,EP1543853,2005-06-22,A61M,,200
EP1544175,EP1544175,2005-06-22,G02B|C03B,JPS55100233A|DE19958289|US20020144521,200
EP1548372,EP1548372,2005-06-29,F24F,,200
EP1536087,EP1536087,2005-06-01,E05B|G07C|G08B|H04L,,200
EP1548409,EP1548409,2005-06-29,G01D|G01R,DE19753682|WO2001031351|WO2003071230,200
EP1545040,EP1545040,2005-06-22,H04L|H04W,US6018516|EP1286491|WO2003021903|WO2003096567|WO2003096617,200
EP1549021,EP1549021,2005-06-29,G06F|G06Q|G07F|H04L,US5838812|EP0957651|EP1237091,200
EP1541311,EP1541311,2005-06-15,C03B|B28D|B65G|Y10T,,200
EP1551119,EP1551119,2005-07-06,H04H,US20020156547,200
EP1553460,EP1553460,2005-07-13,G03G,,200
EP1553033,EP1553033,2005-07-13,B41J|B65H,,200
EP1555165,EP1555165,2005-07-20,B60R,US5890084|EP0934855|US20030093201|US20020075140,200
EP1555684,EP1555684,2005-07-20,H01H,FR2828761|JP2003054290|JP2004010251,200
EP1555128,EP1555128,2005-07-20,B41J,,200
EP1543798,EP1543798,2005-06-22,A61F,US3929992|US5229172|US5308641|US5350800|US5415938|US5837313|US6099562|US6153252,200
EP1557357,EP1557357,2005-07-27,F02C|B64D|F05D|Y02T,,200
EP1555391,EP1555391,2005-07-20,C04B|B32B|F01D|F05D|Y02T,US3752600|US4376004|US5015540|US5330854|US5336350|US6024898|US6258737|US6280550|US20030196305,200
EP1562257,EP1562257,2005-08-10,H04B|H01Q|H04W,EP0452970|US5949369|EP0886425|US6278405|WO2000064006|EP1124391|US20020147032|US6529161|US20030236096,200
EP1566431,EP1566431,2005-08-24,C11D,US3920586|US4279764|WO1994018297|EP0783036|EP0875551|US5895781|US6162371,200
EP1562259,EP1562259,2005-08-10,H01Q,JP2001274719|US20020037739|DE10110982|EP1271688|US20030050094,200
EP1557968,EP1557968,2005-07-27,H04L,US20020053058|US20020191544|US20020168945,200
EP1564957,EP1564957,2005-08-17,H04L|G06F|H04W,EP1004992|WO2002067173|EP1262859|EP1361527,200
EP1564691,EP1564691,2005-08-17,G07C|B60R,,200
EP1568323,EP1568323,2005-08-31,A61B,US5833613|JPH11155858A|US6245019|US20020165455|EP1314398|US20030229285,200
EP1566728,EP1566728,2005-08-24,G06F|Y10T,,200
EP1569126,EP1569126,2005-08-31,G06F,US5912569|US20020190755,200
EP1550410,EP1550410,2005-07-06,A61B,,200
EP1568834,EP1568834,2005-08-31,B60R|G07C,,200
EP1569492,EP1569492,2005-08-31,H04W|H04L|Y02D,,200
EP1570718,EP1570718,2005-09-07,A01D,FR2650937|US5570571|US20030029151|EP1297737,200
EP1571334,EP1571334,2005-09-07,F03D|F16C|F05B|Y02E,DE3725972|DE19629168|EP0945613|DE10012773,200
EP1569164,EP1569164,2005-08-31,G06K,US5847372|WO1998029830|EP0945828,200
EP1569494,EP1569494,2005-08-31,H04J,,200
EP1571434,EP1571434,2005-09-07,G01L|Y10T,,200
EP1572526,EP1572526,2005-09-14,B62D|B60G|B62K,,200
EP1577101,EP1577101,2005-09-21,B41J|B41M|C14B|D06B|D06P,,200
EP1571509,EP1571509,2005-09-07,G05B,US6056781|US6208914|US6526358|EP1298053|WO2003065135,200
EP1569445,EP1569445,2005-08-31,A47L|H04N,US6243142|WO2000040016|JP2001169197|WO2001067752|US20020035727|EP1199887,200
EP1577180,EP1577180,2005-09-21,B60R|G08G|G08B|B60W,,200
EP1577632,EP1577632,2005-09-21,F28F|B01J|F28D,US4899813|JPS60238492A|EP0965410|WO2002099352|WO2003095060,200
EP1577200,EP1577200,2005-09-21,B62J|B62K,US4506754|US5007675|US5997088|US6224081|EP1205379,200
EP1577860,EP1577860,2005-09-21,G09F|Y10S|Y10T,,200
EP1577780,EP1577780,2005-09-21,G06F|G07F|G06K|G06Q|G11C,,200
EP1577656,EP1577656,2005-09-21,G01L,US4993143|DE4227893|DE10114036|DE10131249|EP1324382,200
EP1577926,EP1577926,2005-09-21,H01J,US4524278|US4982099|EP0213664|WO2000041208|EP1150327|EP1197985|EP1463087,200
EP1578153,EP1578153,2005-09-21,H04M|H04W,WO2001022755|DE10004847|US20030144003,200
EP1580245,EP1580245,2005-09-28,C09J|C08L|Y10T,US5183841|US20020132111,200
EP1584852,EP1584852,2005-10-12,C08F|F16L|Y10T,EP0517868|WO2000001765|WO2000022040|WO2001002480|EP1192216|EP1146079|WO2003102075,200
EP1580940,EP1580940,2005-09-28,H04L,US20030174653,200
EP1583317,EP1583317,2005-10-05,H04B|A63F|G06F|H04L,US6529119|US6684062|US20020159434,200
EP1583228,EP1583228,2005-10-05,H03F,,200
EP1582950,EP1582950,2005-10-05,H04L|G06F|G05B,,200
EP1586903,EP1586903,2005-10-19,G01N,EP0515099|US20040002125,200
EP1588908,EP1588908,2005-10-26,B60R|B60N,US3874474|US4885566|US20040069075|US20040066287,200
EP1589292,EP1589292,2005-10-26,F24F,JPH08100942A|EP0789196|EP1041351|EP0926451|EP1139033|EP1152193,200
EP1589329,EP1589329,2005-10-26,G01L,,200
EP1587332,EP1587332,2005-10-19,H04W|F01N|H04L|B60Y,WO2000030374|EP1111944|WO2001097539,200
EP1589702,EP1589702,2005-10-26,H04W|Y02D,,200
EP1593767,EP1593767,2005-11-09,D06F,,200
EP1591736,EP1591736,2005-11-02,F25D|F25B|Y02B,US4406133|JPS58120035A|EP0142663|JPS6217551A|JPS62213637A|EP0299361|EP0364238|EP0505315|DE4243634|US5319943|US6318095,200
EP1592285,EP1592285,2005-11-02,H05B,US4356371|US4599504|US4757177|US4764652,200
EP1596291,EP1596291,2005-11-16,G06F,US6173246,200
EP1602824,EP1602824,2005-12-07,F02M,EP0404345|US5203538|US6311950|US20040004139|WO2002038948|US6431472,200
EP1589295,EP1589295,2005-10-26,F24F,,200
EP1598439,EP1598439,2005-11-23,C23C|Y02T|Y10T,,200
EP1602499,EP1602499,2005-12-07,B41J,,200
EP1598960,EP1598960,2005-11-23,H04B,US6507431,200
EP1580910,EP1580910,2005-09-28,H04H|H04L|H04R,,200
EP1607507,EP1607507,2005-12-21,D06F,DE1460888|GB1110375|GB2029862|GB2260770|WO2004055253,200
EP1594209,EP1594209,2005-11-09,H02J|B25F|H01M|Y02E|Y10S,EP0588613|EP0691731|US5945803|WO2005038952,200
EP1607847,EP1607847,2005-12-21,G06F,EP0684542|US6121960,200
EP1607739,EP1607739,2005-12-21,G01N,US4822566|US4728882|US4935207|US4926156|US4854725|GB2256489|US5512882|US5767687|EP0911628|US6249130|US20030094045,200
EP1609885,EP1609885,2005-12-28,C23C|Y02T|Y10T,US6465090|EP1088908|US6428630|EP1484427|EP1505176,200
EP1610025,EP1610025,2005-12-28,F16D,US4200173|FR2538483|US5343985|EP0752541|EP0906856|US6435319|US6357559|EP1085229|US20030183460,200
EP1612631,EP1612631,2006-01-04,G05D,US6300737|WO2003065140,200
EP1608194,EP1608194,2005-12-21,H04W|H04L,US6463071|US20020085531|US20020122400,200
EP1612486,EP1612486,2006-01-04,F23Q|H05B,JPS62233619A|JPH0275189A|JPH0275188A|JPH09184627A|JP2002364842|JP2003056848|JP2003229236|JP2004191027|JP2004191025,200
EP1612926,EP1612926,2006-01-04,H02P,US4884016|EP0831580|US6329782,200
EP1612859,EP1612859,2006-01-04,H05K|H10W|H10P,EP1376686,200
EP1609604,EP1609604,2005-12-28,B41J,EP0715959|EP0622234,200
EP1615161,EP1615161,2006-01-11,G06F|G06K,,200
EP1613040,EP1613040,2006-01-04,H04W|H04M|Y02D,US20020025839|JP2001352579|JP2001358827|WO2003009620,200
EP1618781,EP1618781,2006-01-25,A01G,EP0981950|US20030140556|USPP14423P3|WO2004006650,200
EP1617367,EP1617367,2006-01-18,G06Q,US5596502|US5963910|US6351734|WO2000030000|WO2002026014|EP1271380|EP1280088,200
EP1613052,EP1613052,2006-01-04,H04N,JP2003173109,200
EP1615446,EP1615446,2006-01-11,H04N|G06T,,200
EP1605028,EP1605028,2005-12-14,H10H|C09K|H10W,,200
EP1617630,EP1617630,2006-01-18,H04M|G06F,EP0472361|US20030078069|EP1411707|US20040130658|EP1427174,200
EP1619083,EP1619083,2006-01-25,B60R|B60W,US20020014767|DE10015267|US20030149530|DE10234593,200
EP1619456,EP1619456,2006-01-25,F25D|F25B,JPH05118732A|US20040130442|DE19743073|US6550261|WO2003031891|US6739146,200
EP1619112,EP1619112,2006-01-25,B62K|F02M,DE571538|GB1179402|GB2145204|DE8903315|JPH04262982A|JPH04292279A|JPH05139364A|JPH06117338A|JPH07324656A|EP0707141|JPH08175452A|FR2748702|JPH10205400A|DE19754099|JP2001063665|US6182613|JP2003182675,200
EP1619030,EP1619030,2006-01-25,B41J,JP2001260390|JP2004215332,200
EP1616543,EP1616543,2006-01-18,A61F|F28F|A61B|F28D,,200
EP1615109,EP1615109,2006-01-11,G06F|G06V,US6266061|US20010012001,200
EP1621833,EP1621833,2006-02-01,E05F|E05B|F25D|E05Y|Y10S|Y10T,,200
EP1621454,EP1621454,2006-02-01,B62J,,200
EP1619917,EP1619917,2006-01-25,H04W|H04L,,200
EP1621752,EP1621752,2006-02-01,F02K|B64D|F02C|F05D|Y02T|Y10T,EP0572725|US5776579|GB2391059,200
EP1624137,EP1624137,2006-02-08,F03D|E04H|E02B|F05B|Y02B|Y02E,FR2586737|US5633057|EP0960986|DE19832921|US6409433,200
EP1619933,EP1619933,2006-01-25,H05B,,200
EP1624446,EP1624446,2006-02-08,G11B|G06F,,200
EP1627746,EP1627746,2006-02-22,B41J,,200
EP1624682,EP1624682,2006-02-08,H04N,EP0271664|US5956455|WO1997049237|EP1058454|EP1292137|US20030200545,200
EP1626605,EP1626605,2006-02-15,H04W,US6334052|WO1999022540|WO2004040931,200
EP1628094,EP1628094,2006-02-22,F02C|F25B|Y02E|Y02P,JPS5759037A|JPS57164239A|JPS57164240A|JPS63290365A|JPH02290475A|JP2001330341|JP2001280740,200
EP1628321,EP1628321,2006-02-22,H01J,JPH04104445A|JPH04337236A|WO2001033502,200
EP1630309,EP1630309,2006-03-01,E03F,US4275760|EP0239534|GB2282156|US20030115814,200
EP1627931,EP1627931,2006-02-22,C21D|C22C,,200
EP1630931,EP1630931,2006-03-01,H02K,,200
EP1622104,EP1622104,2006-02-01,G07F,JP2000210413|JP2006034631|JP2006034630|JP2006043145,200
EP1630989,EP1630989,2006-03-01,H04H|G06F,US5467102|GB2330750,200
EP1631072,EP1631072,2006-03-01,H04N|G06F|A61F,,200
EP1632969,EP1632969,2006-03-08,H01H,FR870991|DE957410|US3259726|US3814883|BE788180|DE7316028|ITMI952592A1,200
EP1631084,EP1631084,2006-03-01,H04N,JPH04230190A|JPH1098702A|JP2001069473|JP2003258956|JP2004120344,200
EP1634987,EP1634987,2006-03-15,D06F,US3915349|FR2401259|US4759202|ES2065830|WO2004055253,200
EP1635251,EP1635251,2006-03-15,G06F,,200
EP1630950,EP1630950,2006-03-01,H03D|H04B,EP1184970|EP1195899|FR2828599|EP1416642,200
EP1637055,EP1637055,2006-03-22,A47J|G07F,,200
EP1621141,EP1621141,2006-02-01,A61B,US5441193|US5964774|US5503638|US5549628|US5902312|US5702409|US5810855|US6656193,200
EP1637353,EP1637353,2006-03-22,B60C|C08L|C08K,US4843120|US5047483|US5087668|US5061765|US5137998|US5504135|US5239009|US5395891|US5272220|US5405927|US5654384|US5620939|US5677402|US5672639|US5627237|EP0839891|ES2122917|US6127488|US6146520|US6103842|US6103808|US20020055568|US6608125|US6248929|US20010023307|US6410816|US20010007049|US6133364|US6242534|US6207757|US6399697|US6372857|US20020000280|US20020045697|JP2002097369|US6559240|US20030130535|EP1493597|EP1493596|US20050096424,200
EP1635286,EP1635286,2006-03-15,H02J|G05B|G06Q|Y04S,US20030078678|EP1431899,200
EP1637192,EP1637192,2006-03-22,A63B,DE829109|DE1172585|US5294112|WO1997020449|US5883569|WO2001066201|JP2004016451|US20040162170|WO2005044396,200
EP1643792,EP1643792,2006-04-05,H04W,WO1994013114|US5548816|EP0666700|US6181945|US6466785|US6535745,200
EP1641183,EP1641183,2006-03-29,H04W,,200
EP1643361,EP1643361,2006-04-05,G06F,DE19810802,200
EP1640427,EP1640427,2006-03-29,C09J|C08L|Y10S|Y10T,JPH06128539A|US5952398|EP1595929,200
EP1647503,EP1647503,2006-04-19,B65F,DE2533161|EP0903305|US6774586,200
EP1647435,EP1647435,2006-04-19,B62K|F02D,US20030129886|EP1154346|EP1217493|EP1365128|US20040099080,200
EP1645926,EP1645926,2006-04-12,H04L|Y02P,WO2001082032|US20040162996,200
EP1647859,EP1647859,2006-04-19,G03B|H04N,JPH05142614A|JPH05323436A|JPH06197262A|US20020054213|JPH0993483A|JPH09326955A|JPH10213832A|US6414715|US6778768|JP2002229089,200
EP1657437,EP1657437,2006-05-17,H02K|F05B|Y02E,WO2001006623|WO2001059296|US20040041407|EP1394406|DE10255745|WO2004068678,200
EP1646103,EP1646103,2006-04-12,H01M|F02N|Y02E,US6608470|US6184658|EP1332924,200
EP1649955,EP1649955,2006-04-26,B23B|C23C|B23G|Y10T,,200
EP1653685,EP1653685,2006-05-03,H04L,US20020031091|US20030154272|US20030210653,200
EP1655339,EP1655339,2006-05-10,C08L|C08F|Y02P,EP0949274|US20030208010|US6455642|US20020045711|EP1460105,200
EP1655336,EP1655336,2006-05-10,C08L,US20020045711|WO2003037941|EP1460105,200
EP1639939,EP1639939,2006-03-29,A61B|G06Q|G16H|Y10S,WO1999027483|WO2000026882,200
EP1659711,EP1659711,2006-05-24,H04H,DE4442413|EP0892513|DE19857888|WO2000058749|EP1049277|DE10011259,200
EP1653254,EP1653254,2006-05-03,F21V|G02F|G02B|F21Y|H10H,EP1122573,200
EP1659470,EP1659470,2006-05-24,G05B,,200
EP1659818,EP1659818,2006-05-24,G06F|H04W,EP0800322|US5987609|US20020073334|GB2369205|GB2380356|US20030065934,200
EP1661848,EP1661848,2006-05-31,B67C,US2887133|DE1782402|EP0850838|WO2000051932|JP2004136927,200
EP1662101,EP1662101,2006-05-31,F02D|F01N|Y02T,US5207990|FR2829526|JP2003155913|WO2005088094,200
EP1661446,EP1661446,2006-05-31,A01D,JPS53936B2|US4630763|DE3536676|US6158636,200
EP1662359,EP1662359,2006-05-31,G06F|Y02D,,200
EP1662218,EP1662218,2006-05-31,A23B|F25D,,200
EP1662558,EP1662558,2006-05-31,H10P|H10D,,200
EP1666579,EP1666579,2006-06-07,C11D,WO2002057402|WO2003054121|US6573227|EP1400460|DE10246713,200
EP1665978,EP1665978,2006-06-07,A61B,,200
EP1662361,EP1662361,2006-05-31,H04N|H04L,,200
EP1666699,EP1666699,2006-06-07,F01K|F01D|F02C|Y02E,DE1007780|US4316362|JPS5578107A|JPS5578105A|JPS593104A|DE10244334,200
EP1667471,EP1667471,2006-06-07,H04N|G06F|H04M,US20010026249|EP1443385|EP1441541|EP1441548,200
EP1658988,EP1658988,2006-05-24,B41J,EP0622239|US5971524|EP0671699,200
EP1666655,EP1666655,2006-06-07,D06F,,200
EP1669694,EP1669694,2006-06-14,F25B,,200
EP1669670,EP1669670,2006-06-14,F23M|F23R,GB2288660|US5644918|EP1434006,200
EP1666711,EP1666711,2006-06-07,F16D|E02F|F02D,,200
EP1669884,EP1669884,2006-06-14,H04M|H04L,US20030163537|US20040015553|US20040137884|US20040083432,200
EP1672591,EP1672591,2006-06-21,G06T|G01C,JP2001241957,200
EP1672277,EP1672277,2006-06-21,F21V|F21K|F21Y,US4943900|US20050162093|US20040012959,200
EP1672778,EP1672778,2006-06-21,F03D|F05B|Y02E,,200
EP1672618,EP1672618,2006-06-21,G10L|H04B,,200
EP1672972,EP1672972,2006-06-21,H05K|Y10T,US5909915|JP2002321247|EP1487246|DE20319173,200
EP1674275,EP1674275,2006-06-28,B41J,,200
EP1674660,EP1674660,2006-06-28,F01D|F02C|F05D,US4798515,200
EP1674213,EP1674213,2006-06-28,B25D,GB1504282|US4609053|EP0794038|DE19913833|US6127751|US6543549|US20040226731|US20040124721,200
EP1672973,EP1672973,2006-06-21,A63F|G06F,,200
EP1677462,EP1677462,2006-07-05,H04W|H04L,,200
EP1671794,EP1671794,2006-06-21,B41J,,200
EP1677051,EP1677051,2006-07-05,F25B|F28D|F25D|Y02B|Y02E|Y02P,,200
EP1677273,EP1677273,2006-07-05,G09B,,200
EP1677490,EP1677490,2006-07-05,H04L,EP1303102,200
EP1677289,EP1677289,2006-07-05,G10L,,200
EP1672637,EP1672637,2006-06-21,G11B,,200
EP1681799,EP1681799,2006-07-19,B62B|H04L,WO2001020918|US20040170158,200
EP1677583,EP1677583,2006-07-05,B60R|B29C|H05K|H10W,EP0113073|US4882298|JP2004111435,200
EP1681814,EP1681814,2006-07-19,H04L,,200
EP1684388,EP1684388,2006-07-26,H01R,,200
EP1681658,EP1681658,2006-07-19,A63F|G07F,US6088516|EP1475690,200
EP1683805,EP1683805,2006-07-26,A61K|A23L|A61P|A23V,,200
EP1681575,EP1681575,2006-07-19,G01R,GB2025170|US4562390|US5243243|US6421618|EP1491907,200
EP1684493,EP1684493,2006-07-26,H04M|B23D,,200
EP1684450,EP1684450,2006-07-26,H04H|H04N,,200
EP1686752,EP1686752,2006-08-02,H04L|H04W,,200
EP1681168,EP1681168,2006-07-19,B41J,,200
EP1686049,EP1686049,2006-08-02,B62H|E05B,US2647390|GB1555383|EP0443217|FR2765850|WO2000043623,200
EP1685923,EP1685923,2006-08-02,B23P|C23C|F01D|F05D|Y02T,US4008844|US4493451|US5549767|US5922150|US5437737|US5735448|EP0836904|EP1258312|EP1491283,200
EP1686229,EP1686229,2006-08-02,E05F|E05Y,JPS61180114A|JPH11311060A|JP2000291338|JP2002138755|US20030122514,200
EP1684503,EP1684503,2006-07-26,H04N|G02B|G03B,US5597999|US6308015|US20040170419,200
EP1690969,EP1690969,2006-08-16,D06F,GB2296018|DE19856973|EP1389642|US20040148978|US20040107743,200
EP1688524,EP1688524,2006-08-09,D06F|Y02B,US2644245|US3012333|DE6602473|DE6600587|DE2304526|FR2711153|EP0969132|JP2003062384|US20040118167|EP1544342,200
EP1690972,EP1690972,2006-08-16,D06F,,200
EP1689155,EP1689155,2006-08-09,H04M|H04L,US6020916|US20040260669,200
EP1690649,EP1690649,2006-08-16,B25F,US3019673|US4330093|EP0142650|GB2169541|EP0261260|US5353474|US6161256|US20040106036|JP2002254341|US6392381|US20040029426,200
EP1688586,EP1688586,2006-08-09,F01D|Y10S,,200
EP1695902,EP1695902,2006-08-30,B63B,,200
EP1693262,EP1693262,2006-08-23,B60T|B64C,EP0329373|EP0384071|EP0443213,200
EP1696321,EP1696321,2006-08-30,G06F|G11B|H04N,WO2001033847|WO2002086746|US20030223766,200
EP1686651,EP1686651,2006-08-02,H01Q|H05K,US20030030586|US20040090366,200
EP1700592,EP1700592,2006-09-13,A47J|G07F|B65B|Y10S,US4664289|JPH06208787A|JPH06248055A|US5671592|US20030156925|KR20050043153,200
EP1701491,EP1701491,2006-09-13,H04L,WO2002099571|WO2002099575|US20050047412|US20060029035,200
EP1698857,EP1698857,2006-09-06,G01C,,200
EP1703492,EP1703492,2006-09-20,G10L|H04M,EP0901000|EP1168297|US6801931,200
EP1696509,EP1696509,2006-08-30,H01Q,,200
EP1703158,EP1703158,2006-09-20,F16D|Y10S,JPH09177814A|JP2003307235|US20010002369|US20020022528|US20030017877|JP2003004062|EP1512879,200
EP1700689,EP1700689,2006-09-13,B44C|B32B|Y10T,,200
EP1703760,EP1703760,2006-09-20,H04W,,200
EP1705395,EP1705395,2006-09-27,F16D|Y10S,JP2001153149|JP2001304282|JP2001349332,200
EP1705566,EP1705566,2006-09-27,E03D|G06F|F21V,US6484315|US20030188306|WO2004044702,200
EP1691263,EP1691263,2006-08-16,G05G|G06F|H04M,US6248017|DE20019074|US20030206202|US20040224638|GB2402105|US20040253989,200
EP1705421,EP1705421,2006-09-27,F21K|F21V|F21Y,DE202004004570,200
EP1705881,EP1705881,2006-09-27,H04M|F03D|Y02E,WO2001052558|EP1215864|WO2002052815|US20040075701|DE10325242|WO2005006484,200
EP1705576,EP1705576,2006-09-27,G06Q|H04L,,200
EP1705869,EP1705869,2006-09-27,H04L|H04W,WO2004049628|EP1555778|US20040166874,200
EP1705575,EP1705575,2006-09-27,G06F,,200
EP1702570,EP1702570,2006-09-20,A61B,EP0327022|US6030392|DE19924311|US20020177859|US20030088256|WO2003105698,200
EP1707168,EP1707168,2006-10-04,A61F,US5188627|US5634917|US5643396|US5660657|US5745922,200
EP1707752,EP1707752,2006-10-04,F02C|F01D|H02K,US2180168|US2893204|US3791682|US6307278|US20030223892|EP1564379,200
EP1707221,EP1707221,2006-10-04,A61L|A61B|G01M,US3360981|US4979390|EP1433410,200
EP1707498,EP1707498,2006-10-04,B29C|B65D,US3610509|US6103163|US20040185152|WO2000069750|EP1506927|EP1640407,200
EP1707483,EP1707483,2006-10-04,F16F|B62K,JPH06298146A|EP1323946|EP1459971|EP1514786,200
EP1708075,EP1708075,2006-10-04,G06F|G11B|H04M,,200
EP1708088,EP1708088,2006-10-04,G06F,GB2353915|WO2001084301,200
EP1708420,EP1708420,2006-10-04,H04W|H04B|A63F,EP0944176|EP1119137|US6684062|US20040111755,200
EP1708528,EP1708528,2006-10-04,H04L|H04W,WO2002093502|WO2004095857|EP1519604,200
EP1708467,EP1708467,2006-10-04,H04M|G06Q,US6763226|US20050018050|WO2005018257,200
EP1710291,EP1710291,2006-10-11,C04B|C09K|H10H|H10W,,200
EP1707144,EP1707144,2006-10-04,A61B,US5436566|US5370645|US6171304|US20040030329|US20030144655,200
EP1712377,EP1712377,2006-10-18,B60C,,200
EP1707811,EP1707811,2006-10-04,F04B,JP2003328936|EP1363023,200
EP1715158,EP1715158,2006-10-25,F02C|F02K|F04D|F05D|Y02T,,200
EP1712339,EP1712339,2006-10-18,C03B|B24B|B28D,JPS53143622A|JPH081486A|EP0773194|EP0978490|EP1179512,200
EP1714807,EP1714807,2006-10-25,B60C,IT1319475|EP1314584|US20040055712|EP1593533,200
EP1712738,EP1712738,2006-10-18,F01D|F02K|F05D|Y02T|Y10S,,200
EP1712488,EP1712488,2006-10-18,B65D,US4420080|EP0193130|WO1986006350|US4874096|US6309105|US5862652,200
EP1713311,EP1713311,2006-10-18,H05K|B02C|B41F|B41M|B41P|Y10T,,200
EP1717789,EP1717789,2006-11-02,G09G|H10K,,200
EP1715663,EP1715663,2006-10-25,H04M|G06F|H04L|H04W,EP1130934|US20030054800|US20060015894|JP2004328573,200
EP1717688,EP1717688,2006-11-02,G06F,US20040024796|US20040225662,200
EP1722069,EP1722069,2006-11-15,F23R|F01D|F02C|F05D,US2567079|FR1007743|FR1469547|US5946902|US6530221,200
EP1717885,EP1717885,2006-11-02,H01M|Y02E|Y02P,US4598029|US20010000485,200
EP1720188,EP1720188,2006-11-08,H01H|H10K,US20040211989,200
EP1726788,EP1726788,2006-11-29,F01D,EP0028183|GB2281941|WO1998015795|EP1245791,200
EP1718056,EP1718056,2006-11-02,H04N,US20020110389|US20050029352,200
EP1721653,EP1721653,2006-11-15,B64D|B01D|Y02A|Y02C|Y02T,,200
EP1727383,EP1727383,2006-11-29,H04W,US6002930|WO2003009623,200
EP1725007,EP1725007,2006-11-22,H04M|H04L|H04W,US20020150096|US20040157629|WO2003096729|US20040095894,200
EP1719461,EP1719461,2006-11-08,A61B,US3124136|US3054406|US4347847|US4354628|US4838884|US4655221|US5040715|US5014899,200
EP1728565,EP1728565,2006-12-06,B08B,DE2402630,200
EP1727030,EP1727030,2006-11-29,G06F,,200
EP1729090,EP1729090,2006-12-06,G06F|G01C,,200
EP1731656,EP1731656,2006-12-13,D06F|H01R,,200
EP1731717,EP1731717,2006-12-13,F01D|F02C,,200
EP1727033,EP1727033,2006-11-29,G06F,US20020184439|US20020184463|JP2004005370|US20040078465|US20040257857|GB2406406,200
EP1731718,EP1731718,2006-12-13,F01D,,200
EP1731099,EP1731099,2006-12-13,A61B|G01N|G21K,US5812629|WO2004071298,200
EP1734193,EP1734193,2006-12-20,B29C|E04B|E04C,US3607531|US3549449|US3906137|US5798160,200
EP1736059,EP1736059,2006-12-27,A23G|A23D|A23L,EP0294974|EP0321227|EP0687142|EP0719090|EP0731645|EP0740905,200
EP1736851,EP1736851,2006-12-27,G06F|Y02D,US6795927|WO2003027820|US20030110012,200
EP1729223,EP1729223,2006-12-06,G06Q|H02J|Y02B|Y02E|Y04S,JPH07143670A,200
EP1737242,EP1737242,2006-12-27,H04N|H04H,,200
EP1743586,EP1743586,2007-01-17,A61B,WO1997018770|US20020128654|US20050085819,200
EP1739209,EP1739209,2007-01-03,C03C|C30B|C04B|Y10S|Y10T,US3660075|US3746569|US4218418|US4741925|US5431869|WO2004053207,200
EP1739568,EP1739568,2007-01-03,G06F,US4667192|US20030048654|US20040105292,200
EP1728473,EP1728473,2006-12-06,F16B|A61B,US5915616|US5817109|US5878937|US6045560|US5862972|US5894979|US5797538|US5782396|US5964394|US5836503|US5865361|US20040267310|EP1366719,200
EP1736639,EP1736639,2006-12-27,F01L|Y10T,,200
EP1741405,EP1741405,2007-01-10,B05C|A61C|A61M,US5816804|EP0919206|DE19961485|EP1430959,200
EP1744581,EP1744581,2007-01-17,H04W,WO2001003464|WO2001058190|WO2004047479,200
EP1744122,EP1744122,2007-01-17,G01C,US5671451|JP2002039748|EP1219925|JP2004317237,200
EP1745687,EP1745687,2007-01-24,A01D,US4977733|US5410865|US20040006959,200
EP1744428,EP1744428,2007-01-17,H02H|H01H,,200
EP1746772,EP1746772,2007-01-24,H04L|G06Q|H04M|H04W,,200
EP1743729,EP1743729,2007-01-17,F01D|B22F|B23K|B23P|C22C|C23C|F05D,,200
EP1746391,EP1746391,2007-01-24,G01C|G09B,EP1260792|JPH09319302A|EP0953826|JP2005208756,200
EP1746407,EP1746407,2007-01-24,G01N|Y02A,JPH1175892A|JP2004105027|US20040067575,200
EP1746442,EP1746442,2007-01-24,G01T|H04N,US5887049,200
EP1748339,EP1748339,2007-01-31,G05B|Y02P,,200
EP1748549,EP1748549,2007-01-31,H02P,EP1555749,200
EP1749794,EP1749794,2007-02-07,B81C|H10F|H10W|B81B|H10P,JP2000235044|JP2001007346,200
EP1754779,EP1754779,2007-02-21,C11D,US3703772|US5552078|US5798328|US6274545|US5962389|WO1997043366|US5807817|US5756444|US6069124|WO2000018873|WO2000018859|WO2000031233|WO2001011005|US6509310|WO2005083049,200
EP1750215,EP1750215,2007-02-07,A61B|G16H,US6236883|US20040015070|US20040225331,200
EP1752994,EP1752994,2007-02-14,B22F|H01F|H02K,,200
EP1757993,EP1757993,2007-02-28,G03G,JPS5478137A|JPS5948774A|JPH0540367A|JPH11295935A|JPH11295933A,200
EP1752671,EP1752671,2007-02-14,F16D|B62D,,200
EP1758279,EP1758279,2007-02-28,H04B,US5926263|US6414775|EP1372272|WO2004056017,200
EP1759570,EP1759570,2007-03-07,A01D,DE332262|FR2469867|US20040221561,200
EP1760096,EP1760096,2007-03-07,C08F|C08L,EP0603935|EP0739909|EP1201711|EP1201713|WO2002102891,200
EP1759702,EP1759702,2007-03-07,A61K|A61P,,200
EP1761093,EP1761093,2007-03-07,H04L|H04M|H04W,,200
EP1762797,EP1762797,2007-03-14,F24F,,200
EP1761097,EP1761097,2007-03-07,H04L|H04W,US20030123559|WO2004004173|WO2004098072,200
EP1762926,EP1762926,2007-03-14,G06F|G01H,US20040004600|US20020167699,200
EP1763306,EP1763306,2007-03-21,A24D,,200
EP1763236,EP1763236,2007-03-14,H04N,,200
EP1762851,EP1762851,2007-03-14,G01F|G01P,JPH05223613A|JPH06230021A|JPH06300605A|JPH06317440A|JPH07190822A|JPH0854269A|JPH10213470A|JP2005259902,200
EP1764053,EP1764053,2007-03-21,A61B,US20040230196|US6468278|EP0955013|EP1464295|US20050182405|US20050182406,200
EP1764115,EP1764115,2007-03-21,A61L,US4512951|WO1991007193|WO1997047331|GB2354443|WO2001070282|WO2002064174|DE10302344|DE10312150,200
EP1762343,EP1762343,2007-03-14,B25B,GB2274416|EP1050381,200
EP1759640,EP1759640,2007-03-07,A61B,,200
EP1764298,EP1764298,2007-03-21,B62K|B62M,US5676022|EP1232940,200
EP1767667,EP1767667,2007-03-28,C23C|Y10T,,200
EP1767666,EP1767666,2007-03-28,C23C|Y02T|Y10T,,200
EP1754597,EP1754597,2007-02-21,B41M|B41C|B41N|C07F|G03F,GB434875|US2714066|US2800457|US2800458|US2833827|GB930422|JPS369163B1|GB967074|US3111407|US3276868|GB952807|US3287154|US3181461|JPS42446B1|US3280734|US3479185|US3418250|US3458311|JPS4643946B1|JPS519079B1|US4153461|US3660304|JPS4943191B1|JPS4841708B1|US3796669|JPS5147334B1|JPS5617654B2|JPS5421726B2|US3881924|JPS4836281A|JPS4864183A|US3905815|JPS5230490B2|JPS4970702A|JPS5549729B2|US3914511|JPS5849860B2|US3902734|JPS50158698A|US4069056|US4069055|US4087376|US4089802|US4001140|JPS5137193A|US4025445|JPS53133428A|JPS5463902A|DE2904626|JPS6239417B2|JPS6239418B2|JPS5532070A|US4311783|US4283475|JPH0140336B2|JPH0140337B2|JPH0216765B2|JPH0232293B2|US4327169|JPS57142645A|JPS57196231A|JPS58112792A|JPS58112793A|JPS58125246A|JPS58173696A|JPS58181690A|JPS58181051A|JPS58194595A|JPS58220143A|JPS595241A|JPS595240A|JPS58224793A|US4491628|JPS5941363A|JPS5948187A|EP0104143|JPS5973996A|JPS5984248A|JPS5984356A|JPS5984249A|JPS59146061A|JPS59146063A|JPS59152396A|JPS59216146A|JPS6063744A|JPS6052940A|JPS6078787A|JPH0629285B2|JPS60168144A|US4689272|JPS60239736A|JPS6122048A|JPS61151197A|JPS61166544A|JPS61169837A|JPS61169835A|JPH0519702B2|JPS6258241A|JPH0513514B2|US4622286|JPS62143044A|JPS62150242A|JPS62170950A|US4756993|DE3604581|US4734444|DE3604580|EP0233567|JPS62212401A|JPS62226143A|JPS62293247A|JPS6341484A|JPS6370243A|US4760013|JPH01105238A|JPS63260909A|JPS63298339A|EP0297442|EP0297443|JPH0721633B2|JPH01165613A|JPH02249A|JPH01152109A|US4933377|JPH024705A|JPH0225493A|EP0370693|JPH02150848A|JPH02226149A|US5156938|EP0390214|US5041358|JPH02296514A|JPH02304441A|JPH04365049A|JP2764769|JPH0545885A|JPH0583588A|JPH05112085A|JPH0635174A|JPH06157623A|JPH06175554A|JPH06175553A|JPH06175564A|JPH06175561A|JPH06183171A|JPH06348011A|JPH07128785A|JPH07140589A|JPH07292014A|JPH07306527A|JPH08108621A|JP2938397|JP3622063|JPH09188710A|JPH09188685A|JPH09188686A|JPH10282679A|JPH1138633A|JP3819574|JP2000080068|JP2000131837|JP2000066385|JP2001133969|JP2001199175|JP2001277740|JP2001277742|JP2001253181|JP2001322365|JP2001343742|JP2002148790|JP2002079772|JP2002107916|JP2002116539|JP2002278057|JP2002287334|JP2003328465,200
EP1772997,EP1772997,2007-04-11,H04L,,200
EP1764799,EP1764799,2007-03-21,G11B|G06F|G06Q|H04N,,200
EP1772624,EP1772624,2007-04-11,F03D|F16C|H02K|F05B|Y02E|Y02P|Y10T,DE10351524,200
EP1773039,EP1773039,2007-04-11,H04B|H04W|H04M,EP0786916|GB2313736|DE10054379|GB2379362,200
EP1773024,EP1773024,2007-04-11,H04W|H04L,WO2004071127|US20050153706|WO2005079002,200
EP1775016,EP1775016,2007-04-18,B01D|A61L,US4413074|US5139881|EP0257635|EP1121972,200
EP1768043,EP1768043,2007-03-28,H04L|G06F,,200
EP1775174,EP1775174,2007-04-18,B60R,WO2003024749|US20030204295|US7065438|GB2401467|DE102005002843|WO2005102796|EP1669249,200
EP1775794,EP1775794,2007-04-18,H01Q|H01F,,200
EP1769771,EP1769771,2007-04-04,A61B|G16H,WO2002037935|WO2002067783|WO2004070580,200
EP1775952,EP1775952,2007-04-18,H04N|B60R|G06T,EP1302365,200
EP1780505,EP1780505,2007-05-02,H04B|G01C|H04M,,200
EP1777278,EP1777278,2007-04-25,C09J|C08L|H10P|H10W|Y10T,JPH03189127A|JPH04264003A|EP0676456|JP3221756|EP0661334|JPH07196815A|JPH07224259A|JPH0827427A|JPH0967558A|US20010031828|US20030216505,200
EP1783329,EP1783329,2007-05-09,F16J|F01D|F05D,,200
EP1780380,EP1780380,2007-05-02,F01D|F02C|Y02T,,200
EP1767352,EP1767352,2007-03-28,B41C,EP1520694,200
EP1783346,EP1783346,2007-05-09,F02C|B64D|F02K|F04D|F05D|Y02T,,200
EP1783358,EP1783358,2007-05-09,F02M,EP1046809|US20040004139|EP1602824|EP1602825,200
EP1779784,EP1779784,2007-05-02,B06B|G01N|A61B,,200
EP1785851,EP1785851,2007-05-16,H04W|H04B|G06F|H04M,WO2003017077|WO2005025193|EP1557988,200
EP1785951,EP1785951,2007-05-16,G07D,US4139779|US4189235|US4547896|EP0718808|EP1168252|US6040584|EP1011079|US6798900,200
EP1785346,EP1785346,2007-05-16,B64C|F16H|Y10T,WO2000063590,200
EP1788126,EP1788126,2007-05-23,C30B,US6051849|US6265289|EP1475826|US20050104162|WO2005074048,200
EP1785953,EP1785953,2007-05-16,G07D,,200
EP1788122,EP1788122,2007-05-23,C23C|F01D|F05D,US6756082|US6294260|EP1428902,200
EP1786149,EP1786149,2007-05-16,H04Q|H04L|Y02D,US20040095884|US20040258094|EP1489877|US20050058135,200
EP1788309,EP1788309,2007-05-23,F23N|F23R|Y02T,,200
EP1790557,EP1790557,2007-05-30,B62J|B62K,GB1308388|JPH04283186A|JPH06107260A|EP1422133|JP2002249089|DE202004015640,200
EP1782740,EP1782740,2007-05-09,A61B,WO2001062158|US20050184121|WO2003094746|US20050230453,200
EP1788242,EP1788242,2007-05-23,E04H|F03D|F05B|Y02E|Y02P,EP1156175|EP1381775|WO2003031733|EP1544376,200
EP1790838,EP1790838,2007-05-30,G05B,EP1103926|EP1357487|EP1420153,200
EP1790614,EP1790614,2007-05-30,B01D|C01B|Y02A|Y02C|Y02P,US4288421|JPS58133820A|EP0602354|EP0716875|WO2001008785,200
EP1790851,EP1790851,2007-05-30,F03D|F05B|Y02E,,200
EP1793633,EP1793633,2007-06-06,H04W,WO2002093819,200
EP1792770,EP1792770,2007-06-06,H02P|B60L|H02M|Y02T,,200
EP1793179,EP1793179,2007-06-06,F24F|F25B|Y02B,,200
EP1793392,EP1793392,2007-06-06,H01F,JP2003282312,200
EP1793653,EP1793653,2007-06-06,H05B,,200
EP1795628,EP1795628,2007-06-13,B23B|C23C|C22C|Y10T,US6177178|WO1998048072|US6103357|US6309738|WO2001018272|US20040026236,200
EP1795686,EP1795686,2007-06-13,E06B|E05D|E05Y,FR1045962|EP0505614|US20020053174|US20040003556,200
EP1795703,EP1795703,2007-06-13,F01D|F05D|Y02T|Y10S,US5415526,200
EP1798326,EP1798326,2007-06-20,D06F|A47L,US3299417|DE3618258|DE19650861|FR2742514|US5983950|DE10126104,200
EP1798690,EP1798690,2007-06-20,H04B|G06T|H04M,US20040088656|US20040207722|US20050143124|US20050237413,200
EP1795957,EP1795957,2007-06-13,G02B|G03B|H04N,US20010028516|US20020112543,200
EP1798947,EP1798947,2007-06-20,H04L|H04M,,200
EP1800847,EP1800847,2007-06-27,B29D|B29C,,200
EP1800848,EP1800848,2007-06-27,B29D|B60C,WO1989004250|EP0887210|US20030102088|EP1595692|JP2002355878|JP2002361757|WO2005035230,200
EP1795920,EP1795920,2007-06-13,G01V,US4292588|US4546314|US5270647|EP0816838|US6392421,200
EP1803737,EP1803737,2007-07-04,C08B,GB229678|FR1038674|GB713646|US3063981|US6392033,200
EP1801155,EP1801155,2007-06-27,C08F|C08J|C08L,US4551501|US4603174|EP0316187|US6437063|US6503993|US6747103|EP1514893,200
EP1800890,EP1800890,2007-06-27,B41N,GB1555233|US4786581|US4983478|EP1025992|EP1157828|EP1157826|EP1157827|EP1524113,200
EP1803738,EP1803738,2007-07-04,C08B,US3322748|US3411986|US20020099203,200
EP1806338,EP1806338,2007-07-11,C07C|A61P,,200
EP1803784,EP1803784,2007-07-04,C09D|B41C,JPH0731399B2|JPH0643633A|JPH07159983A|JPH08224982A|JPH09134011A|JPH10863A|JPH08324137A|US20040152799|DE10308971|WO2004106437|EP1674537,200
EP1803905,EP1803905,2007-07-04,F01L,,200
EP1806423,EP1806423,2007-07-11,C09D|C23C,US5660885|US6465090|EP1088908|US6770325|EP1428902|EP1484427|WO2006137890,200
EP1806431,EP1806431,2007-07-11,C04B|C09D|C23C|Y02T|Y10T,,200
EP1808503,EP1808503,2007-07-18,C22C|B22F|F16C|Y10S,,200
EP1806683,EP1806683,2007-07-11,G06Q|H04L,US6219694|US20020007453|US20050163320|WO2003005636|EP1580953,200
EP1804233,EP1804233,2007-07-04,G02F|B60K|B60R|G09G,,200
EP1806612,EP1806612,2007-07-11,G03B|G02B,,200
EP1810999,EP1810999,2007-07-25,C09D|C09B|D06P,,200
EP1806703,EP1806703,2007-07-11,G07C|D21J|B30B|H04L,US20050285934|GB2402840|US20050219360,200
EP1811093,EP1811093,2007-07-25,E02D|E03F|Y02A,SE8000857|SE434661|DE3815365|US4883590|EP0612893|DE4413062|GB2314872|US20040120762|WO2002102220,200
EP1811077,EP1811077,2007-07-25,D06F,EP1273468|US20030056393|EP1550829|EP1493860|US20050044744|EP1541745,200
EP1791063,EP1791063,2007-05-30,H04L|G06F|Y02D,US5793954,200
EP1813479,EP1813479,2007-08-01,B60R|B65D,US2466912|US5632457|US20050251967,200
EP1813875,EP1813875,2007-08-01,F24F,,200
EP1814151,EP1814151,2007-08-01,H10W|B29C|H10H,EP1213755|US20010006456|WO2002021595|US20030080341|US20040238402|US6867072,200
EP1813705,EP1813705,2007-08-01,D06F,,200
EP1821067,EP1821067,2007-08-22,G01C,US4660161|JPS62255815A|US5297063|EP1605232,200
EP1818253,EP1818253,2007-08-15,B62M,,200
EP1815786,EP1815786,2007-08-08,A61B|G01J|G01N,WO1991015990|WO1995031930,200
EP1816794,EP1816794,2007-08-08,H04W,,200
EP1821529,EP1821529,2007-08-22,H04N|G06F,,200
EP1821175,EP1821175,2007-08-22,G06F,,200
EP1825803,EP1825803,2007-08-29,A61B,JPS5993413A|JPH0966019A|JP2004000601|US20040127767,200
EP1826308,EP1826308,2007-08-29,D06F,GB343740|GB535121|US3698781|DE2424288|EP0635649,200
EP1826784,EP1826784,2007-08-29,H01F,,200
EP1825927,EP1825927,2007-08-29,A61B|A61C|B01F|B05C,EP1430959,200
EP1825820,EP1825820,2007-08-29,A61B,US3124136|US3054406|US4347847|US4354628|US5040715|US5014899|US5915616|US5799857|US20030183671|WO2003105698|US20050059996,200
EP1830090,EP1830090,2007-09-05,F16D,,200
EP1830215,EP1830215,2007-09-05,G02B,US6094300|EP1424579|US20050122579|JP2005308985|EP1596238,200
EP1830451,EP1830451,2007-09-05,H02K|H01F,,200
EP1826843,EP1826843,2007-08-29,H01M|B60L|Y02E|Y02P|Y02T,JP2000215877|US20030228515|EP1418638|EP1455400,200
EP1833109,EP1833109,2007-09-12,H01M|Y02E,,200
EP1829682,EP1829682,2007-09-05,B41C|C09D,,200
EP1813209,EP1813209,2007-08-01,A61B,EP0033548|US4520817|US4715520|EP0484677|US5465895|EP0760230|US20010002029|EP0829235|US6978921,200
EP1833203,EP1833203,2007-09-12,H04W,WO2004068886|US20050163056,200
EP1834864,EP1834864,2007-09-19,B62H,DE7834352|DE2519068|GB1555383|DE8004739|DE3308977|EP1418302,200
EP1835636,EP1835636,2007-09-19,H04W|H04B|H04L,,200
EP1835369,EP1835369,2007-09-19,G01C|G05D|G08G,WO2003107299,200
EP1835785,EP1835785,2007-09-19,H04R,US6718301|US20020191799|US20020090098|CA2439427|WO2004114722,200
EP1837527,EP1837527,2007-09-26,F04D,US3405644|EP0707148|DE19958064|US20030077164|US20030118439|EP1519050,200
EP1839506,EP1839506,2007-10-03,A24C|A24B|A24D,,200
EP1840025,EP1840025,2007-10-03,B63H,,200
EP1838122,EP1838122,2007-09-26,H04W,US5875400|US6101388|US20030143999,200
EP1840369,EP1840369,2007-10-03,F02N|F02D|Y02T,DE19955857|WO2001081759|EP1403512|EP1533501|EP1591658|EP1600629,200
EP1834803,EP1834803,2007-09-19,G03F|B41C,GB1084070|US4458005|EP0291760|EP0292801|DE4001466|DE4007428|DE4027301|EP0537633|EP0659909|DE4417907|DE4423140|DE4445820|EP1319504|EP1366926|EP1627732,200
EP1836953,EP1836953,2007-09-26,A61B,US5459570|US5537162|US6004314|US6826359|US20040036838,200
EP1840508,EP1840508,2007-10-03,G01C,US6253612,200
EP1841092,EP1841092,2007-10-03,H04B,US6483814|WO2001039320|EP1365474|WO2005022681,200
EP1840571,EP1840571,2007-10-03,G01N|Y10T,,200
EP1843468,EP1843468,2007-10-10,H04B|H03J,,200
EP1840789,EP1840789,2007-10-03,G06K,EP0783158|EP0899677|US6340932|EP1605391,200
EP1847222,EP1847222,2007-10-24,A61B|G01S,,200
EP1843488,EP1843488,2007-10-10,H04L|H04B|H04W,,200
EP1849756,EP1849756,2007-10-31,C10L|C05F|Y02A|Y02E|Y02P,US3640696|PT82470|ES2028497|GB2237012|US20030198797,200
EP1841108,EP1841108,2007-10-03,G10H|H04H,EP1117226|EP1507359|EP1555772|US20050204902,200
EP1821182,EP1821182,2007-08-22,G06F|G06T,,200
EP1847320,EP1847320,2007-10-24,C04B|B01D|B01J|Y02T,EP0470340|DE4215481|EP0736503|US20030059359|US20020183191|EP1340541|JP2004202427|US20050202971|DE102005024124,200
EP1852520,EP1852520,2007-11-07,C23C|Y10T,JPS55120936A|EP0292250|EP0323185|US4948425|US4868069|JPH02217359A|US5939146|US20010001042|JP2001107221|US20020029909|CN1443868,200
EP1850415,EP1850415,2007-10-31,H01M|C01B|Y02E|Y02P,,200
EP1852989,EP1852989,2007-11-07,H04H|H04N,,200
EP1853062,EP1853062,2007-11-07,H04N|G09G,,200
EP1850147,EP1850147,2007-10-31,G01S,,200
EP1852541,EP1852541,2007-11-07,D06F,US20050166644|US20030208853|EP1441060,200
EP1849751,EP1849751,2007-10-31,C02F|B01D,,200
EP1854405,EP1854405,2007-11-14,A61B,WO1996005768|WO1996041119|WO1997000043|US5711299|EP1481635|US6773393|EP1174082,200
EP1857130,EP1857130,2007-11-21,A61F|A61M,EP0398394|WO1999065548|US20040231667|WO2003006098|US20030055380|EP1516638,200
EP1853081,EP1853081,2007-11-07,H04B|H04W,,200
EP1857936,EP1857936,2007-11-21,G06F|G05B,,200
EP1857954,EP1857954,2007-11-21,H04B|G06F|H04M,WO2001045283|JP2005323083,200
EP1858100,EP1858100,2007-11-21,H01M|B60L|Y02E|Y02T,,200
EP1785097,EP1785097,2007-05-16,A61B,,200
EP1860026,EP1860026,2007-11-28,B64D|Y02T,,200
EP1858238,EP1858238,2007-11-21,H04B|G06F|G06T|H04M|G09G,US5764201|US20040174395|WO2005040991|GB2416825|DE202005005465,200
EP1860725,EP1860725,2007-11-28,H01Q,,200
EP1859714,EP1859714,2007-11-28,A47J,US5755149|WO1998047418|EP1444932|EP1495702|WO2005058111,200
EP1860863,EP1860863,2007-11-28,H04W|G06F|H04L,,200
EP1860602,EP1860602,2007-11-28,G09B|G06Q,,200
EP1862103,EP1862103,2007-12-05,A47L|Y02B,US3982552|US4279384|US4289543|US4689089|WO2004054426|DE10353774|WO2006006126,200
EP1860225,EP1860225,2007-11-28,D06F,,200
EP1860919,EP1860919,2007-11-28,G02B|B82Y|H05B|H10K,,200
EP1865254,EP1865254,2007-12-12,F23B|F23N|F24B,,200
EP1862077,EP1862077,2007-12-05,A23D|A21D|A23G,US6022577|EP1243182|WO2003037095|EP1491097,200
EP1862786,EP1862786,2007-12-05,G01K,GB903967|GB2180964|US4804275|US4929090|EP0735368|US6198701,200
EP1865410,EP1865410,2007-12-12,G06F,EP0394614|US5918039,200
EP1863303,EP1863303,2007-12-05,H04W,US5034993|WO1999001757|WO1999017575|EP1494490,200
EP1867837,EP1867837,2007-12-19,F01D|F05D|Y10S,,200
EP1865378,EP1865378,2007-12-12,G03F|B41C,,200
EP1865520,EP1865520,2007-12-12,H01M|H01G|Y02E|Y02P|Y02T,,200
EP1867866,EP1867866,2007-12-19,F02M|F28D|F28F|F01P|Y02T,,200
EP1865711,EP1865711,2007-12-12,H04N|G06T,,200
EP1870505,EP1870505,2007-12-26,D06F,,200
EP1870561,EP1870561,2007-12-26,F01D|F05D,US6068445,200
EP1870923,EP1870923,2007-12-26,H01J,,200
EP1870919,EP1870919,2007-12-26,H01H,FR2731107|US6522227|US20050001700|EP1670014,200
EP1862156,EP1862156,2007-12-05,A61F,,200
EP1872851,EP1872851,2008-01-02,C01G|B01D|B01J|C01P|Y02T,,200
EP1873358,EP1873358,2008-01-02,F01D|F02C|F05D,,200
EP1872973,EP1872973,2008-01-02,B60C,EP0718124|EP1029712|US6796350|EP1120295|JP2004155416|WO2006056238,200
EP1872648,EP1872648,2008-01-02,A01F,GB2144102|GB2163701|WO2000064237|DE10045843|US6651408|JP2006067917,200
EP1873369,EP1873369,2008-01-02,F02D|F01N|Y02T,US20030230078|EP1455070|FR2872208,200
EP187409,EP187409,,,,200
EP1873999,EP1873999,2008-01-02,H04L|H04M,US5872834|WO2000028721|US6628757|US20040215968|US20050043014,200
EP1873542,EP1873542,2008-01-02,G01R|H02J|B60L|Y02T,US20020036481|US20050057255,200
EP1874046,EP1874046,2008-01-02,H04N|H04H,US4584716|US6249322|EP1014714|US20030186662|US20040198282|US20050122429|EP1608149|JP2006041751,200
EP1868363,EP1868363,2007-12-19,H04M|H04L|H04Q,US6697341|US6650619|US7404001|US20050041646|US20050237931|EP1868347|EP1868348|US7819305|US11440202,200
EP1876254,EP1876254,2008-01-09,C22C|B21B|C21D,,200
EP1875941,EP1875941,2008-01-09,A61M,US4534363|US5676659|EP1023913|DE19823414|US20030023190|US20060041204,200
EP1879011,EP1879011,2008-01-16,H01J|G01N,,200
EP1876828,EP1876828,2008-01-09,G08B|H04N,WO2002009060|WO2003041411|EP1331808|EP1377026,200
EP1878980,EP1878980,2008-01-16,F24F,EP1589295,200
EP1873702,EP1873702,2008-01-02,G06F|G06Q|H04M,US20030142139|EP1338967|US20040125150|EP1533714|US20050131924|EP1615114,200
EP1873531,EP1873531,2008-01-02,G01N|B01L|Y10T,,200
EP1876664,EP1876664,2008-01-09,H01M|B60K|Y02E|Y02T,,200
EP1878877,EP1878877,2008-01-16,F01D|F05D,,200
EP1880754,EP1880754,2008-01-23,B01D|Y02C|Y02P,US6165253|WO1998013124|WO2002074421|WO2003008070|WO2004069739|WO2005089906|EP1733781,200
EP1885092,EP1885092,2008-02-06,H04L,US6189022|US20050237930,200
EP1879426,EP1879426,2008-01-16,H04R|H04S,,200
EP1884718,EP1884718,2008-02-06,F24F,WO2005052465|EP1688678,200
EP1881363,EP1881363,2008-01-23,G02F|G02B,US20030214720|US20050265042|US20060133108,200
EP1884857,EP1884857,2008-02-06,G05G|H01H,GB2093240|GB2212317|EP0771681|EP1102294|WO2003017304|WO2004012178|DE10261284|US20050001821|WO2006010513,200
EP1884584,EP1884584,2008-02-06,D06F,DE3238529|US6401499,200
EP1887372,EP1887372,2008-02-13,A61B|A61G|G01R,,200
EP1889537,EP1889537,2008-02-20,E02F|B66C|A01G,,200
EP1890108,EP1890108,2008-02-20,G01C|G06F,,200
EP1890382,EP1890382,2008-02-20,H03L,JPH05114858A|JPH0690116A|JPH11215112A|US20030098745,200
EP1887731,EP1887731,2008-02-13,G06F|H04L,,200
EP1892482,EP1892482,2008-02-27,F24F|C02F|Y02A,,200
EP1894509,EP1894509,2008-03-05,D06F|A47L|E05F|E05Y,DE2921187|DE7926239|GB2079589|EP0046314|DE3211949|EP0744152|DE10161658|EP1364609|EP1529482,200
EP1886637,EP1886637,2008-02-13,A61B,US20050203504|US20020128650|US20020144440|US20030029344|US20030229344|WO2003090630|US20050113826|US20040143263|WO2004103156|US7156846|EP1609430,200
EP1895496,EP1895496,2008-03-05,G09G,EP1014330,200
EP1895354,EP1895354,2008-03-05,G02F,US20040008512,200
EP1900857,EP1900857,2008-03-19,C30B|H10P,US6177292|WO1999001594|EP1557870,200
EP1892609,EP1892609,2008-02-27,H01B|H01H|G06F|H03K|Y10T,,200
EP1898232,EP1898232,2008-03-12,G01S|B60W|G08G,WO2001094970|WO2001095141,200
EP1898084,EP1898084,2008-03-12,F02M,EP0994255|DE19957591|US6223725|US20030062085|EP1365142|JP2003343395,200
EP1903200,EP1903200,2008-03-26,F02D|F01N|Y02T,WO2002038933|EP1304458|JP2005282478,200
EP1902799,EP1902799,2008-03-26,B23B|B23C|Y10S|Y10T,,200
EP1901470,EP1901470,2008-03-19,H04L,,200
EP1903184,EP1903184,2008-03-26,F01D|F05D|Y02T,,200
EP1903748,EP1903748,2008-03-26,H04L,US20030095540|WO2003049359|WO2006070067,200
EP1892572,EP1892572,2008-02-27,G03F|B41C|Y10S,JPS58159533A|JPS62167253U|JPH03100554A|WO2005111727|JP2006039468|EP1630618|JP2006078999|EP1674928|EP1798031|EP1767352,200
EP1906484,EP1906484,2008-04-02,H01P,US3769617|US5043682|EP0660438|US5600740,200
EP1906276,EP1906276,2008-04-02,G05B,WO2002031607|DE10129564,200
EP1902849,EP1902849,2008-03-26,B41J|B41M,JPH1067905A|US20040045931|WO2004002746|US20050190248,200
EP1906627,EP1906627,2008-04-02,H04W|H04L,JPH05236074A|JP2004236182|WO2005096596|EP1599020,200
EP1911797,EP1911797,2008-04-16,B60C|C08L|C08K|Y10T,US5104941|US5087668|EP0623650|EP0705879|EP0806453|EP0863182|EP0905185|GB2354523|EP1308317|EP1398347|EP1400559|EP1493597,200
EP1912176,EP1912176,2008-04-16,G06T|G01C,WO2002016874|WO2003095944|US6856897,200
EP1906205,EP1906205,2008-04-02,G01S|A01D|G05D|B60L,US6255793|WO1999015941|US6615108|US6493613|US6443509|WO2005074362|US20070142964|EP1612631,200
EP1890199,EP1890199,2008-02-20,G03G,JPH06194886A,200
EP1913897,EP1913897,2008-04-23,A61F,,200
EP1909171,EP1909171,2008-04-09,G06F,WO2001006798|US20040107416,200
EP1915896,EP1915896,2008-04-30,A01D,GB1548889|GB2034565,200
EP1914485,EP1914485,2008-04-23,F24D|F24H|F25B|Y02B,,200
EP1916218,EP1916218,2008-04-30,B65F|B66C,EP0462629|DE29905551|EP1172308,200
EP1918395,EP1918395,2008-05-07,C21D|C22C,,200
EP1918564,EP1918564,2008-05-07,F01D|F02C|F05D,,200
EP1918527,EP1918527,2008-05-07,F02K|F01D|F05D|Y02T,,200
EP1918397,EP1918397,2008-05-07,C22C|C21D|Y10S,,200
EP1918686,EP1918686,2008-05-07,G01P|G01K,,200
EP1919209,EP1919209,2008-05-07,G06T|H04N,US5905533|US5508751,200
EP1918800,EP1918800,2008-05-07,H04M|B29C|G06F|B29L,,200
EP1917959,EP1917959,2008-05-07,A61K|A23L|A61P,JPS4919855B1|WO2005123056|WO2007058612,200
EP1919267,EP1919267,2008-05-07,G02F|H04M|G02B|G06F|H05K,,200
EP1921276,EP1921276,2008-05-14,F02C|F01D|F05D,,200
EP1920972,EP1920972,2008-05-14,B60Q|F21S,DE10131098|EP1342618|DE10217191|US20040057240|JP2004227933|US20050213339|EP1591313,200
EP1921532,EP1921532,2008-05-14,G06F,US6307548,200
EP1925705,EP1925705,2008-05-28,D06F,DE2028699|JP2000279688|EP1655403|JP2006167236,200
EP1925886,EP1925886,2008-05-28,F24F,JP2002309927,200
EP1923683,EP1923683,2008-05-21,G01L|B62M|G01D,,200
EP1923760,EP1923760,2008-05-21,G05B|Y02P,WO2003009071|WO2004111738|US20060079978,200
EP1927965,EP1927965,2008-06-04,G08G|G05D,US20070240056,200
EP1923893,EP1923893,2008-05-21,H01F|B22F|C22C,JPH06244011A|EP1705668|EP1705670|EP1705669|EP1705671,200
EP1928157,EP1928157,2008-06-04,H04M|H04B,US20040142734|EP1564968|WO2004112361|GB2409598|WO2005083990|EP1617630|WO2006022383,200
EP1930455,EP1930455,2008-06-11,C22C|B22F,,200
EP1926300,EP1926300,2008-05-28,H04N,JP2002185796,200
EP1930598,EP1930598,2008-06-11,F04D|F01D|F05D|Y02T,US5167489,200
EP1931015,EP1931015,2008-06-11,H02K,,200
EP1930835,EP1930835,2008-06-11,G06F,US6509847|US20010047488|US20020167699|US20060097983|US20060211499,200
EP1932760,EP1932760,2008-06-18,H04W,US5448768|EP1317075|GB2393614|US20070088467,200
EP1931069,EP1931069,2008-06-11,H04J|H04L,US20020186681|US20040264477|EP1455473|WO2005020486|WO2005077063,200
EP1932754,EP1932754,2008-06-18,B62K|B62L|B62M|Y10T,JP2005238873|EP1582452,200
EP1933584,EP1933584,2008-06-18,H04W,,200
EP1932431,EP1932431,2008-06-18,A01J|A23C,FR1337562|DE3305668|NL8802823|DE19735595|FR2774556|EP0949158|EP1121862|US20050107515,200
EP1936022,EP1936022,2008-06-25,D06F,DE3738031|EP0548386|EP0789105|EP1669487,200
EP1936371,EP1936371,2008-06-25,G01M|G01N|F01N,US4040783|US5218874|JPH11211630A|EP1106983|JP2002243730|EP1333270|US20030159496|JP2005055333|US20050056103|JP2006105024,200
EP1933507,EP1933507,2008-06-18,H04W|Y02D,EP1473870|EP1657852|WO2006069067,200
EP1936128,EP1936128,2008-06-25,F01K|B01D|F23J|Y02A|Y02C|Y02E,EP0831205|US20060112696|US20060260290,200
EP1933467,EP1933467,2008-06-18,B25J|A01D|A01G|G05D|H04B|A47L|Y10S,US6255793|US6615108|WO2001070009|US7079923|US7133746|WO2005074362,200
EP1936777,EP1936777,2008-06-25,H01M|G01R|H02J|Y02E|Y02T,JP2001157367|JP2005168118|JP2006339897|JP2007285875,200
EP1936580,EP1936580,2008-06-25,G08C,US5414426|US6998997,200
EP1939711,EP1939711,2008-07-02,G06F,,200
EP1939650,EP1939650,2008-07-02,G01S,US5455669|JPH1090412A,200
EP1935652,EP1935652,2008-06-25,B41J|B41M|C09D|G01D,US4614953|US6050680|US6486901|EP1016538|US6464336|US6550892,200
EP1939801,EP1939801,2008-07-02,G07C|G06Q,EP0810558|US5974349|US20040111197|EP1445721|US20080021604,200
EP1939743,EP1939743,2008-07-02,G06F,US20030158883|US20040202165,200
EP1942134,EP1942134,2008-07-09,C08J|H01B|B29C|C09D,US4425443|EP0350969|DE3517731|US5225107|EP0950683|WO2003004553|US20050199415,200
EP1939230,EP1939230,2008-07-02,C08F|Y02P,WO1999029742|WO2000012572|WO2004037871|WO2004052950,200
EP1939107,EP1939107,2008-07-02,B65D|Y10S|Y10T,US4549063|US6428867|US6918532|US20050276525|US20060066096,200
EP1942315,EP1942315,2008-07-09,G01D,JP2005024493|JP2005181186,200
EP1944834,EP1944834,2008-07-16,H05K|H01R,,200
EP1944082,EP1944082,2008-07-16,F01N|B01J|B01D|Y02T,JPH08131830A|US6348430|US6294140|EP1241329|JP2003117393|JP2005000830|JP2005000829|EP1779930,200
EP1946895,EP1946895,2008-07-23,B25F|F16H,GB2396390|EP1445074|JP2004237422,200
EP1944997,EP1944997,2008-07-16,H04W|A22C|B26D,US20060030290|EP1662822|US20060251066,200
EP1943949,EP1943949,2008-07-16,A61B|G06Q|G16H|H04N,JP2002159476|EP1420354|JP2004147910|EP1462055|JP2006345537|JP2006345536|US20050215867|JP2006122304|JP2006198043|JP2007027824,200
EP1947020,EP1947020,2008-07-23,B65D,US5105946|JPH10194351A|EP0995691|JP2002211502|EP1258777|EP1522890|WO2005035394,200
EP1947311,EP1947311,2008-07-23,F02C,,200
EP1947328,EP1947328,2008-07-23,F03D|F05B|Y02E,DE7206725|JPH08312061A|JPH09195584A|US20050072067|US20040093818|WO2005015013|EP1624137,200
EP1947450,EP1947450,2008-07-23,G01N,,200
EP1950834,EP1950834,2008-07-30,H01Q,US6424309|WO2002095869|US20030011522|US20050237251|EP1418642|EP1533867|US20060077113,200
EP1950886,EP1950886,2008-07-30,H03L,US4352074|US5036298,200
EP1952932,EP1952932,2008-08-06,B22F|B23K|B23P|C23C|F01D|F04D|F05D|Y02P,US5038014,200
EP1947551,EP1947551,2008-07-23,G06F|B32B|H01B|H01H|Y10T,WO2001037007|JP2001343529|JP2002326301,200
EP1952970,EP1952970,2008-08-06,C08F|B29C|B32B|C08L|B29K,EP0190889|US5234879|EP0987279|US6166144|EP0987278|US6143825|EP1170307|DE102004040991|EP1683631,200
EP1954078,EP1954078,2008-08-06,H04W|Y02D,WO2006101371|US20060229023|US20060268891,200
EP1953464,EP1953464,2008-08-06,F24F|F25B,,200
EP1939470,EP1939470,2008-07-02,H04B|H04M,,200
EP1956392,EP1956392,2008-08-13,G01T,,200
EP1956253,EP1956253,2008-08-13,F16C,DE3525691|DE3810448|EP0692645|DE19946383|JP2006153090,200
EP1956809,EP1956809,2008-08-13,G06F|H04M,,200
EP1943956,EP1943956,2008-07-16,A61B,US5688270|US5709680|US5465895|US5529235|US6978921|US20070102453|US20070102452|US20070158385|US20070175956|US20070175952,200
EP1958851,EP1958851,2008-08-20,B62D,,200
EP1959045,EP1959045,2008-08-20,D06F|A47L,DE3403628|EP0204362|GB2214524,200
EP1884201,EP1884201,2008-02-06,A61B|F17C,US5005754|US6619529|US5954259|WO2003090630|US20060151567|US6978921|US20050070925,200
EP1959382,EP1959382,2008-08-20,G06Q,US5848271|US5960404|EP1030258,200
EP1959370,EP1959370,2008-08-20,H04L|G06F,,200
EP1954098,EP1954098,2008-08-06,H05B|Y02B,,200
EP1959588,EP1959588,2008-08-20,H04L|H04B,WO1999041876|JP2003229872|EP1467519|EP1395019|JP2005065018|EP1536609|US20050193199|JP2005303459|JP2006135874|EP1708528,200
EP1959420,EP1959420,2008-08-20,G09G|G02F|G11C,,200
EP1959562,EP1959562,2008-08-20,H03D|G01C|Y10T,EP0132885|EP0209948|US4789837|US5734683,200
EP1961769,EP1961769,2008-08-27,C08B|A23L,US2801242|US2852393|US5153020|WO1998054973|US5855946|WO1999064508,200
EP1958788,EP1958788,2008-08-20,B41M|C09D,US5395863|US20020086914|EP1642943|US20030083396|WO2005026270|JP2006299117|EP1882724|EP1903080,200
EP1961854,EP1961854,2008-08-27,D06F|Y02B,DE19854435|DE19908804|EP1505193|WO2006071022,200
EP1965139,EP1965139,2008-09-03,F24D|F24H,EP0396627|DE19912284,200
EP1964799,EP1964799,2008-09-03,B65H,DE9108408|EP0579854|US5419509|EP1288150,200
EP1961648,EP1961648,2008-08-27,B62K,JPH01285476A|JP2005207038,200
EP1965150,EP1965150,2008-09-03,F25B,,200
EP1968066,EP1968066,2008-09-10,G11B|G06F|H04N,US20060280365|EP1286516|US20040263529|US20040109674|EP1531626|WO2005057931|US20060222337,200
EP1962480,EP1962480,2008-08-27,H04M|G06F,,200
EP1962367,EP1962367,2008-08-27,H01P|H03B,US5479142|JP2004007352|JP2006244707,200
EP1968316,EP1968316,2008-09-10,H04N,EP1326173|US20030154378|WO2004056116|WO2005124583|FR2872662,200
EP1965301,EP1965301,2008-09-03,G06F,EP0660219|US6002398|US20020046290|EP1376323|US20050192926|WO2006084681|WO2006103541,200
EP1967305,EP1967305,2008-09-10,B23B|B25H|G05B|Y10S|Y10T,,200
EP1973070,EP1973070,2008-09-24,G06Q|G08B,,200
EP1970909,EP1970909,2008-09-17,G11B|G06F|H04N|H04M|H04W,GB2364430|EP1624387|US20040027931|US20060156239|US20040210593|EP1750267,200
EP1972429,EP1972429,2008-09-24,B29C|B29L|Y10T,US20070275211,200
EP1972317,EP1972317,2008-09-24,A61H|B01F,US1604435|US2261385|US2369881|DE4320329|JP2001258974|JP2006053738|EP1825842,200
EP1973078,EP1973078,2008-09-24,G07C|B60W,WO2000007150|EP1059508|US20020165694|EP1302356|EP1679673|US20070001831|US20070027593|GB2432437,200
EP1975782,EP1975782,2008-10-01,G06F,US20030063119|EP0838932,200
EP1975512,EP1975512,2008-10-01,F23R|F02C|F05D|Y02T,,200
EP1973316,EP1973316,2008-09-24,G06Q|H04M,,200
EP1976204,EP1976204,2008-10-01,H04L,US6798745|US20040151299|US20030123388|EP1528818|JP2005269197|WO2007009369|EP1909443|JP2007080467,200
EP1972312,EP1972312,2008-09-24,A61F,US5683438,200
EP1975558,EP1975558,2008-10-01,G01C|G06V,EP0921509|AU755096|WO2006080547,200
EP1976218,EP1976218,2008-10-01,H02H|H02J|H04L|Y02E|Y04S,WO2005055538|WO2006017944,200
EP1975693,EP1975693,2008-10-01,G02F|H04B,EP1004920|US20070183791|DE202006007966,200
EP1978051,EP1978051,2008-10-08,C25D|C08G|C08L,GB797175|US3230183|US3518067|JPS6352120B2|US5166423|US5250727|US6425996|US20030066756,200
EP1978134,EP1978134,2008-10-08,C25D|H05K,AU4032172|JPS6352120A|EP0770711|US6425996|US20030226758|WO2004100904|US20060065536,200
EP1975940,EP1975940,2008-10-01,G06F|G11B|H05K,US5471099|US20040164131|JP2004022057|WO2006086087,200
EP1975081,EP1975081,2008-10-01,B65D,US4845470|GB2276095|US5464092|US20050103601|US6918532|US20050247764|US20050276525|EP1619137|US20060144911|US20070275133,200
EP1978383,EP1978383,2008-10-08,G02B,US4852968|US5781684|US6658190|US6665482|US6483975|EP1477831|US20050244120,200
EP1978642,EP1978642,2008-10-08,H03K,US6700393|US6723933|US6750624|US6777958,200
EP1978633,EP1978633,2008-10-08,G01D|H02K,JPH08322276A|JP2004056892|JP2007121942|JP2007131033|JP2008061141,200
EP1982464,EP1982464,2008-10-22,H04W|H04L,,200
EP1980904,EP1980904,2008-10-15,G03B|G02B|H04N,JP3473105|JP2001201778|JP2003189164,200
EP1981224,EP1981224,2008-10-15,H04W|H04B|Y02B|Y02D,US6377790|EP1798998,200
EP1982677,EP1982677,2008-10-22,A61F,,200
EP1977707,EP1977707,2008-10-08,A61B,US20050004568|US7160298|WO2002080793|US20060217709,200
EP1983266,EP1983266,2008-10-22,F23R|Y10T,US4719748|US20050144953|US20050223713,200
EP1983700,EP1983700,2008-10-22,H04W|H04L,US20060094427|US20070004408,200
EP1982679,EP1982679,2008-10-22,A61F,,200
EP1982740,EP1982740,2008-10-22,A61M,EP0288937|DE69403802|WO2001095965|DE10226587|US20060118117|WO2005118040|WO2006074513,200
EP1980214,EP1980214,2008-10-15,A61B,US3079606|US3490675|US3499591|US4429695|US5065929|US5307976|US5312023|US5326013|US5332142|US7044353|US6241139|US6953139,200
EP1986431,EP1986431,2008-10-29,H04N|H04B|G06F|G09G,US5786846|JPH10108152A|US20010004269|US7127271|US20030117501|EP1441522|EP1549068,200
EP1988282,EP1988282,2008-11-05,F03D|H02K|F05B|Y02E,US4213057|US5506453|EP0767877,200
EP1985660,EP1985660,2008-10-29,C08L|Y10T,US3300459|EP0060090|EP0177961|EP0316187|US5919877|WO1997047682|WO2000001765|EP1201711|EP1359192|WO2003102075|EP1655333|EP1655337|EP1719788|EP1764385,200
EP1985213,EP1985213,2008-10-29,A47J|A23C|A23L|B65D|A23F,EP0756844|WO2002019875|WO2002087400|EP1609398,200
EP1990462,EP1990462,2008-11-12,D06F|Y02B,KR20040033999,200
EP1988541,EP1988541,2008-11-05,H04L|G09G|G06F,JP2007115028,200
EP1990517,EP1990517,2008-11-12,F02C|F05D,CH277880,200
EP1988621,EP1988621,2008-11-05,H02K|Y02T,,200
EP1990526,EP1990526,2008-11-12,F02D|F02M,EP0245540|US5975053|DE102005042110,200
EP1985232,EP1985232,2008-10-29,A61B,,200
EP1990707,EP1990707,2008-11-12,G06F,JPH09244780A|US20020190920|US20030025678,200
EP1990698,EP1990698,2008-11-12,H05K|A47L|D06F|F24C|F25D|G05B,EP0388728|DE19506641|EP0943283|EP1128510|EP1158248,200
EP1980213,EP1980213,2008-10-15,A61B,US5752644|US6953139,200
EP1990711,EP1990711,2008-11-12,G06F|H04B|H04M,,200
EP1990936,EP1990936,2008-11-12,H04B|H05B,,200
EP1995365,EP1995365,2008-11-26,D06F|Y02B,US5551261|DE19917582|WO2002048444|WO2004069019,200
EP1995737,EP1995737,2008-11-26,G01Q,EP0444697|US7037268|US7022976|US20070062264,200
EP1995792,EP1995792,2008-11-26,H10F|Y02E,JPH0251282A|JP2006523025,200
EP1995440,EP1995440,2008-11-26,F02D|H01F,JP2001073850|US6407593,200
EP1995910,EP1995910,2008-11-26,H04L|H04W,EP1398931|US20060221936,200
EP1994919,EP1994919,2008-11-26,A61F|B65H|Y10T,US6171432|WO1997047265|EP1189564|US6475325|US20030051802|JP2007044374|EP1941853,200
EP1993388,EP1993388,2008-11-26,A24D|A24B|A24C,,200
EP1997471,EP1997471,2008-12-03,B01F|A61J,DE3602075|WO1999063547|WO2005096776,200
EP1995979,EP1995979,2008-11-26,H04L|H04B,US20030218973|US20040176097,200
EP1998344,EP1998344,2008-12-03,H01G,US3166446|GB1604978|US5876872|WO2000076013|WO2002041336|WO2007003595,200
EP1997637,EP1997637,2008-12-03,B41J|Y10T,EP0733480|EP1089360|EP1168465|US20040164650|US20050046678|US20060049723|US20060176340|EP1708288|US20070052764,200
EP1987780,EP1987780,2008-11-05,A61B,US6241139|US6953139,200
EP1998401,EP1998401,2008-12-03,H01M|Y02E|Y02P,,200
EP1998512,EP1998512,2008-12-03,H04J|H04W|H04L,,200
EP1998596,EP1998596,2008-12-03,H05B|F23Q,,200
EP2000665,EP2000665,2008-12-10,F03D|F05B|Y02E,,200
EP1999337,EP1999337,2008-12-10,E21B,,200
EP2000671,EP2000671,2008-12-10,F04C|F25B|H02K,,200
EP2003239,EP2003239,2008-12-17,A41G|D06P|D01F,,200
EP2003237,EP2003237,2008-12-17,D06F,DE3403622|WO1988006199|US5870906|GB2386130|EP1403415|EP1731654,200
EP2003335,EP2003335,2008-12-17,F03D|F05B|Y02E,JP2007149263,200
EP2003311,EP2003311,2008-12-17,F02C|F05D,US20080080980|US20080142189|US20080141954,200
EP2000896,EP2000896,2008-12-10,G06F,JP2003223265|JP2005018669|JP2005038812|JP2007151840,200
EP2003476,EP2003476,2008-12-17,G02B,EP1052528|US20020006259|EP1116968|US20030021533,200
EP2003818,EP2003818,2008-12-17,H04L|H04W,US20030232598|US20040023640|US20050060576|US20060197702|EP1763178|WO2007054834,200
EP2007051,EP2007051,2008-12-24,H04L,,200
EP2009247,EP2009247,2008-12-31,F01D|F05D,,200
EP2006471,EP2006471,2008-12-24,E04H|F03D|E02B|F05B|Y02E|Y02P,US4248025|DE10223429|EP1561883,200
EP2007105,EP2007105,2008-12-24,H04L,US20030115332|WO2003032585|EP1318649|US20070041528,200
EP2009248,EP2009248,2008-12-31,F01D|F05D,EP0365195|EP1083299|EP1219788|DE10336863|GB2409247|US20070071593,200
EP2009612,EP2009612,2008-12-31,G08G|G01C,EP1273987,200
EP2011818,EP2011818,2009-01-07,C09D|C08J,GB2085899|WO1993017859|JP2001335702,200
EP2011894,EP2011894,2009-01-07,C22C|C23C|Y10T,US5679448|US6261673|EP1038989|US6342291|WO2006041366|WO2006080888|EP1795628|EP1798310,200
EP2011997,EP2011997,2009-01-07,F04B|F02M|F02D,DE19757594|DE10303443|WO2007007558|US20070079808,200
EP2011913,EP2011913,2009-01-07,D06F,EP0096260|EP0196398|DE3822246|DE4000378|WO2006043118,200
EP2011962,EP2011962,2009-01-07,F01C|F02B|Y02T,,200
EP2014917,EP2014917,2009-01-14,H02K|F03D|F05B|F16C|Y02E|Y02P,WO2000060719|US20010035651,200
EP2015029,EP2015029,2009-01-14,A63B|A43B|G01C,WO1999018480|WO2006065679|US20070082789,200
EP2015339,EP2015339,2009-01-14,H01H,US4958135|EP0807949,200
EP2015402,EP2015402,2009-01-14,H01R|Y10S,WO2001006602|JP2003505826,200
EP2015025,EP2015025,2009-01-14,G06Q|G01C|G06F,JP2004177245|JP2006220524,200
EP2016890,EP2016890,2009-01-21,A61B|G01B|G02B,US4633087|EP0516251|WO1996027325|US20060056661|EP1627599,200
EP2017311,EP2017311,2009-01-21,C09D|B41J|B41M,,200
EP2008595,EP2008595,2008-12-31,B29C|A61B|B29K|B29L,US5915616|FR2715309|US5964394|US6241139|US6330965|US6596304,200
EP2017257,EP2017257,2009-01-21,C07F|A61P|C07C|C07D,,200
EP2017892,EP2017892,2009-01-21,H10W|H10H,JPH1154804A|JP2007150229|JP2007188709|JP2007335793,200
EP2000101,EP2000101,2008-12-10,A61B,US3470994|EP0049664|US5680983|US5383880,200
EP2019067,EP2019067,2009-01-28,B65H,JPH08142462A|US5792263|EP1067075|JP2001071689|JP2002104718|JP2005028670,200
EP2018049,EP2018049,2009-01-21,G06T|H04N,US5138460|US5999662|US6393163|US5907626|KR20020086306|US20060062487|US20040130626|US20040228544|US20040189849|US20050008254|US20050200706|WO2005041564|US20060018547|KR20060006186|US20060181619|US20070041616|US20070041058,200
EP2019296,EP2019296,2009-01-28,G01G|A61M|Y10S,,200
EP2020822,EP2020822,2009-02-04,H04W,,200
EP2020823,EP2020823,2009-02-04,H04W|H04L,,200
EP2020183,EP2020183,2009-02-04,A21C|Y10T,JPS466932A|JPS60110237A|US5292539|JPH11127764A|EP1082903,200
EP2022419,EP2022419,2009-02-11,A61B,JPS6399853A|JP2003500098|JP2005015212|JP2005152127,200
EP2022942,EP2022942,2009-02-11,B64C|F01D|F04D|F05D|Y02T,US3637325|GB2039526|US5174024|US5449273|EP1719699,200
EP2020826,EP2020826,2009-02-04,H05B,,200
EP2022954,EP2022954,2009-02-11,F01N|E02F|B01D|F02D|Y02T,,200
EP2023038,EP2023038,2009-02-11,G02F|F21V|G02B|F21W|F21Y|H10H,JPH1082915A|JP2006092983|US20060083000|JP2006114863|EP1710603|DE102005061798|US20070091615|KR100977336,200
EP2023052,EP2023052,2009-02-11,F24F,,200
EP2023060,EP2023060,2009-02-11,F25B,,200
EP2023536,EP2023536,2009-02-11,H04L|G06F|H04W,US20020167938|US20040044789,200
EP2025558,EP2025558,2009-02-18,B60R|B32B|B62D|Y10T,EP0331447|EP0905175|US6287678|WO2004056565,200
EP2025640,EP2025640,2009-02-18,B67D,US2116622|WO2004099060,200
EP2022349,EP2022349,2009-02-11,A24F|A24B|A61M|F22B|H01M|H02J|H05B|Y02E,,200
EP2023049,EP2023049,2009-02-11,F24F,JP3284755|JP2001235174|JP2004084999|JP2007093041,200
EP1997439,EP1997439,2008-12-03,A61B,US6619529|US5954259|US20060151567|US6978921|US20070158385|US20070175960,200
EP2025777,EP2025777,2009-02-18,F01D|B33Y|F05D|Y10T,WO1992000182|US5837960|US6284323|US6924040|US6228437|US6730422|US6902836|US7063894|EP1743729,200
EP2025659,EP2025659,2009-02-18,C04B|A61K,DE19904522|WO2003076521|EP1486476,200
EP2028320,EP2028320,2009-02-25,E02F|G05G,US6061617|WO2000036250|WO2002046855|US20020084135|WO2002090668|EP1462408|US20050085929|EP1586712|EP1640512,200
EP2026534,EP2026534,2009-02-18,H04N|H04L,,200
EP2026215,EP2026215,2009-02-18,G06Q|H04M,EP1220552|US20050215238|US20050227679|US20060218115|US20070100651,200
EP2031318,EP2031318,2009-03-04,F24F,US5279458|US5682949|EP1327832|US7028912,200
EP2030570,EP2030570,2009-03-04,A61B|G01S,JPH087074A,200
EP2028909,EP2028909,2009-02-25,H04W,EP1608113|US20060036741|EP1798998|EP1858209|EP1892895,200
EP2031610,EP2031610,2009-03-04,B65H|H01F,,200
EP2034388,EP2034388,2009-03-11,G06F,US6327653|WO2003036451|US20040039950|WO2004021684|WO2004064119|US20070083785|US20070055860,200
EP2030661,EP2030661,2009-03-04,H04N|A63F,JP3141737|JP2007224908,200
EP2034380,EP2034380,2009-03-11,G05D|Y10T,,200
EP2034261,EP2034261,2009-03-11,F25B,,200
EP2034405,EP2034405,2009-03-11,G06F,GB2400211|EP1526455|US20060010314|WO2006088809|US20070198760,200
EP2034801,EP2034801,2009-03-11,H05B,GB2183941|WO1998041060|US20050127065|WO2007048700,200
EP2034687,EP2034687,2009-03-11,H04L|H04W,US20050210289|EP1580953|EP1806683,200
EP2037032,EP2037032,2009-03-18,D06F|H02K,WO2000055414|WO2000070138|WO2000070139,200
EP2034724,EP2034724,2009-03-11,G03B|H04N,JP2001255462|JP2004258620|JP2004309765|JP2006235516|JP2007212748|JP2007233249|JP2008159655,200
EP2036471,EP2036471,2009-03-18,A47J|G01K,DE20107565|WO2003092458|EP1501398|EP1491120|EP1658796,200
EP2023690,EP2023690,2009-02-11,H05B|Y02B,,200
EP2036462,EP2036462,2009-03-18,G06F|G06Q|G09G,,200
EP2037676,EP2037676,2009-03-18,H04N,DE4304365|US5483685|EP0821523|FR2784253|WO2005125009|WO2007010477,200
EP2037081,EP2037081,2009-03-18,F01D|F02C|F05D,,200
EP2039600,EP2039600,2009-03-25,B62J|B62K,TW269737|EP0751063|JP2001010567|JP2005088798|TWI269737B,200
EP2039920,EP2039920,2009-03-25,F02D,EP0481964|US6116870|WO2002020970|EP1612402|US20060130813,200
EP2039821,EP2039821,2009-03-25,D06F|F21V|H01H,US20040145884|KR20060085811|WO2007043819|US20080062673,200
EP2040124,EP2040124,2009-03-25,G03F,EP1103859|WO2002031599|WO2006087102,200
EP2040137,EP2040137,2009-03-25,G01C|B64D|G08G,,200
EP2040420,EP2040420,2009-03-25,H04L,GB2377117|US20040264486|WO2005006678|US20050078602,200
EP2040305,EP2040305,2009-03-25,H10P|H10F|C09D|Y02E|Y02P,,200
EP2042375,EP2042375,2009-04-01,B60R,EP1170175|EP1373019|JP2004058944|FR2845052|WO2005079535|EP1795394|US20060285236|JP2007038898,200
EP2043193,EP2043193,2009-04-01,H01P,US2770779|US6400235|US20040196115|WO2007099202,200
EP2042740,EP2042740,2009-04-01,F04C|F25B|Y10S,JP2006152931,200
EP2042987,EP2042987,2009-04-01,H04L|G06F,EP1182847,200
EP2043161,EP2043161,2009-04-01,H10F|Y02E,JPS6482570A,200
EP2042628,EP2042628,2009-04-01,B60R|D03D|D10B|Y10T,,200
EP2043240,EP2043240,2009-04-01,H02M,,200
EP2044832,EP2044832,2009-04-08,A01G,EP0853873|EP1377153|US20050246948,200
EP2039308,EP2039308,2009-03-25,A61B|A61M,,200
EP2043255,EP2043255,2009-04-01,H02P,,200
EP2044897,EP2044897,2009-04-08,A61B|A61M,WO1999017665|US6564078|WO2004047654|EP1523948|EP1702575,200
EP2045133,EP2045133,2009-04-08,B60R|G01S,JP2003081014|JP2007249476,200
EP2045541,EP2045541,2009-04-08,F24F,EP1092927|EP1533576|WO2006121284|EP1811241|WO2007091825,200
EP2045462,EP2045462,2009-04-08,F02M|B01D|B62J|B62K,JP2004211661,200
EP2045592,EP2045592,2009-04-08,G01M,EP0857958,200
EP2048253,EP2048253,2009-04-15,C22C|B22F|F16C,,200
EP2045660,EP2045660,2009-04-08,G03F|B41C|B41N,US2649382|US2760863|US2927024|US3036913|US3060023|US3264103|US3380831|US3458311|US3620726|US3788996|US3684771|US4323636|US4323637|US3796602|US3909282|US4032698|US4045231|US4070388|US4273857|JPS538655A|US4177074|EP0017927|US4293635|US4430417|US4431723|US4427759|US4460675|US4517279|US4726877|US4753865|US4806506|DE3828551|US4894315|US4956252|US5015556|US5175072|US5215859|US5279697|US5292617|US5804353|US5798202|US5262275|US5607814|US5719009|US5679485|US5301610|US6210854|US5707773|US6025098|US5830621|US5863704|US5506086|US6238837|US6558876|US5766819|US5889116|EP0811879|US5840463|US6797454|US6773859|US20040048199|EP1422563|EP1457821|JP2005024893|WO2007017298,200
EP2048560,EP2048560,2009-04-15,B62D|B66C|B66F|G05B|Y02P,,200
EP2045700,EP2045700,2009-04-08,G06F|H04M,US6727917|EP1278116|US20030038821|JP2003195998|US20060055662|US20070150842,200
EP2044889,EP2044889,2009-04-08,A61B|A61M,US5366478|EP0807416|WO1996036283|US20020183594|US20070197972|US6454783|WO2000032120|US20040049100,200
EP2005896,EP2005896,2008-12-24,A61B,US4817643|US6250532|US6330965|US20060011699|US20050006432|US20070179476|US20070295780,200
EP2048514,EP2048514,2009-04-15,G01S,,200
EP2048594,EP2048594,2009-04-15,G06F|G06Q|G07F,US6005942|US20030174839|WO2004034202|EP1431862,200
EP2048734,EP2048734,2009-04-15,H01M|Y02E|Y02P,US5162172|US6432586,200
EP2048672,EP2048672,2009-04-15,G06F|B32B|H01B|Y10T,,200
EP2050932,EP2050932,2009-04-22,F01D|F16C|F05D|Y02T,,200
EP2048700,EP2048700,2009-04-15,H10P|C23C|G03F,US4896004|US6258407|US6304204|WO1999041423|US6054379|US6159871|US6054206|US6171945|US6583104|US6828289|US6437443|US6936405|EP1127929|US6441491|US20020180051|US6583048|US6627546|US6726770|US6846515|US6677286,200
EP2050655,EP2050655,2009-04-22,B62D,,200
EP2050952,EP2050952,2009-04-22,F02M|F04B,US2702008|WO1992016738|US5937734|EP0972936|EP1184568,200
EP2050960,EP2050960,2009-04-22,H02K|F04C|F05B|Y10S,,200
EP2050970,EP2050970,2009-04-22,F15B|E02F,,200
EP2052853,EP2052853,2009-04-29,B32B|C04B|F16J|Y10T,US5560569|US6827312,200
EP2051410,EP2051410,2009-04-22,H04W,,200
EP2052689,EP2052689,2009-04-29,A61B,WO2007036657,200
EP2051564,EP2051564,2009-04-22,H05B,,200
EP2052968,EP2052968,2009-04-29,B64C|H02K,,200
EP2053794,EP2053794,2009-04-29,H04L|H04W,WO1999016266|US20040184426|US20050185619|JP2007274850,200
EP2053099,EP2053099,2009-04-29,B41J|C09D,EP1412438|EP1803781|WO2007035505|EP1818373,200
EP2055739,EP2055739,2009-05-06,C08K|C08L|Y10T,WO1999024479|EP1344793,200
EP2056029,EP2056029,2009-05-06,F24F,,200
EP2056298,EP2056298,2009-05-06,G11B|H04N,JP2002259066|US20060044668|JP2007284461|US20070067139|JP2007087469|JP2007208864|EP1983518,200
EP2056374,EP2056374,2009-05-06,H01M|Y02E|Y02P,US20040029000|EP1648043,200
EP2053103,EP2053103,2009-04-29,C09D|B05D|Y10S,US6310115|EP1412438|US20030199655|WO2006085992,200
EP2055934,EP2055934,2009-05-06,F02M|B23K|F04B,WO2002055881|JP2004017048|JP2005279778|JP2005342782|WO2006069819,200
EP2044890,EP2044890,2009-04-08,A61B|H01M|Y02E,US5954259|US6953139|US20060278680|EP1813203,200
EP2056644,EP2056644,2009-05-06,H04W,,200
EP2056600,EP2056600,2009-05-06,H04B|H04M|H04N,US20010004269|US20020015102|WO2001084269|EP1357726|EP1564968|US20050014527|WO2007000490|EP1750421|EP1760999,200
EP2050543,EP2050543,2009-04-22,B27F|B42B|B42C|B42P,,200
EP2058427,EP2058427,2009-05-13,D06F|Y02B,EP0467188|DE4409607|DE19738735|EP0999302|EP1209277|WO2006029953|EP1672294|EP1672295|EP1884586,200
EP2058752,EP2058752,2009-05-13,G06K|H10W,JP2000311226|JP2000200332|JP2001351082|EP1243442|EP1643420|US20050093172|US20050179122,200
EP2058474,EP2058474,2009-05-13,B21K|B23P|F01D|F05D|Y10T,,200
EP2057968,EP2057968,2009-05-13,A61F,,200
EP2058761,EP2058761,2009-05-13,B22D|G06T,,200
EP2058839,EP2058839,2009-05-13,H01K,US20060197454|JP2006279008,200
EP2058877,EP2058877,2009-05-13,H01M|Y02E|Y02P,JP2006004783|EP1630889|WO2006068383|EP1926160,200
EP2058022,EP2058022,2009-05-13,B05B|A61M|A61B|B01F|B05C,GB1221625|US4846405|WO1991003224|JP2002282368|US20030187408|EP1955660,200
EP2060227,EP2060227,2009-05-20,A61B,US6177984|US6507747|US6766184|US6636755|US20040006276|JP2006026015|US20060012874|WO2006050320,200
EP2058964,EP2058964,2009-05-13,H04N|H04H|H04B,US6094197|US20060132456,200
EP2060395,EP2060395,2009-05-20,B41J,JP2002079681,200
EP2060706,EP2060706,2009-05-20,E04H|F03D|E04G|F05B|Y02E,,200
EP2060742,EP2060742,2009-05-20,F01D|F02C|F16J|F05D,FR1554863|US4304522|US4754984|EP1010926|EP1327802|EP1777376|EP1783329|EP2025875,200
EP2060239,EP2060239,2009-05-20,A61B|H01Q,US3631363|US20020022836|US20050245919|US20060189973,200
EP2063694,EP2063694,2009-05-27,H05K|H01R|H04B|H04R,,200
EP2060970,EP2060970,2009-05-20,G06F,US5844547|EP0684541|GB2329813|US6208331|US6266240|EP1280319|WO2003032141|WO2004001560|US20070150842|US20070157089,200
EP2061212,EP2061212,2009-05-20,H04L,WO2006010526,200
EP2060909,EP2060909,2009-05-20,G01B|G01N|G21K,EP1623671|WO2004071298|US20050190882|JP2006259264|EP1731099|WO2007074029|US20070183560,200
EP2063011,EP2063011,2009-05-27,D06F|Y02B,US6184639|US6442979|EP1548169|WO2004059829,200
EP2055243,EP2055243,2009-05-06,A61B|G16Z|H01R,US786933|US4304236|US4383634|US5318221|US5752644|US5782396|US5865361|US6953139,200
EP2063394,EP2063394,2009-05-27,G06V|G06F,,200
EP2067560,EP2067560,2009-06-10,B23H|C23C,,200
EP2065796,EP2065796,2009-06-03,G06F,US5644334|US6184884|US5841855|WO1997036251|US6005578|US6373505|US20020041292|WO2004023283|US20060020904|US20060069997|EP1710673,200
EP2068535,EP2068535,2009-06-10,G06F|B60R|H04W|G07C,,200
EP2065783,EP2065783,2009-06-03,G06F|H04M|Y02D,US20050140565|US20040252913|US20050104848|US20070188450|US20070232336,200
EP2068481,EP2068481,2009-06-10,H04L|Y02D,US6898198|WO2005060142|US7085539|US20070223390|EP1855390,200
EP2068236,EP2068236,2009-06-10,G06F,WO2001093070|WO2005065111|US20060005131|US20070146347|US20070252822|US20080276200,200
EP2071009,EP2071009,2009-06-17,C10M|C10N,US20020042349|EP1154012|EP1209218|WO2002077133|US20040235686|WO2006110220|WO2006116663|US20070027043|WO2007047446|WO2007131027,200
EP2061192,EP2061192,2009-05-20,H04W|Y02D,WO2007097670,200
EP2071819,EP2071819,2009-06-17,H04M,US5754627|US7096259|US20050100157|WO2007072323|US20070263791,200
EP2072450,EP2072450,2009-06-24,B66B,EP0725033,200
EP2072814,EP2072814,2009-06-24,F03D|F05B|Y02E,,200
EP2071441,EP2071441,2009-06-17,H04M|G06F,JP2002033823|US20030156100|US20040130524|US20060197753|US20060199605|US20070057917|US20070109260|JP2007312857,200
EP2072025,EP2072025,2009-06-24,A61F,,200
EP2072813,EP2072813,2009-06-24,F03D|F05B|H02J|Y02E,,200
EP2073025,EP2073025,2009-06-24,G01R|H01F,GB568473|JPS58165308A|US5176946|EP1767952|US20050237049,200
EP2072933,EP2072933,2009-06-24,F24S|Y02E,FR2361600|DE4240541|CH693244|DE10192244|WO2005043671,200
EP2073454,EP2073454,2009-06-24,H04L,US5210748|EP1087573|EP1185039,200
EP2072259,EP2072259,2009-06-24,B41J,JPS62215272A|US4972211|EP0422870|US5389133|EP0808347|US6141113|US6402282|EP0968822|EP1157070|EP1593718|EP1652669|WO2006064040|EP1790698|EP1790697|EP1911814|EP1911813,200
EP2075362,EP2075362,2009-07-01,D06F,EP1164217|EP0796942|GB2322141|WO2001011134|EP1281803|EP1302586|EP1354997|EP1538251|EP1650338|EP1657343,200
EP2075462,EP2075462,2009-07-01,F03D|F05B|Y02E,,200
EP2075465,EP2075465,2009-07-01,F03D|F05B|Y02E,,200
EP2073514,EP2073514,2009-06-24,H04M|H04B|H04L|H04W,,200
EP2077423,EP2077423,2009-07-08,F24D|Y02B,GB2293438|GB2306631|EP0872788|EP0886110|EP1148302,200
EP2075744,EP2075744,2009-07-01,G06K,US20030155420|US20050005045,200
EP2075557,EP2075557,2009-07-01,G01K,JP2000234962|JP2000266609|JP2004301679|JP2005055254|JP2007170952|JP2007333737|JP2008299600,200
EP2077549,EP2077549,2009-07-08,G10H,US4610024|US20030000370|JP2003015644|JP2005024997|US20060147050,200
EP2074962,EP2074962,2009-07-01,A61F,US4765329|JPH0779826B2|US6059791|JP3412103|JP3420724|EP1424048|WO2004091447|US20050149057|US20060142780|EP1857074,200
EP2080326,EP2080326,2009-07-22,H04L|H04W,,200
EP2080893,EP2080893,2009-07-22,F02M,WO2002012717|EP1357284|DE10103933|JP2004239124|DE10321163,200
EP2077592,EP2077592,2009-07-08,H01M|Y02E,,200
EP2076000,EP2076000,2009-07-01,H04M|G06F|H04W|Y02D,,200
EP2080832,EP2080832,2009-07-22,D06F,US20060125428|EP1441060|US20070209228|EP1852539|EP1852542|EP1852541|EP1852540|WO2007137857,200
EP2080898,EP2080898,2009-07-22,F02N|H01H|H02K|Y10T,JPS5642437A,200
EP2082638,EP2082638,2009-07-29,A01B|A01D|G05D,US3425197|GB2142447|US20050007057|WO2000074465|DE20020641|US20070142964|ITFI20040151A1|US7185478|ITFI20050250A1|DE102007023157,200
EP2078493,EP2078493,2009-07-15,A61B,US4290433|US4479499|US4881811|US6305933|US6132210|US6024562|US6231338|US7030986|US6672868|US20050003323|US20050074718|WO2005080929|US20070099148|US20080170764,200
EP2082951,EP2082951,2009-07-29,B62J,JP3808346,200
EP2082858,EP2082858,2009-07-29,B29C|H10H,JPH07276410A|EP1174238|JP2002292695|EP1396891|JP2004363537|JP2008016856,200
EP2083591,EP2083591,2009-07-29,H04W,US20020186710|WO2003071823|EP1729532,200
EP2080622,EP2080622,2009-07-22,B41J|Y10S,EP0412459|EP1219437|US20040155913,200
EP2082845,EP2082845,2009-07-29,B25F|B25D|B23B,US4749049|US5522466|US6148930|EP1882559|WO2008034668|EP2069109,200
EP2085000,EP2085000,2009-08-05,A47J|A23F,US20030079612|WO2005063091|EP1676509|EP1810598,200
EP2085507,EP2085507,2009-08-05,D06F,CH527950|DE2233698|EP0343096|EP0344549|EP0399406|EP0796942|JP2004105250,200
EP2085044,EP2085044,2009-08-05,A61B,FR2516782|WO1996019152|WO2005115262|EP1707151,200
EP2083472,EP2083472,2009-07-29,H01Q,EP1083622|US20050041624|US20060038736|WO2006018711,200
EP2083398,EP2083398,2009-07-29,G06F|G06Q|G07C|G07F|H04L|H04W,WO1999024938|DE29821644|WO2001011577|GB2386803|US20050039027|WO2005029890|EP1696357,200
EP2085774,EP2085774,2009-08-05,G01N,US2508152|US5152401|EP0577511|US6276536|WO2001094933|US20030051535,200
EP2086015,EP2086015,2009-08-05,H10F|Y02E,,200
EP2085873,EP2085873,2009-08-05,G06F,JP2002358188|JP2008017259,200
EP2088316,EP2088316,2009-08-12,F03D|F05B|F16N|Y02E,,200
EP2088767,EP2088767,2009-08-12,H04N,JPH09304680A|JP2008025499,200
EP2088391,EP2088391,2009-08-12,F25B|F24F,,200
EP2088548,EP2088548,2009-08-12,G06Q|G07G|H04W,US6726094|WO2003046784|WO2005001670|WO2005036485|US20060129485,200
EP2088802,EP2088802,2009-08-12,H04R|H04S,US5751817|EP1005783|EP1414268|US20050041824|US20050058312|EP1443798|WO2006136615,200
EP2091246,EP2091246,2009-08-19,H04N|G09G|H04L,JP2002232377|WO2007074611|WO2007136038|WO2008013132|JP2008035189,200
EP2092871,EP2092871,2009-08-26,A47L|F25D,DE3003951|DE3304142|DE10161658,200
EP2093420,EP2093420,2009-08-26,F03D|H02J|F05B|Y02E,US20070001461|US7199482,200
EP2095763,EP2095763,2009-09-02,A61B,US4625733|US20050065443|US20070249949,200
EP2093510,EP2093510,2009-08-26,F24F,US5684463|EP1335166|JP2005291610|JP2005308278|JP2008043621,200
EP2095961,EP2095961,2009-09-02,B41J,US6296353|US6048055|EP0945271|US6505923|US20040174417|EP1541359|EP1557272,200
EP2095968,EP2095968,2009-09-02,B41J,WO2004078477|WO2005032827|US20050099478|US20060119686|US20070024686|JP2007050555|WO2007148557,200
EP2096036,EP2096036,2009-09-02,B65C,EP1052177|EP1382456|JP2004243606|JP2004136972|EP1602492|EP1602500,200
EP2096303,EP2096303,2009-09-02,F03D|F16C|F05B|Y02E,WO2004015288|EP1653079|WO2006099014|EP1927795,200
EP2096517,EP2096517,2009-09-02,G06F,JPH11354959A|JP2000349479|JP2004013685,200
EP2090239,EP2090239,2009-08-19,A61B,EP0676173|EP0760230|US5865316|US5865361,200
EP2095947,EP2095947,2009-09-02,B41C|C09D|B41N|Y10T,GB434875|JPS4537377B1|JPS4643946B1|US3567453|JPS4642363B1|JPS4943191B1|JPS4841708B1|JPS5147334B1|JPS5617654B2|US3881924|GB1388492|JPS4864183A|JPS5230490B2|JPS5849860B2|JPS5137193A|JPS53133428A|JPS6239417B2|JPS6239418B2|US4283475|JPH0140336B2|JPH0140337B2|US4343891|JPS6314340B2|JPH0216765B2|JPH0232293B2|US4327169|JPS57142645A|JPS57196231A|JPS58112793A|JPS58112792A|JPS58125246A|JPS58173696A|JPS58181690A|JPS58181051A|JPS58194595A|JPS58220143A|JPS595241A|JPS595240A|JPS58224793A|JPS5941363A|JPS5948187A|JPS5973996A|EP0109772|EP0109773|JPS5984249A|JPS5984356A|JPS5984248A|JPS59146063A|JPS59146061A|JPS59152396A|JPS59174831A|JPS59202829A|JPS59216146A|JPS6063744A|JPS6052940A|JPS6078787A|DE3337024|JPS6122048A|JPS61151197A|JPS626223A|JPH0519702B2|JPH0513514B2|US4756993|JPS6341484A|JPS63138345A|JPS63142345A|JPS63142346A|JPS63143537A|JPH01105238A|JPS63277653A|JPS63260909A|JPH01165613A|JPH02249A|JPH01152109A|JPH024705A|JPH0225493A|JPH01304453A|JPH02226149A|US5156938|JP2846954|JP2773847|JPH06345820A|JP3271226|JPH09171247A|JPH09236913A|WO1999010354|JPH11170718A|JPH11338139A|JP2000168253|US6403670|JP2000298344|JP2000318330|JP2001133969|JP2001343742|JP2002006482|JP2002023360|JP2002040638|JP2002148790|JP2002116539|JP2002278057|JP2002357907|US20030180636|JP2004102031|JP2004262135|JP2007316508|US20080038663,200
EP2100498,EP2100498,2009-09-16,A01F,US4458587,200
EP2098806,EP2098806,2009-09-09,F24S|Y02E,,200
EP2100896,EP2100896,2009-09-16,C07C|G03G,US2297691|JPS4223910B1|JPS53127726A|JPS62145255A|JPH02201378A|JPH02221967A|JPH03114892A|JPH0462092A|JPH0462094A|JPH0482896A|JPH05177958A|JPH0511504A|JPH0516545A|JPH05301470A|JPH06250357A|JPH07175187A|JPH0829934A|JP3567403|JPH1060296A|JPH11160914A|JP2002332259|JP2003237246|JP2007034254|JP2007031425|US20070092819|JP2007316591|WO2008023657|JP2008065483|JP2009036811,200
EP2101237,EP2101237,2009-09-16,G05B|B61B|H04L,US20040052450,200
EP2090244,EP2090244,2009-08-19,A61B,US5263629|US6273897|US6592597|US6656193|US20050070929|US20070158385|US20070175955|US20080003196|US20080078803,200
EP2101517,EP2101517,2009-09-16,H04S,US5173944|US6084970|US20020015505|EP1365629|EP1251717,200
EP2103719,EP2103719,2009-09-23,C25D|B01D|C23C|H10N,US3582481|GB1247544|JPS5931894A|US5401372|US5456807|WO1997030194|WO2000040398|US20040115340|WO2004034421|US20060032755|US20060040124|WO2007149109,200
EP2103269,EP2103269,2009-09-23,A61B,US4200104|US5830212|US20050113817|US20070222458,200
EP2100930,EP2100930,2009-09-16,C09D|Y10T,GB2108991|JPS62238783A|JPH02276670A|EP0569864|JPH07276789A|JPH0827693A|JPH08169172A|JPH09151342A|US5580373|JPH09323475A|JPH1025440A|JPH10140065A|JPH10217473A|JPH10153989A|JPH10235995A|JPH10217597A|JPH10337947A|JPH1143636A|JPH11172180A|JPH11209672A|JP2002080759|JP2002121440|JP2002144696|JP2002154201|JP2002166638|EP1213332|JP2003306623|EP1595923|US20060052481|JP2006273891|WO2008045549,200
EP2103905,EP2103905,2009-09-23,G01C|G01S,JPH08178652A|JP2000356518|EP1174682|EP1434029|US20070263202,200
EP2090253,EP2090253,2009-08-19,A61B,US3079606|US3490675|US3499591|US4429695|US5318221|US5040715|US5065929|US5312023|US5307976|US5326013|US5332142,200
EP2104019,EP2104019,2009-09-23,G06F|H04B|H04M,EP1815313|US20070216659,200
EP2104178,EP2104178,2009-09-23,H01Q,,200
EP2104217,EP2104217,2009-09-23,H02J|H02M|H02P|Y02P,JP2000141440,200
EP2104379,EP2104379,2009-09-23,H04W,EP1890515,200
EP2104356,EP2104356,2009-09-23,H04N,WO1999016252|US6163576|EP1061747|WO2006100625,200
EP2104261,EP2104261,2009-09-23,H04L,WO2003096298|EP1389847|EP1901471,200
EP2105192,EP2105192,2009-09-30,B01D|B01J|C04B|F01N|Y02T|Y10T,WO2002028803|EP1649924|EP1702904|US20070077190,200
EP2105995,EP2105995,2009-09-30,H01R,EP0088018|EP0225400|US4906209|US5944538|US6286209|EP0784355|US5669788|US20010055697|US20050239345|EP1788585|WO2006126624,200
EP2106015,EP2106015,2009-09-30,H02M|B29C|Y02P,JP2008087938,200
EP2105306,EP2105306,2009-09-30,B41J,JPH09164698A|JP2002192739|JP2004351871|JP2007210330,200
EP2105569,EP2105569,2009-09-30,E06B|E05B|E05C|E05D|E05Y,FR2552798|EP0311701|EP0548531|WO2002053863|WO2004027193|WO2005028799|WO2007090394,200
EP2107152,EP2107152,2009-10-07,A47L|D06F|F24C,US6029649|EP1333118|EP1417923|EP1961856,200
EP2106099,EP2106099,2009-09-30,H04L|H04W,US6731731|WO2001052205|GB2379040,200
EP2107025,EP2107025,2009-10-07,B65H,US3314621|JP2004156186,200
EP2107305,EP2107305,2009-10-07,F23R|F02C|F23N|F05D,GB2022263|EP0437433|US20040011050,200
EP2107215,EP2107215,2009-10-07,F01D|F05D|Y02T,US2879028|US5246340|US5660524|WO1998000627|US5813836|US20030133797|EP1533474|US20070041835|EP1793084|US20070172355,200
EP2107734,EP2107734,2009-10-07,H04L|Y02D,WO2002093784|EP1328081|US20050128954|WO2007012869|WO2007012867|WO2007044255,200
EP2107424,EP2107424,2009-10-07,G03G,US4265990|US4298697|US4338390|US4464450|US4560635|US4921769|US4921773|EP0784236|US5641599|US6177219|US6156468|US6255027|US6913863|EP1640808|US7312007|US20060204872,200
EP2107775,EP2107775,2009-10-07,H04M,WO1998045834|EP0973309|WO2000018083|US20040223594|EP1347622|EP1392039|US20020196914|US20030055981,200
EP2107724,EP2107724,2009-10-07,H04L,US6816490,200
EP2110931,EP2110931,2009-10-21,H02K,,200
EP2110449,EP2110449,2009-10-21,C23C|C22C|F01D|Y10T,,200
EP2111074,EP2111074,2009-10-21,H04W|H04J,,200
EP2109233,EP2109233,2009-10-14,H04B|H04J|H04L,US20020077071,200
EP2110992,EP2110992,2009-10-21,H04L,,200
EP2112362,EP2112362,2009-10-28,F02K|Y02T,,200
EP2112689,EP2112689,2009-10-28,H10W|F28D|F28F|Y10T,US7150312,200
EP2112060,EP2112060,2009-10-28,B62M|B62J|Y10S,JPH1149061A|US6423443|JP2001016136|US6669220|US7267352,200
EP2112217,EP2112217,2009-10-28,C10M|C10N,,200
EP2112786,EP2112786,2009-10-28,H04L|H04W,WO2005043824|US20060029027|GB2426663|EP1708526|US20080004009,200
EP2116356,EP2116356,2009-11-11,B29C|B32B|B64C|B29K|B29L|Y02T|Y10T,,200
EP2116854,EP2116854,2009-11-11,G01R,US4158810|US4070572|DE2829949|US4796148|EP0288998|WO1999042844|US20050253573,200
EP2117074,EP2117074,2009-11-11,H01Q|H04B,WO2007058230|US20090231215,200
EP2113867,EP2113867,2009-11-04,G06V|G06F,US7277891,200
EP2119407,EP2119407,2009-11-18,A61B,US5688267|US6506189|EP0956826|US6210411|WO2004093704,200
EP2119640,EP2119640,2009-11-18,B65D|A47J,GB1119891|EP0521186|EP0631948|EP0631848|EP0838186|US20060249035,200
EP2120175,EP2120175,2009-11-18,G06Q|G06F|G07F|H04L,,200
EP2120436,EP2120436,2009-11-18,H04M|G06F,DE19528734|US20040145574|US20080055263,200
EP2116192,EP2116192,2009-11-11,A61B|B25C,US5318221|US5915616|US5817109|US5878937|US6045560|US5862972|US5894979|US5797538|US5782396|US6202914|US5964394|US5836503|US5865361|US7398907|US7070083|US20060291981|US20070262116|US20080082124,200
EP2120419,EP2120419,2009-11-18,H04L|G06F,,200
EP2127520,EP2127520,2009-12-02,A61K|A01N|A61P,,200
EP2120138,EP2120138,2009-11-18,G06F|H04L,US7181607|US6779083|EP1727033|US8210708,200
EP2127790,EP2127790,2009-12-02,G05B|B23B|B23Q|Y10T,,200
EP2123216,EP2123216,2009-11-25,A61B,JP2003265408|JP2004089484|JP2004180940|JP2005131042|US20060149134|US20070293721|WO2007008289,200
EP2127819,EP2127819,2009-12-02,B25C,US4323127|US4121745|US4882511,200
EP2124415,EP2124415,2009-11-25,H04L|H04M,US20080005056,200
EP2127824,EP2127824,2009-12-02,B25F|H02H,,200
EP2128323,EP2128323,2009-12-02,D06F,DE10234473|US20050268670,200
EP2128392,EP2128392,2009-12-02,F02D|B01D|F01N|Y02T,,200
EP2128231,EP2128231,2009-12-02,C10M|C10N,US20040235686|EP1486556|JP2005263861|WO2006064138|US20070027043|EP1790710,200
EP2128405,EP2128405,2009-12-02,F02C|F01D|F05D|Y02T,GB1364625|EP0381361,200
EP2128299,EP2128299,2009-12-02,C23C|F01D|F05D|Y02T|Y10T,EP0178222|US5660885|US5773141|US5851678|US5871820|US5914189|US6261643|US6440575|US6794059|US6720038|US20030157361|US6627323|US7226668|US20060280955|US20070160859,200
EP2130626,EP2130626,2009-12-09,B22C|Y10T,,200
EP2128750,EP2128750,2009-12-02,G06F,JPH08221169A,200
EP2130606,EP2130606,2009-12-09,F01N|B01D|B01J|B28B|C04B,EP0820810|US5934069|GB2342055|US20020042344|EP1840347|EP1847320|US20070259770,200
EP2130501,EP2130501,2009-12-09,A61B,US4383634|US5027208|US5676674|US20070095877|US7407076|US20070187456|EP1550411,200
EP2128809,EP2128809,2009-12-02,G06Q,WO1995012859|EP1016999|JP2003141433|WO2004090825|US7156311|EP1513120|US20060006223,200
EP2130735,EP2130735,2009-12-09,B60W|B60K|B60L|B60Y|Y02P|Y02T,WO2007043953,200
EP2130726,EP2130726,2009-12-09,E05B|B60R,,200
EP2130823,EP2130823,2009-12-09,C07D|A61K|A61P,,200
EP2130860,EP2130860,2009-12-09,C08L,EP0129368|EP0260130|EP0423101|US5504171|EP0537130|EP0667359|WO1995012622|EP0688794|WO1995035323|WO1996032423|WO1997019965|WO1997028170|WO1998032776|WO1998046616|WO1998049208|WO1998056831|JPH1135744A|WO1999012981|WO1999019335|WO1999051646|WO1999061489|WO2000034341|WO2001055230|WO2001062808|JP2001261054|WO2003010208|EP1316356|WO2005002744|US20080106005,200
EP2131639,EP2131639,2009-12-09,H05K|E21B,EP0437839|US6422315,200
EP2131478,EP2131478,2009-12-09,H02K|F03D|Y02E,,200
EP2131333,EP2131333,2009-12-09,G07D,,200
EP2131322,EP2131322,2009-12-09,G02B|G06V,,200
EP2133560,EP2133560,2009-12-16,F03D|F05B|Y02E,US2273084|DE926420|GB2206930|US6703718|WO2004098968|US20060055377|DE102004057522|DE202005014265|FR2893959,200
EP2135988,EP2135988,2009-12-23,D06F,DE10236937|DE102006029918|WO2007043838,200
EP2135498,EP2135498,2009-12-23,A01B,US6336051|US6750898|US6535114|US20040221790|US20070288141|WO2006084385|WO2007031093,200
EP2090254,EP2090254,2009-08-19,A61B,US6644532|US6250532|US5673840|US5797537|US5865361|WO2002007618|US20030045900|US6905057|US7083075|US20050131457|EP1621145|US20070027469|US20080314955,200
EP2133395,EP2133395,2009-12-16,C09J|B43M|B65H|C08K|Y10T,,200
EP2092897,EP2092897,2009-08-26,A61B,US6250532|US6644532|US5673840|US5797537|US5865361|US6905057|US7083075|US20070027469|US20080314955,200
EP2135882,EP2135882,2009-12-23,A23L|C08B,US4369308|EP0516107|WO1995004082|WO1996040794|US5954883|WO1999064508|EP1443057|US6809197|US20060188631,200
EP2136555,EP2136555,2009-12-23,H04N,DE4304365|EP0821523|FR2784253|US20040194134|US20070107026,200
EP2136414,EP2136414,2009-12-23,H10H,,200
EP2138320,EP2138320,2009-12-30,B41M,JPS60204390A|JPH02276670A|JPH0776162A|JPH10166715A|US20040241425|JP2000238411|EP1759867|EP1795364|JP2006205422|EP1705027|WO2007029770|JP2007076228,200
EP2138117,EP2138117,2009-12-30,A61B,US5215531|US5562677|US5653718|WO1996036283|US5817062|US7617009|EP1629787|WO2007006306|WO2007093957,200
EP2138612,EP2138612,2009-12-30,F01D|C30B|F05D|Y02T,,200
EP2138389,EP2138389,2009-12-30,B62H|B62J|E05B|B62K,US3440844|US4330145|JP2001260969|JP2004011257|US20070068201,200
EP2136276,EP2136276,2009-12-23,G08G,US6263278|US7280896,200
EP2136286,EP2136286,2009-12-23,G08B|G06F|G10H|G10L,,200
EP2139012,EP2139012,2009-12-30,H01R|B32B|C25D|H01H,,200
EP2141355,EP2141355,2010-01-06,F03D|F05B|Y02E,US20060067828,200
EP2139127,EP2139127,2009-12-30,H04B|H04J,JPH09289494A|US6327060|JPH10256995A,200
EP2139230,EP2139230,2009-12-30,H04N|G06F,,200
EP2140058,EP2140058,2010-01-06,D06F|Y10T,,200
EP2141367,EP2141367,2010-01-06,A01K,CA801377|GB790678|DE2332531|SU1662460|WO1992020540|JPH09144741A|EP0948891|US20050199008,200
EP2144217,EP2144217,2010-01-13,G08G,,200
EP2098170,EP2098170,2009-09-09,A61B|A61M,US3100108|US5352235|US5383895|US5728121|US5865361|US5951574|US6168605|US6406440|US6905057|US20080169333|US20090012556,200
EP2141705,EP2141705,2010-01-06,G11B,,200
EP2141974,EP2141974,2010-01-06,H05K,,200
EP2145596,EP2145596,2010-01-20,A61B|A61N|Y10T,US5688267|EP0956826|US20030212394,200
EP2146330,EP2146330,2010-01-20,G07D,,200
EP2143390,EP2143390,2010-01-13,A61B,WO2002019923|JP2005193044,200
EP2146286,EP2146286,2010-01-20,G06F,JP2004519770|JP2008186436,200
EP2145999,EP2145999,2010-01-20,D06F,DE2627915|DE3438575|DE3832730|EP1719833,200
EP2146413,EP2146413,2010-01-20,H04B|H01Q|H02J|H04M,JPH05134147A|JP2005086939|JP2006011310,200
EP2147685,EP2147685,2010-01-27,G02B|C07F|C09D|Y10T,US4211823|US4889768|US5316791|EP0614957|US6489028|WO2000027931|EP1161512|US6503631|EP1156053|FR2811322|FR2834345|US20040096666,200
EP2147996,EP2147996,2010-01-27,D06F,WO2005014913|US7363781|US20060265959,200
EP2147641,EP2147641,2010-01-27,A61B,US3837555|US4014492|GB2019296|GB2051287|US5470010|EP0588081|EP1728473,200
EP2148268,EP2148268,2010-01-27,G06F,US4484179,200
EP2149783,EP2149783,2010-02-03,G01C|G08G,WO2000057202|US20020040263|US20020099528|US20040044446|US20030171856|EP1462767|US20060247828|US20070005199|EP1843127,200
EP2149755,EP2149755,2010-02-03,F24C|A47J|H05B,EP0264935|EP0271899|US4868357|JPH02122119A|EP0563698|US5373145|US5893051|EP1033538|DE10063694|WO2003011090|US7156730|US20070246453|EP1850642|EP1921384,200
EP2146500,EP2146500,2010-01-20,G03B|H04N,JPS52138924A|JPS6239722A|JPS63264715A|JPH0946596A|JP2004012601,200
EP2149824,EP2149824,2010-02-03,G05B,US20040102890|US20070288213,200
EP2148497,EP2148497,2010-01-27,H04M|G06F,DE10228568|WO2006013521|WO2006115946|US20070150842|US20080168290|WO2008085749,200
EP2151333,EP2151333,2010-02-10,B60C,US5714026|EP1029712|US20020139460|DE20216992|JP2005053311|EP1541381|WO2006007877|JP2006143040,200
EP2146271,EP2146271,2010-01-20,G06F,JP3282637|US20080165255|JP2008186228,200
EP2148245,EP2148245,2010-01-27,G03G,EP0220993|JPH06102686A|JP3124841,200
EP2151528,EP2151528,2010-02-10,E02F|B01D|F01N|Y02T,,200
EP2150031,EP2150031,2010-02-03,H04B|H04M|G04G|G06F,DE4422260|WO2000059327|DE10107702|WO2007069116|KR20080074180|EP1923778,200
EP2151657,EP2151657,2010-02-10,F41A,,200
EP2151669,EP2151669,2010-02-10,G01C,US6038498|US20010002817|US20030058134,200
EP2154542,EP2154542,2010-02-17,G01C|G01S,JP2000194983|JP2004030011|JP2006119591,200
EP2154362,EP2154362,2010-02-17,F03D|H02P|F05B|Y02E,,200
EP2151573,EP2151573,2010-02-10,F02N|H01F|H01H|H02K|F02D|Y10T,JPS4927140U|JPS5642437U|JPS5965665A|US5909067|US20040020315|JP2007242585|EP2080898,200
EP2151814,EP2151814,2010-02-10,G09G|H10K,,200
EP2154608,EP2154608,2010-02-17,H04W|G06F|H04L|Y02D,WO2002041580|WO2004031488|WO2007148186,200
EP2154799,EP2154799,2010-02-17,H04B|H04L|G02F|H04J,,200
EP2154630,EP2154630,2010-02-17,G06T|G06V|H04N,US6301440|JP2007184733,200
EP2154899,EP2154899,2010-02-17,G06T|H04N,US20060267809|US20070242890|KR100839504,200
EP2157080,EP2157080,2010-02-24,C07D|C01B|Y02P,JPH01157483A|JPH02275850A|JPH02250866A|JPH05170732A|JP2001072411|JP2003176125|JP2007222758|JP2008211875,200
EP2157163,EP2157163,2010-02-24,C11D|B41J,,200
EP2157474,EP2157474,2010-02-24,G02F|F21V,US5134548|US5568680|US6464378|JP2004055182|JP2004102119|JP2008211261,200
EP2157314,EP2157314,2010-02-24,H02K|F03D|F05B|Y02E,US4291235|US6781276|US6483199|WO2002005408|WO2002057624|WO2003023943|DE20116649|WO2005075822|US7119453|EP1612415|EP1641102|US20060152014,200
EP2158845,EP2158845,2010-03-03,A61B|G01S,US4817619|US20030018264|US20060100515|WO2006138185,200
EP2157804,EP2157804,2010-02-24,H04W|H04L|H04M,,200
EP2149973,EP2149973,2010-02-03,H05K|B60L|H02M|H10W,US20030133267|JP2008029117|EP1919069,200
EP2158842,EP2158842,2010-03-03,G01R,,200
EP2159066,EP2159066,2010-03-03,B41J,JP2003200624,200
EP2159031,EP2159031,2010-03-03,B29C|B29B|B29K|Y10T,,200
EP2159376,EP2159376,2010-03-03,F01D|F05D|Y02T,FR2294323|EP1188902|US20040022630|EP1544414,200
EP2159903,EP2159903,2010-03-03,H02K|Y02E,US20020074891,200
EP2159134,EP2159134,2010-03-03,B62D,JP2000344120|JP2008156231,200
EP2159912,EP2159912,2010-03-03,H03F,WO1998016997|WO2003038993|WO2006003608|EP1916772,200
EP2161162,EP2161162,2010-03-10,B60P|F03D|Y02E,FR1331634|DE2153492|US3799362|US4222581|US5082082|US6062809|DE19838254|DE20111901|NL1020343|US20080003088,200
EP2160047,EP2160047,2010-03-03,H04R,US2717308,200
EP2163594,EP2163594,2010-03-17,G02F|C09K,,200
EP2163464,EP2163464,2010-03-17,B62J|B62K,,200
EP2160937,EP2160937,2010-03-10,A01B,US2803183|FR1196512|DE8625564|FR2845959,200
EP2161645,EP2161645,2010-03-10,G06F|H04M,GB2347593|US20040263479|US20050212760,200
EP2163677,EP2163677,2010-03-17,D06F,DE19600489|JP2007330439|JP2008079861,200
EP2163981,EP2163981,2010-03-17,G06F|G03G,JP2007316873,200
EP2163999,EP2163999,2010-03-17,C12Q,WO1997046707|WO1997046712|WO1997046714,200
EP2163808,EP2163808,2010-03-17,H05B|F21K|F21V|F21Y,,200
EP2166381,EP2166381,2010-03-24,G01V,,200
EP2166226,EP2166226,2010-03-24,F03D|H02P|F05B|Y02E,,200
EP2166092,EP2166092,2010-03-24,C11D|C12N,GB1466799|US4246612|US4760025|US4810410|US4765916|US4972017|WO1989006270|US5114611|US5227084|WO1994022800|WO1994026859|WO1994026860|WO1995001416|US5679630|US5856164|WO1995029982|WO1996023873|WO1997000324|US6426229|WO1999006521|US6312936|WO1999023211|EP1022334|US6939702|WO2000060060|WO2002008380|US7153818|WO2002102955|WO2004111178|WO2005052146|WO2005052161|WO2006002643|WO2007044993|DE102006022224|DE102006022216|WO2007145964|DE102006042797|WO2008112459,200
EP2163935,EP2163935,2010-03-17,G02B,US854|US5969|DE4326473|US5973828|US6496267|US20010019414|US6423956|US20030132394|US20070206276,200
EP2166437,EP2166437,2010-03-24,G06F|H04M,US20070198948|US20060099938|KR20070097691|US20080158189,200
EP2168619,EP2168619,2010-03-31,A61M,EP0072058|FR2581547|EP0219899,200
EP2168468,EP2168468,2010-03-31,A47J|G07F,GB1367354|GB2019813|EP0060645|EP0373126|EP1155646|EP1348364|EP1407698,200
EP2166697,EP2166697,2010-03-24,H04L|G06F|G06Q|H04W,WO2006065002|JP2007193762,200
EP2169037,EP2169037,2010-03-31,C10M|C10N,,200
EP2165662,EP2165662,2010-03-24,A61B,US3017637|US4881544|US5389098|EP0600182|US5470008|US5816471|US20080041916|US20080142565|US20080110960|US20080105730,200
EP2169355,EP2169355,2010-03-31,G01C|G06T|G08G,US20050232512|US20070171094,200
EP2169638,EP2169638,2010-03-31,G07D,JP2007200149|JP2008250843,200
EP2169804,EP2169804,2010-03-31,H02K,EP0735652,200
EP2172665,EP2172665,2010-04-07,F16C|F03D|F05B|Y02E,,200
EP2173008,EP2173008,2010-04-07,H01Q,,200
EP2175520,EP2175520,2010-04-14,H01Q,GB1051913|GB2310975|WO2002005383|US20020083573|US20020084948|US20080084357|WO2008141297,200
EP2175355,EP2175355,2010-04-14,G06F,US20040140956|GB2402105|JP2005092441|US20070216659,200
EP2175521,EP2175521,2010-04-14,H01Q,US4074268|DE4110156|DE19711990|WO2007048258,200
EP2175344,EP2175344,2010-04-14,G06F,US20060111093|US20060197750|JP2008027183,200
EP2175343,EP2175343,2010-04-14,G06F|H04M,US6466198|US20040155991|US20050154798|EP1562105|US20080165152,200
EP2177319,EP2177319,2010-04-21,B25B,DE3403961|DE29713944|DE29820284|US20010003388|DE20105949|EP1300625|DE10211759,200
EP2177482,EP2177482,2010-04-21,C03B|B65G,EP0503647|CH683917|US5944244|EP1334953|US20070158381,200
EP2175613,EP2175613,2010-04-14,G06F|H04L,WO2001072064|US20020131404|FR2824928,200
EP2168765,EP2168765,2010-03-31,B41C,US2714066|US2800457|US2800458|GB930422|GB967074|US3111407|GB952807|US3287154|US3181461|US3280734|JPS4537377B1|US3418250|US3458311|JPS519079B1|US3660304|JPS4943191B1|US3796669|JPS4864183A|JPS5230490B2|JPS5549729B2|US3914511|US3902734|US4001140|US4087376|US4089802|JPS5137193A|US4025445|JPS5463902A|JPS62293247A|JPH02304441A|JPH0689272B2|JPH0545885A|JPH0635174A|JP3622063|JP3276868|JPH10282679A|JPH1165126A|JP3819574|JP2000089478|JP2001199175|JP2001277740|JP2001277742|JP2001253181|JP2001322365|JP2001343742|JP2002148790|JP2002079772|JP2007538279|JP4153461|JP2007058170|JP2007316582|JP2007171406|JP2007206216|JP2007206217|JP2007225702|JP2007225701|JP2007328243|EP1868036,200
EP2172834,EP2172834,2010-04-07,G06F,WO1993008551|WO2008007118,200
EP2177754,EP2177754,2010-04-21,F03D|F05B|Y02E,US4193005,200
EP2177173,EP2177173,2010-04-21,A61B|A61N,US5275597|US20060282069|US20050245920|WO2009094422|EP2128929,200
EP2178177,EP2178177,2010-04-21,H01R,,200
EP2180249,EP2180249,2010-04-28,F21V|F21K|F21Y,US20070230172|US20070285926|US20080186704,200
EP2178027,EP2178027,2010-04-21,G07C|G06V,US20040184641|JP2004265269|JP2006139415|US20080175444|JP2008181570,200
EP2177584,EP2177584,2010-04-21,C09J|Y10T,WO1991012290|JPH08218040A|JPH08209086A|JPH08333550A|JPH11241053A|JP2000265140|JP2001107007|JP2001335767|JP2002167557|JP2002294209|JP2003193006|JP2006056936|JP2008081567|JP2008239871|JP2008239872|EP2062955|EP2172528,200
EP2180644,EP2180644,2010-04-28,H04L,US6473424|US7426185|US20040062266,200
EP2181591,EP2181591,2010-05-05,A01K,,200
EP2178283,EP2178283,2010-04-21,H04B|G06F|H04M,WO2005057392|US20050132299|WO2007094894|EP1923778|US20080165153,200
EP2180776,EP2180776,2010-04-28,H05K,US20040150271|EP1538730|US7173823|US20080169088|US20080179972|EP1956649,200
EP2181657,EP2181657,2010-05-05,A61B,,200
EP2182194,EP2182194,2010-05-05,F02C|F05D|Y02E,,200
EP2181897,EP2181897,2010-05-05,B60R|G01C|H04B,JP2007245930,200
EP2183957,EP2183957,2010-05-12,A01F,DE4012738|US5595055|US5622104|US6272825|US6644006|EP1444882|US20050247215,200
EP2182306,EP2182306,2010-05-05,F25B|Y02B,,200
EP2184595,EP2184595,2010-05-12,G01M|B23Q|G01B,,200
EP2184004,EP2184004,2010-05-12,G01B|A61B,WO2006105903|JP2008029467,200
EP2184232,EP2184232,2010-05-12,B64D,US5617076|US5370525|US6091335|US6819265|US7370525,200
EP2184887,EP2184887,2010-05-12,H04L|G06F,,200
EP2187410,EP2187410,2010-05-19,H01F|B22F|C22C,,200
EP2187050,EP2187050,2010-05-19,F03D|F05B|Y02E|Y02P,US20030147753|EP1933029,200
EP2182686,EP2182686,2010-05-05,H04L,,200
EP2186833,EP2186833,2010-05-19,C08F|C08L,US3405|US109|US3242150|US3324093|US3374211|GB1532231|US4368304|US4309521|US4532311|US4621952|US4543399|US4578879|US4933149|EP0188125|US4582816|EP0250169|US4855370|US5026795|US4803251|EP0428054|EP0479186|US5391654|EP0517868|EP0560035|EP0579426|EP0580930|EP0600414|EP0696293|WO1994025495|EP0699213|EP0707513|EP0684871|EP0797599|WO1996019503|EP0721798|WO1996032420|WO1998015591|EP0891990|WO2000029452|EP1310295|EP1415999|WO2005087261|EP1591460|EP1600276|EP1655339|WO2006048260|WO2006063771|WO2007025640,200
EP2180376,EP2180376,2010-04-28,G03G,JPS4730330U|JPH0324248B2|JP2649162|JPH04189873A|JPH0598181A|JPH05263007A|JPH0543813A|JPH05140473A|JPH05140472A|JPH05279591A|JPH08176293A|JPH08208820A,200
EP2189568,EP2189568,2010-05-26,D06F,DE3216315|US4665628|DE10255575|US20050086824,200
EP2189637,EP2189637,2010-05-26,F02C|F05D|Y02E,,200
EP2190009,EP2190009,2010-05-26,B06B|A61B|G01N|Y10T,US20030187356,200
EP2190213,EP2190213,2010-05-26,H04R,KR20010048552|EP1465454|US20060045304|US20060233413|WO2007049254,200
EP2189755,EP2189755,2010-05-26,G01C|G06T|G08G,US6163743|US6985801|US20040160341|EP1460384,200
EP2192416,EP2192416,2010-06-02,G01R|H02H,EP1195875|WO2003023429,200
EP2192756,EP2192756,2010-06-02,H04M,US20060072726|EP1801743|US20090043627,200
EP2192681,EP2192681,2010-06-02,H02J|B63H|H02P,US5646510|JPH11266532A|JP2008148376|GB2444840,200
EP2194425,EP2194425,2010-06-09,H10D|G02F|G09G,,200
EP2194739,EP2194739,2010-06-09,H04W|Y02D,WO2002085049|WO2008093103|WO2008132946,200
EP2194694,EP2194694,2010-06-09,H04B|A45C|A45F|B60R|H04M,US4299344|US5542105|US5666273|US5748454|US6219694|JPH11342022A|EP1301011|US20060116183,200
EP2194444,EP2194444,2010-06-09,G06F,EP1965291,200
EP2192554,EP2192554,2010-06-02,G06T|G01C|G06F|G08G|G09B,,200
EP2196631,EP2196631,2010-06-16,F01D|F05D|Y10T,EP0517463|GB2301110,200
EP2192750,EP2192750,2010-06-02,H04M|G06F|B60K|G09G,,200
EP2187650,EP2187650,2010-05-19,H04N,US20090251531,200
EP2196386,EP2196386,2010-06-16,B60G|B62D|B62K,,200
EP2196578,EP2196578,2010-06-16,D06F,EP1548178|WO2007077093,200
EP2196775,EP2196775,2010-06-16,G01C|G07C|B64D,GB2420646,200
EP2196574,EP2196574,2010-06-16,D06F,DE8403009|US5870906|US6401499|WO2008016683|EP1995368|WO2008138798|EP2011913,200
EP2196906,EP2196906,2010-06-16,G06F,US20050038848|WO2006107531|US20080082547,200
EP2197167,EP2197167,2010-06-16,G06K|H04B|H04L,US20060165060|WO2008107437,200
EP2197228,EP2197228,2010-06-16,H04W,WO2008055251|WO2008088592|US20080305801,200
EP2198783,EP2198783,2010-06-23,A61B,US20020085673|WO2001060257|US6731717|US6584171|US7103141|US7016461|US20040190678,200
EP2199701,EP2199701,2010-06-23,F24F|Y10T,,200
EP2199453,EP2199453,2010-06-23,D06F,FR2289658|EP1029961|EP1431442|US20070151120|EP1845185|EP1854916,200
EP2197238,EP2197238,2010-06-16,H04B|H04W,FR2757004|WO2003094285|WO2006006117|EP1659813|EP1845584|EP1956732,200
EP2199893,EP2199893,2010-06-23,G06F,WO2004063862|WO2006126047|WO2009018314|EP2045700,200
EP2200176,EP2200176,2010-06-23,H03F|G06G,US4059812|US4251743|EP0944246|US20030058039|US6608516|US20050179468|US20070229161,200
EP2200111,EP2200111,2010-06-23,H01M|Y02E,WO2006112627|US20060261960|US20060263650|US20080254359,200
EP2200120,EP2200120,2010-06-23,H04R|H01Q,,200
EP2200348,EP2200348,2010-06-23,H04R|H05K,WO2001043497|EP1587344|US20070229369|WO2008023860,200
EP2200273,EP2200273,2010-06-23,G02B|H04N,US5845156|US6097896|US20040052513|EP1647859,200
EP2200342,EP2200342,2010-06-23,H04R,EP0064042|US6330339|US20040097824|US20070112277|WO2008097201|WO2008097200,200
EP2200366,EP2200366,2010-06-23,H04W,EP1467586|EP1850616|US20070264992,200
EP2200360,EP2200360,2010-06-23,H04W,,200
EP2202086,EP2202086,2010-06-30,B42D,DE202007|US2011403|US4166551|DE8233046|US6053356|DE202007011708,200
EP2202078,EP2202078,2010-06-30,B41J,US20020057319|EP1114726|EP1757456,200
EP2200145,EP2200145,2010-06-23,H02J|B25F|H01M|Y02E,,200
EP2202668,EP2202668,2010-06-30,G02B|G06K,EP0360581|JPH06150039A|EP1223535|US20060022051|US20060043194|EP1933254,200
EP2202129,EP2202129,2010-06-30,B62D|F16C|F16H,,200
EP2202914,EP2202914,2010-06-30,H04L|Y04S,US7081827|US20080100141|WO2006126160|EP1838032|DE102006036770,200
EP2165664,EP2165664,2010-03-24,A61B|G16Z,US3155608|US3157308|US5403312|US5688270|US5709680|US20040232196|US6978921|US20070102452|US20070102453|US20070158385|US20070175962|US20070175955|US20070175952|US20070175956|US20080167522,200
EP2202771,EP2202771,2010-06-30,H01H|B25B|B25F,US4631460|US4894492|JP3768400,200
EP2204462,EP2204462,2010-07-07,C22C,EP0633325|US6106767|WO1999067436|WO2000014290|EP2039789,200
EP2202459,EP2202459,2010-06-30,F21V|F21S|F21Y,FR2758606|DE10204481|US20070086202|DE102007006258,200
EP2202624,EP2202624,2010-06-30,G06F|H04N|G09G,JP4135487,200
EP2204294,EP2204294,2010-07-07,B60C,,200
EP2204754,EP2204754,2010-07-07,H04L|G06F|G09G,US5919257|US20070282757|US20080083019,200
EP2204643,EP2204643,2010-07-07,G01N,,200
EP2206795,EP2206795,2010-07-14,C22C,,200
EP2207146,EP2207146,2010-07-14,G07C,,200
EP2204997,EP2204997,2010-07-07,H04N,,200
EP2206828,EP2206828,2010-07-14,D21F,,200
EP2206841,EP2206841,2010-07-14,E03F,DE102006053751,200
EP2207348,EP2207348,2010-07-14,H04N|G06F|G06Q,,200
EP2208467,EP2208467,2010-07-21,A61B|G01S|G06T,US6544178|EP1582150|WO2008081558|US20100030079,200
EP2205043,EP2205043,2010-07-07,H05B|Y02B,,200
EP2209197,EP2209197,2010-07-21,H02M|H05B|Y02B,WO1997001211|US5546294|DE19925490|US20010036085|US20030205572|US20060034123|WO2008137935,200
EP2202083,EP2202083,2010-06-30,B41J,JPH0428555A|JPH0439041A|EP1035466|JP2000272116|JP2005067191|US20060214960,200
EP2208933,EP2208933,2010-07-21,F23R,,200
EP2209280,EP2209280,2010-07-21,H04L,WO2002059787|US20070033249|WO2007101473,200
EP2207211,EP2207211,2010-07-14,H10H,US20080145961|US20060220043|US20070131947|EP1953838|DE102007022947|KR100838197|US20090039359|WO2009039805,200
EP2211479,EP2211479,2010-07-28,H04B|H02H|H04L|H04J|Y04S,WO1994003002|US20020105909|US20030081634|US20070230361,200
EP2209239,EP2209239,2010-07-21,H04J|G06F,,200
EP2210922,EP2210922,2010-07-28,C09D|B41M,,200
EP2209283,EP2209283,2010-07-21,H04L,JP2004179764|US20080144605|WO2008094330,200
EP2211319,EP2211319,2010-07-28,G08B|H04M,US5666157|US20040113778|JP2000032167|US20010038067|DE20303025|WO2005025187|DE102005047711|WO2007116211|US20080191892,200
EP2213773,EP2213773,2010-08-04,D01H|B65H,US4550886|JPH08246268A|JP2005232612|JP2007284812|EP1882663,200
EP2214122,EP2214122,2010-08-04,G06V,EP0782118|US20060244830|EP1711006|WO2006080547,200
EP2216599,EP2216599,2010-08-11,F23R|F23D,,200
EP2214457,EP2214457,2010-08-04,H05B|Y02B,,200
EP2218900,EP2218900,2010-08-18,F02M,GB2112455|EP0153494|DE19853266|DE10346212|DE102006008647,200
EP2216788,EP2216788,2010-08-11,A63B|G11B|H04N,WO1995010915|WO2000010075|WO2001078050|WO2002071334|WO2004032516|US20070002039,200
EP2214357,EP2214357,2010-08-04,H04L,US5870605|WO2003005288|WO2003049369,200
EP2218879,EP2218879,2010-08-18,F01D|Y02T,,200
EP2218939,EP2218939,2010-08-18,H02K|F16F|Y10T,DE19943038|DE102005031813|DE102008023361,200
EP2218942,EP2218942,2010-08-18,F16H|B62D|Y10T,US3850046|DE3635212|JP2004225808|JP2006256414|DE102007032012,200
EP2219396,EP2219396,2010-08-18,H04W|G08G|H04L,US20050153687|WO2007114842,200
EP2224114,EP2224114,2010-09-01,F02C|F05D,,200
EP2223849,EP2223849,2010-09-01,B62K,JPS63170391U|JPH04110287A|JPH0450594U|JPH04183690A|JPH04128993U|JPH04362484A|JPH1067360A|JPH10324281A,200
EP2221150,EP2221150,2010-08-25,B25F,EP0142650|GB2169541|WO1988002242|US5353474|US6161256|EP1690649,200
EP2219142,EP2219142,2010-08-18,G06Q|H04M,US6121968|WO2005104512|WO2007033495|US20070180060|CA2541562|US20070280459,200
EP2224254,EP2224254,2010-09-01,H04W,,200
EP2224611,EP2224611,2010-09-01,H04B,US5379445|GB2353159,200
EP2224052,EP2224052,2010-09-01,D06F,,200
EP2218409,EP2218409,2010-08-18,A61B,US5027308|US5752644|US20080041916|WO2000072765|US20080142565|US20080110960|US20080105730|EP1943958|US20080255607,200
EP2224706,EP2224706,2010-09-01,A61B|G16H|H04M,WO2001043473|US20010032059|US20010020898|JP2004038430,200
EP2224172,EP2224172,2010-09-01,F23R|F23D,,200
EP2224630,EP2224630,2010-09-01,H04J,,200
EP2226416,EP2226416,2010-09-08,D03D,JPS51124159U|WO2004029347|EP1552048|EP1790764|JP2007177341|EP2014808,200
EP2226471,EP2226471,2010-09-08,F01D|F05D,JPH02241904A,200
EP2226409,EP2226409,2010-09-08,C23C|F04D|F05D,US3248251|US5098797|US5260099,200
EP2226894,EP2226894,2010-09-08,H01Q,US20020149526|WO2006018567,200
EP2226869,EP2226869,2010-09-08,H01M|Y02E|Y02P,DE2524300|US20030062965|EP1612579|US20080055046,200
EP2226923,EP2226923,2010-09-08,H02K,EP0095962|EP1376818|EP1376828|JP2005348461|JP2006033964,200
EP2226713,EP2226713,2010-09-08,G06F,EP0895154|US20020065065|US20070264976|US20080256471,200
EP2226681,EP2226681,2010-09-08,B41C|G03F,JP2003316445|JP2006239860|JP2007316445|JP2008213177,200
EP2226814,EP2226814,2010-09-08,H01F|C22C,JPS5254998A|JPS5655503A|JPS59170201A|JPS60128202A|JPS61154112A|JPH0257663A|JPH01234502A|JPH03126801A|JPH03211203A|JPH0617015B2|JPH04217024A|JP3092672|JPH05213601A|JPH05230501A|JPH05234729A|JPH06138830A|JP3410171|JP2911017|JPH07268632A|JPH07326508A|JPH08143913A|JPH08153613A|JPH08183601A|JPH09157803A|JP3595064|JP2881409|JP3463911|JP3250551|JP3522207|EP1494251|JP2005025441|JP2005158863|EP1752994|EP1793393|EP1995854|EP1956698,200
EP2228518,EP2228518,2010-09-15,F01D|F05B|F05D|Y02T|Y10S,,200
EP2226991,EP2226991,2010-09-08,H04M|G06F,,200
EP2228626,EP2228626,2010-09-15,G01C|G01S,,200
EP2228661,EP2228661,2010-09-15,G01R,US6570592|DE10047612|US20050261847|EP1755025|US20070282542|EP2058668|WO2009143466,200
EP2228714,EP2228714,2010-09-15,G06F|H04N,JPH07314843A,200
EP2228320,EP2228320,2010-09-15,A23F|A47J|B65D,BE552534|DE1989147|FR2617389|US5242702|US5897899|EP0806373|EP1295554|WO2003073896|WO2004083071|EP1580144|WO2007114685|EP1854741,200
EP2228852,EP2228852,2010-09-15,H01M|Y02E|Y02P,JP2005267945|JP2006228551|US20060222937,200
EP2230050,EP2230050,2010-09-22,B25C,GB2000716|US6604666|US6705503|US20040232194|US6971567,200
EP2229008,EP2229008,2010-09-15,H04R,US5386476|DE9307905|EP0674465|DE9413843|US20070081684,200
EP2229036,EP2229036,2010-09-15,H04L|H04W,,200
EP2228808,EP2228808,2010-09-15,C23C|B22F|C22C|H01F,,200
EP2230327,EP2230327,2010-09-22,C23C,JP2003025117,200
EP2228942,EP2228942,2010-09-15,G06F|H04L,,200
EP2229900,EP2229900,2010-09-22,A61B,US5514133|US20020183594|WO2006019723|WO2006110733|US20060241651|WO2008121294,200
EP2230349,EP2230349,2010-09-22,D06F,GB2091123|GB2116068|EP0106289|GB2382642|EP1655401,200
EP2230382,EP2230382,2010-09-22,F01D|F05D,,200
EP2228109,EP2228109,2010-09-15,G06F|A63F,JP2000308756,200
EP2230839,EP2230839,2010-09-22,H04N,EP0700211|JPH11168702A|EP1022898|US20030172385|US20020196370|US20040213542|US20070052855,200
EP2233116,EP2233116,2010-09-29,A61F|Y10T,EP1132325|US20060266465|EP1994919|EP2036522,200
EP2233409,EP2233409,2010-09-29,B65F|E04F,WO2007120086|KR20090025016,200
EP2233600,EP2233600,2010-09-29,C23C|F01D|F05B|F05D|Y10T,US5169674|US5484980|WO1996031293|US5660885|US5773141|US5851678|US6261643|US6103315|WO2001083851|EP1428902|US6933061|WO2006137890|EP1710398|EP1780308|EP1806436,200
EP2234276,EP2234276,2010-09-29,H04W|H04B,,200
EP2233938,EP2233938,2010-09-29,G01R|B60L|Y02T,,200
EP2236205,EP2236205,2010-10-06,F01N|B01J|B01D|Y02T,WO2002011884|JP2007289924,200
EP2233252,EP2233252,2010-09-29,B25F|B25D,GB2284377|US6431425|US20020185514|EP1864761|WO2008136368|EP2011606,200
EP2236097,EP2236097,2010-10-06,A61B,US6250532|US6202914|US6669073|US6953139|WO2002017799|US7083618|US7143924|US7455682|US20070106295|EP1785098,200
EP2236264,EP2236264,2010-10-06,B29C|B65D|B29K|B29L,US3119540|GB1348370|DE3913468|FR2700493|JPH10129737A|EP1440903,200
EP2236591,EP2236591,2010-10-06,C10M|C10N,US4664825|EP0552863|EP0552892|US6063741|GB2293389|US5840672|EP1728848|WO2007120712,200
EP2236650,EP2236650,2010-10-06,C23C|C04B|F01D|F05D|Y10T,EP1088908|EP1609885|EP1978210|DE102007050141,200
EP2236757,EP2236757,2010-10-06,F01D,,200
EP2236658,EP2236658,2010-10-06,D06F,KR20000045020|US20030230122|EP1918441,200
EP2236766,EP2236766,2010-10-06,F02C|F01D|F05D,US5657998,200
EP2233080,EP2233080,2010-09-29,A61B,US4300565|EP0592000|US5690269|US5490856|WO1997001989|US7308998|US7303107|US6746458|US7275674|US6656193|US20070027554,200
EP2236957,EP2236957,2010-10-06,F25B,JP2005337659,200
EP2236099,EP2236099,2010-10-06,A61B,US5476206|US5397324|EP0667119|US5902312|US5762256|US5782396|US6032849|EP2005894|EP2005895,200
EP2236994,EP2236994,2010-10-06,G01F,EP0890826|EP0945712|EP0952430|EP1742024|WO2008053193|WO2008129050|DE202007011493,200
EP2237111,EP2237111,2010-10-06,C08L|G03G|C08G,,200
EP2236995,EP2236995,2010-10-06,G01F|Y10T,GB2359140|US20080271543|WO2008053193|DE202007011493,200
EP2237352,EP2237352,2010-10-06,C01B|H01M|Y02E,JP2008053209,200
EP2237019,EP2237019,2010-10-06,G01N,US6004816|US20050202400|JP2007263958,200
EP2237583,EP2237583,2010-10-06,H04W,US5862483|WO2004040938|US20050148368|WO2005076648|EP2003914,200
EP2239083,EP2239083,2010-10-13,B23K|F01D|F05D|Y10T,US2326430|JPH10230375A|EP1596036|DE102007023151,200
EP2237563,EP2237563,2010-10-06,H04N|G06F,JP2000305706|JP2004523031|JP2003344059|JP2005038422|JP2006295779|JP2007108570|JP2008070968,200
EP2237633,EP2237633,2010-10-06,H04W|H04L,EP1608194|WO2009022822,200
EP2241746,EP2241746,2010-10-20,F02M|Y10T,JP2000297723|US6338333|EP1094217|US20080302336|EP1862666|EP1967728,200
EP2241242,EP2241242,2010-10-20,A47L,,200
EP2239973,EP2239973,2010-10-13,H04W|H04M,US20070111754|EP2003912,200
EP2239459,EP2239459,2010-10-13,F03D|Y02E|Y10T,,200
EP2241663,EP2241663,2010-10-20,D06F,FR2453930|EP0250870|EP0252323|DE4009102|GB2287961|EP1302586|EP1584729|DE102007016077,200
EP2238901,EP2238901,2010-10-13,A61B|A61M,WO1997029684|US6380732|US6188355|US6593884|US6833814|US6947788|US6711429|US6615155|WO2003086498|US7233820|US20090284255,200
EP2241800,EP2241800,2010-10-20,G02B|G02F,,200
EP2242235,EP2242235,2010-10-20,G06Q|H04W|H04L,WO2001044978|US20020184418|US20050289469|US20080085706|WO2008079203,200
EP2242258,EP2242258,2010-10-20,G06Q|H04N,US20030028884|US20050216931|WO2007078847|WO2008022328,200
EP2244148,EP2244148,2010-10-27,G05B|B64D|F02C|Y02T,DE102005055000|EP2009526|EP2014898|FR2920410,200
EP2242301,EP2242301,2010-10-20,H04W,,200
EP2242259,EP2242259,2010-10-20,H04N,WO2002007433|EP1363204|US20060136966|US20070154163|US20080168503,200
EP2244171,EP2244171,2010-10-27,G06F,JP2003511799|JP2004005672,200
EP2244508,EP2244508,2010-10-27,H04W|Y02D,WO1998026614|WO2008132946,200
EP2241963,EP2241963,2010-10-20,G06F,US6331840|EP1775925,200
EP2238933,EP2238933,2010-10-13,A61B,US5342315|US5628732|US5795289|US7163525|US7371227|US20060247673|US20070270654|DE102007011570|EP2181657,200
EP2244239,EP2244239,2010-10-27,G08G|G01C|G01S,US6885334,200
EP2244310,EP2244310,2010-10-27,H10H|H10W,,200
EP2246528,EP2246528,2010-11-03,F01D|F16C|F05D,,200
EP2248428,EP2248428,2010-11-10,A22C|A22B,US4215450|US4799292|US5098336,200
EP2246554,EP2246554,2010-11-03,F02M|Y10T,US20070075166|US20020079388|US20040011899|DE102004038189|DE102005052254|EP1820958|EP1990532,200
EP2247156,EP2247156,2010-11-03,H05B|F23Q,,200
EP2248880,EP2248880,2010-11-10,C11B,GB711352|GB917638|ES438927|US4522119,200
EP2242240,EP2242240,2010-10-20,G06F|G08C|G09G|H04L|H04M|H04W,US20040048570|WO2006043977|EP2000916,200
EP2249493,EP2249493,2010-11-10,H04B|H04J,US6498886|EP1349416|EP1422845|EP1942590,200
EP2249289,EP2249289,2010-11-10,G06V,,200
EP2248480,EP2248480,2010-11-10,A61B,US4940064|US7151964|US20070093806|US6322558|US7465300|US20050177151|US20050256522|US20060200049|US20070060847|WO2007050960|US20080009750|WO2008045958|WO2008063195|US20080097220|US20080161793|US20080275440|US20080294144|EP2047797,200
EP2249512,EP2249512,2010-11-10,H04L,,200
EP2245994,EP2245994,2010-11-03,A61B,US5383880|US20090057369|EP1980215|EP2027819,200
EP2248474,EP2248474,2010-11-10,A61B,US7407076,200
EP2249260,EP2249260,2010-11-10,G06F|G11B|H04L|H04N|G06Q|G11C,US5717821,200
EP2251481,EP2251481,2010-11-17,D06F,EP0528768|EP1690972|EP1884584|EP2011913,200
EP2251986,EP2251986,2010-11-17,G06K|H04B|H04W,EP1814239|WO2007113729|WO2008062374|CN101013903|WO2008091065|EP1975854|CN101241541,200
EP2251644,EP2251644,2010-11-17,G01C|G06F|H04M,US6128006|US20080055241|US6320496|US20060136630|US20040257339|US20090073112,200
EP2253283,EP2253283,2010-11-24,A61B,US4016884|US20080027476|WO2008103151|WO2009036343|EP2044889,200
EP2251937,EP2251937,2010-11-17,H01R,US4334728|EP1780834|JP2008052993|JP2008112700|JP2008192574,200
EP2253827,EP2253827,2010-11-24,F02M|Y02T,WO2005043016|DE102006006886|US20080135020|DE102007002841|DE102007004560|DE102007031306,200
EP2253805,EP2253805,2010-11-24,F02K|F01D|F01M|Y02T,,200
EP2253568,EP2253568,2010-11-24,B65H,US7222813,200
EP2245993,EP2245993,2010-11-03,A61B,US5285945|US7201734|US6807965|US7247154|US7055731|US6964363|US6981628|US7111769|US6786382|US7000819|US6959852|US6905057|US7434715|US7364061|US20060042636|US20060247673|US20060271075|US20070260273,200
EP2256294,EP2256294,2010-12-01,F04D|F01D|F02C|F05D,,200
EP2254131,EP2254131,2010-11-24,H01F|H02K|Y10T,,200
EP2254174,EP2254174,2010-11-24,H01M|Y02E|Y02P|Y10T,JPH0831460A|US20060263648|EP1926160|EP1970722|US20090098418|KR100851963|EP2197071,200
EP2256360,EP2256360,2010-12-01,F16D,,200
EP2256610,EP2256610,2010-12-01,G06F,EP1022650|US20070150842|US20090006991,200
EP2256121,EP2256121,2010-12-01,C07F,WO2009086263,200
EP2256402,EP2256402,2010-12-01,F21V|F21K|H05B|F21Y|H10H|H10W|Y02B,,200
EP2257076,EP2257076,2010-12-01,H04N,EP0233636|JPS63214095A|US5796373|US6678091|EP2056155,200
EP2257129,EP2257129,2010-12-01,H05B|H02M,,200
EP2253838,EP2253838,2010-11-24,F03D|F05B|Y02E,US5088665|DE19833869|WO2001014740|DE19964114|WO2002008600|WO2003029644|DE102006017897|WO2007140771|EP1944505|EP2031242,200
EP2256698,EP2256698,2010-12-01,G07D,JPH0627035A|JPH08292158A|EP1011079|WO2001054076,200
EP2258461,EP2258461,2010-12-08,B01D|Y02C|Y02E,US3516799|GB2096916|JPH03193116A|US6689332|US6146603|US20010026779|DE10002982|JP2004524147|DE10310395|US20050155925,200
EP2257909,EP2257909,2010-12-08,H04L|G06V|G07D|G07F,,200
EP2258602,EP2258602,2010-12-08,B62B,,200
EP2259019,EP2259019,2010-12-08,G01C|H03F,US6253612|EP1624285|EP1715580|EP1959234,200
EP2259577,EP2259577,2010-12-08,H04N|G06T|H04H,EP1021040|US6658168|US20020041705|WO2007149458|US20080198094|US20090123025,200
EP2258216,EP2258216,2010-12-08,A23L|A61P|A23V,WO1996010922|US6036992|WO2004112507|EP1638414|US20070031537|WO2007039596|WO2008003330|WO2008108651|WO2008111832|WO2009002145|WO2009051502,200
EP2260739,EP2260739,2010-12-15,A61F|A44B,,200
EP2260733,EP2260733,2010-12-15,A24D|A24B|A24F,,200
EP2262236,EP2262236,2010-12-15,H04N,US6608633,200
EP2262230,EP2262230,2010-12-15,H04N,EP0700211|US5907659|WO2000046988|EP1133176|DE10126623|EP1225762|US20060143666|US20060110111|WO2005009024|WO2006136989|US20070162817|US20070198932|US20080134097,200
EP2260700,EP2260700,2010-12-15,A01K,EP0985343|JP2008199979|EP1961298,200
EP2262339,EP2262339,2010-12-15,H04W,,200
EP2259226,EP2259226,2010-12-08,E05G|E05F|E06B|G07C,,200
EP2262329,EP2262329,2010-12-15,H04W|Y02D,WO2008131588|WO2008131591,200
EP2262285,EP2262285,2010-12-15,H04R,US5473701|WO1999009786|EP1579728|EP1443798|US20070061026|US20070230729|WO2007137364|US20080152167|US20090074197,200
EP2262048,EP2262048,2010-12-15,B60K|B60L|H01M|Y02E|Y02T,,200
EP2264282,EP2264282,2010-12-22,F01D|F05D,US20080232953,200
EP2263434,EP2263434,2010-12-22,A01B,US4096915|US20030178208|JP2004166629|FR2900285|EP2160937,200
EP2267279,EP2267279,2010-12-29,F01D,GB2061396|EP0808991|EP0844369|EP1508673,200
EP2267304,EP2267304,2010-12-29,F16D|F03D|F05B|Y02E,,200
EP2265049,EP2265049,2010-12-22,H04H|H04L|H04W,,200
EP2267791,EP2267791,2010-12-29,G06F,,200
EP2266735,EP2266735,2010-12-29,B23C|B23B|Y10T,DE4435857|EP1013367|EP1273373|DE102007044095|WO2009128775,200
EP2268090,EP2268090,2010-12-29,H04W,,200
EP2267954,EP2267954,2010-12-29,H04L,US7124187|US20030128706|US20040004938|US20040246896|US20060067243|US20090103442,200
EP2267309,EP2267309,2010-12-29,C09K|C10M|F04B|F04C|C10N|F05C|F25B,,200
EP2263588,EP2263588,2010-12-22,A61B,US5617854,200
EP2271047,EP2271047,2011-01-05,H04L,US20060075503|US20060101519|US20070067846|US20080022397,200
EP2270420,EP2270420,2011-01-05,G01N|E21B|G01B,US3940689|US4292588|US5233297|US6924640|EP1795920,200
EP2272381,EP2272381,2011-01-12,A23L|A23C|A23V,EP0322589|EP0880902|WO2001011990|WO2003059778|WO2006077259,200
EP2272339,EP2272339,2011-01-12,A01N|A61K|A61P|A61Q|B05B,US5265772|US5944227|US6877642|US20060243740|US7028861|US20060124662|US20070185216|US20070184013|US20090018213,200
EP2273823,EP2273823,2011-01-12,H04W,,200
EP2270274,EP2270274,2011-01-05,D06F,GB2075559|EP0254018|US4949477|GB2248920|EP0552843|EP1146161|EP1411163|JP2004135715|EP1584734|EP1634984|EP2039819,200
EP2275655,EP2275655,2011-01-19,F02C|F01D|F05D|Y10T,US7434405,200
EP2275388,EP2275388,2011-01-19,C03B|B65G,DE4234536|EP0807609|EP1566365|ES2265244,200
EP2273513,EP2273513,2011-01-12,C22C|H01F|B22F,,200
EP2276240,EP2276240,2011-01-19,H04N,,200
EP2278224,EP2278224,2011-01-26,F23D|F04D|F23L,,200
EP2276253,EP2276253,2011-01-19,H04N,,200
EP2273583,EP2273583,2011-01-12,H01M|Y02E|Y02P,,200
EP2278316,EP2278316,2011-01-26,G01N|Y02A,JP3511468|US5707504|US20040118703|JP2004301579|US20060108222|US20070251823|EP2184601,200
EP2278356,EP2278356,2011-01-26,G01S|H04M,EP1174732|US6542436|US20040141418,200
EP2282094,EP2282094,2011-02-09,D06F|A47L,DE1585565|FR2202286|JPS5424272U|DE8910354|EP0473558|US5429272|US5492143|JPH07185190A|DE19650861|EP1085119|EP1400622|WO2005064068|CN201157722,200
EP2279983,EP2279983,2011-02-02,C03B|B28D,,200
EP2276109,EP2276109,2011-01-19,H01Q|H03K,EP0564164|US20030210203|EP1469550|WO2005112280,200
EP2282128,EP2282128,2011-02-09,F24C,DE2657929|GB2172990|US20040262284|EP1342414|DE10303372|US20070246452|FR2900796|EP1965137,200
EP2282439,EP2282439,2011-02-09,H04M|H04L,US20050129103|US7310342,200
EP2281934,EP2281934,2011-02-09,D06F,,200
EP2282197,EP2282197,2011-02-09,G01N|H01J,US6855938|US20050184251|US20060138325|WO2008051880|WO2008051937,200
EP2284100,EP2284100,2011-02-16,A47J|B65D,EP0512470|US5402707|EP1191904|EP1929904|EP1849715|EP2070828,200
EP2282502,EP2282502,2011-02-09,H04M|H04L,US20050068167|US20050123117|EP2007105,200
EP2282586,EP2282586,2011-02-09,H04W,US20030134637|US20070004405|WO2007089821|US20080182615,200
EP2284796,EP2284796,2011-02-16,G06F|G06V,,200
EP2285033,EP2285033,2011-02-16,H04L|H04W,EP1727317|WO2007125462,200
EP2284646,EP2284646,2011-02-16,G06F,US20030006974|US20030095095|US20030206202|US20030234768|US20040263484,200
EP2284932,EP2284932,2011-02-16,H01M|Y02E|Y02P,US5523178|JPH10326610A|JPH117931A,200
EP2285077,EP2285077,2011-02-16,H04M|H04W|G06F|H04B,,200
EP2286745,EP2286745,2011-02-23,B05B|A61B,US20090043480,200
EP2284674,EP2284674,2011-02-16,G06F,,200
EP2287031,EP2287031,2011-02-23,F16H|B62K,,200
EP2289438,EP2289438,2011-03-02,A61B,US5997515|EP2044889|EP2098182,200
EP2289669,EP2289669,2011-03-02,B25D,DE1672058|DE29700003|EP1157788|EP1529603|US20050247454|US20080022817|WO2008034668|EP2018928|EP2018938,200
EP2288139,EP2288139,2011-02-23,G03B|G08B|H04N,,200
EP2263568,EP2263568,2010-12-22,A61B,,200
EP2289740,EP2289740,2011-03-02,B60R,GB2335521|US20040176897|DE102006045682|EP2058180,200
EP2287673,EP2287673,2011-02-23,G03G,,200
EP2289753,EP2289753,2011-03-02,B60R,DE19736328|EP1002709|DE10232567|DE10235567|US20050080544|US20070276566,200
EP2289754,EP2289754,2011-03-02,B60W|B60T|G06V|G06F,US20050086003|JP2004258889|WO2006021813|WO2007028932|US7167799|EP1898232|JP2008296641|US20080309468,200
EP2290488,EP2290488,2011-03-02,G05B|F03D,,200
EP2290199,EP2290199,2011-03-02,F01D|F02C|F05D|Y02T,,200
EP2289763,EP2289763,2011-03-02,B62B,,200
EP2290279,EP2290279,2011-03-02,H05K|F21K|H10H|H10W,,200
EP2290595,EP2290595,2011-03-02,G06Q,US6752277|EP1501034|WO2005111959|EP1600878|US20070023510,200
EP2290041,EP2290041,2011-03-02,C10M|C10N,US3172892|US3215707|US3231587|US3254025|US3087936|GB989409|US3381022|US3275554|US3565804|US3272746|US3442808|US3907601|US3853772|US3819521|US3912764|GB1440219|US4102798|US3997454|US4089790|US4110349|US4113639|US4152499|US4116876|US4234435|US4584115|US5230714|US5053152|EP0208560|US4963275|US4857217|US4956107|US4927551|EP0330522|US4938881|US5229022|US4952739|EP0382450|CA1335895|US5241003|US5814715|US5430105|US5498809|US6030930|US5663130|US5705577|US6022929|EP0684298|US5854186|US5756431|US5792730|US5565128|US5777025|US5891953,200
EP2290995,EP2290995,2011-03-02,H04N|G09G,JP2000284224|WO2007024313|US20070229395|US20080303963,200
EP2290506,EP2290506,2011-03-02,G06F,JPH11305933A|US20040021643|US20060053387,200
EP2290947,EP2290947,2011-03-02,G03B|H04N,,200
EP2292928,EP2292928,2011-03-09,F03D|F05B|Y02E,ES460649|ES2206315|WO2008046942,200
EP2292970,EP2292970,2011-03-09,F21K|F21S|F21V|F21Y|Y10S,DE825725|US2885538,200
EP2294922,EP2294922,2011-03-16,A22C|A22B,EP1769681,200
EP2290690,EP2290690,2011-03-02,H10W|H05B|H10H|Y02B,,200
EP2298641,EP2298641,2011-03-23,B63B,WO2002020343,200
EP2293371,EP2293371,2011-03-09,H01M|Y02E|Y02W,,200
EP2299091,EP2299091,2011-03-23,F02C|F23D|F23R,EP0939220|EP1389713|DE10334228|WO2009068425,200
EP2296349,EP2296349,2011-03-16,H04L|G03B,US20020196378|US20030110217|EP1501016|EP1376927|US20060179124|JP2007264079,200
EP2299043,EP2299043,2011-03-23,E06B,EP0751275|IT1277197|EP2072744,200
EP2295844,EP2295844,2011-03-16,F21V|F21K|F21Y|H10W,,200
EP2296008,EP2296008,2011-03-16,A61B|B60K|B60W|G06V|G08B|B60T,US5465079|WO1995005649|EP0872741,200
EP2299677,EP2299677,2011-03-23,G06F|H04N,,200
EP2302402,EP2302402,2011-03-30,G01R,,200
EP2299686,EP2299686,2011-03-23,H04N,JP2003270868|JP2004064358|JP2004088257,200
EP2301463,EP2301463,2011-03-30,H03H|A61B,US5722975|EP1263181|US7300435|EP2025297,200
EP2295896,EP2295896,2011-03-16,F25B,JP2804527,200
EP2302127,EP2302127,2011-03-30,D06F|B29C,GB941134|DE3723073|GB2237293|EP0521801|EP1474558|WO2008052988|WO2008058972,200
EP2302178,EP2302178,2011-03-30,F01L|F02D|Y02T,,200
EP2302451,EP2302451,2011-03-30,G03B|A61B,US4121104|US4092544|EP0238923|US5517546|US6282264|JP2002336225|US20040169152|JP2005195653|JP2005204857|US20080237478|JP2008246102|US7633077|JP2008279108,200
EP2302520,EP2302520,2011-03-30,H04N|G06F|G06K|Y02D,EP1035499|US20030197886,200
EP2302863,EP2302863,2011-03-30,H04L,,200
EP2301468,EP2301468,2011-03-30,A61B,US4827927|US5562720|US6033399|US6187003|US7137980|US20070213708|US20070173814|US20080249523|US20080281311|DE102008018406,200
EP2302497,EP2302497,2011-03-30,G06F|G11B,US20040205633|US20060143568,200
EP2305364,EP2305364,2011-04-06,F01K|F22B|B01D|Y02A|Y02C|Y02E|Y10T,US5577378|EP1688173|WO2007073201|WO2008090167|US20090151318,200
EP2305420,EP2305420,2011-04-06,F16C|G01M|G05B|B23P|Y02P,,200
EP2302881,EP2302881,2011-03-30,H04M|H04B|G06F,US20060079180|WO2009105115,200
EP2305600,EP2305600,2011-04-06,C09D|C01B|C09K|H10F|H10P|Y02E|Y02P,US20050183767|US20060062902|WO2008057119|WO2008063190|WO2009064056,200
EP2305985,EP2305985,2011-04-06,F02C|F01D|F05D|Y02T,,200
EP2305754,EP2305754,2011-04-06,C08L|C08G|C09D|G03F|H10P|Y10T,US3159601|US3159662|US3220972|US3775452|EP1186624|JP2002088158|US20080182087|EP1953183|JP2008184571,200
EP2305986,EP2305986,2011-04-06,F02C|F01D|F05D,,200
EP2306450,EP2306450,2011-04-06,G10L,,200
EP2306004,EP2306004,2011-04-06,F03D|F05B|Y02E,,200
EP2306711,EP2306711,2011-04-06,H04N|G06F,JP2009227756,200
EP2306485,EP2306485,2011-04-06,H01M|H01H|Y02E,JP2000090792|EP1357569|JP2004071552|US20050264394,200
EP2305135,EP2305135,2011-04-06,A61B|A61L,US3490675|US4300565|US4681588|US5040715|US5318221|US5915616|US5307976|US5312023|US5326013|US5332142|US5810855|US5964394|US6241139|US6330965|US20030120284|US20050245965|US20060085034|US20060135992|WO2008109123,200
EP2308953,EP2308953,2011-04-13,C10M|C10N,GB734598|GB734622|GB738359|GB786167|GB1146925|US5895777|EP1154012|EP1229101|EP1229102|US20040235686|US7163911|US20070105730|EP1778824|EP1728849|US20070027043|EP2071009|EP2128231,200
EP2309010,EP2309010,2011-04-13,C22C,GB1264006|EP1985719|EP2039789|EP2128283|EP2204462,200
EP2308923,EP2308923,2011-04-13,C08L|C08F|C08J|C08K,EP0206034|WO1987007620|EP0260130|EP0423101|US5382459|EP0491566|US5234879|WO1992012182|WO1992019653|WO1992019658|EP0537130|EP0572028|EP0836608|WO1997028170|WO1998046616|WO1998049208|WO1998056831|EP0887379|WO1999012981|WO1999019335|WO1999024479|WO1999024478|WO1999033843|WO2000034341|WO2000040620|WO2000068315|EP1357144|WO2004000899|WO2004111095|EP1741725|EP1935938|WO2008074715,200
EP2309122,EP2309122,2011-04-13,F03D|F05B|Y02E,US2106557|JPS59150982A|DE3342583|WO2005015012|WO2007051464|EP1918581|WO2009076955,200
EP2309459,EP2309459,2011-04-13,G06T|H01J,,200
EP2309771,EP2309771,2011-04-13,F24F,,200
EP2309569,EP2309569,2011-04-13,H01M|Y02E|Y02P,EP1202371|EP1043782|US20040191612|US20060024578|US20060214632|US20080160399|EP2228852,200
EP2309551,EP2309551,2011-04-13,H10F|Y02E|Y10T,,200
EP2308683,EP2308683,2011-04-13,B41J,JPH0517712A|JPH11348246A|JP2003205623|JP2005205766|US20060061624|JP2006347164|US20070279446|US20090128594|JP2010083007,200
EP2311659,EP2311659,2011-04-20,B60C|Y02T,,200
EP2309225,EP2309225,2011-04-13,G01C|G06T,,200
EP2312049,EP2312049,2011-04-20,D06F,DE3113417|US5430956|EP1548916|EP1650343|US20070063603|DE102005041145|EP1788139|EP1884586|EP2063011|DE102007062775|DE102008016473,200
EP2311638,EP2311638,2011-04-20,B41J,US5264865|EP0864425|JP2003285441|JP2009238989,200
EP2312384,EP2312384,2011-04-20,H05K|G02F|G06F,,200
EP2312821,EP2312821,2011-04-20,H04M,WO1998020409|WO2004091168|US20090074208,200
EP2312358,EP2312358,2011-04-20,G02B,JPH05196831A|JP2009180723,200
EP2312873,EP2312873,2011-04-20,H04W|H04B|H04M,,200
EP2314166,EP2314166,2011-04-27,A21C,,200
EP2314854,EP2314854,2011-04-27,F02M|Y02T,,200
EP2314759,EP2314759,2011-04-27,D06F,EP0816549|DE102007049061|EP2072660,200
EP2312698,EP2312698,2011-04-20,H01R,US20030211773|EP1610421|US20080050958|JP2008052993|JP2008192574,200
EP2314909,EP2314909,2011-04-27,F21S|F21V,US6402112|US20090027900|EP1923623,200
EP2314940,EP2314940,2011-04-27,F24F|H05K|F25B|H10W,,200
EP2315351,EP2315351,2011-04-27,H03F,US2658959|US20020135425|EP1521360|US20070008032|EP2141798|WO2009067054,200
EP2311386,EP2311386,2011-04-20,A61B,US3079606|US3490675|US5542594|US5908427|US5964774|US6045560|US7128253|US20060085034|US20060135992,200
EP2315263,EP2315263,2011-04-27,H10H|H10W,,200
EP2316343,EP2316343,2011-05-04,A61B|G01N|B06B|G10K|H10N|Y10T,DE3401979|US5329682|US20050236930|US20070145860|EP2206466,200
EP2316797,EP2316797,2011-05-04,C03B,US3744690|US4495845|GB2204577|EP0503647|US5551618|JPH07257935A|EP0761615|JP2000263495|EP1118592|US20040154456|DE10164872|EP1336591|EP1473283|EP1944274,200
EP2315508,EP2315508,2011-04-27,H05K|B23K|H10W|Y10T,,200
EP2316363,EP2316363,2011-05-04,A61B,US4269178|WO2001054599|US6277120|WO2002087415|EP1575433|WO2005023126|WO2009047352|EP2052689|US20090248077,200
EP2317079,EP2317079,2011-05-04,F01D|F05D|Y02T,US6457939|EP1392957|EP1273675|WO2003010419|US20050123785|EP1734146|US20090148278|EP1975271,200
EP2319328,EP2319328,2011-05-11,A23G,US2289934|US2638329|GB700205|US4238516|EP0237168|EP0289849|EP0339129|DE3913941|EP0394721|EP0525524|EP0654222|WO2000072695|WO2001006863,200
EP2320071,EP2320071,2011-05-11,F03D|F05B|Y02E,,200
EP2319337,EP2319337,2011-05-11,D02G|A41G|D01D|D01F|D10B|Y10T,,200
EP2320387,EP2320387,2011-05-11,G07C|B60K|B60W|Y02T,US5913917|US20040093264|US20050021222|US7389178|US20070027593|US20070247291|WO2008078749|EP2127953|EP1973078|US20080295586|US20090099724|WO2009125178,200
EP2320138,EP2320138,2011-05-11,F21S|F21V|F21K|F21Y,,200
EP2317586,EP2317586,2011-05-04,H01M|Y02E|Y02P,WO2000011730|EP1523051|WO2005119813|US20060090492|US20060093901|US20060115720|EP1753058|JP2007250515|JP2007299544,200
EP2322357,EP2322357,2011-05-18,B60B,JPS601002A|US6761847|US20040021366|EP1418065|WO2004103732|DE102005053799|EP1985435,200
EP2322081,EP2322081,2011-05-18,A61B,US20050270486|WO2006052479|EP1808119|EP1882445|JP2008104628|US20100195050,200
EP2322382,EP2322382,2011-05-18,E05B|B60R|E05C,CH333840|US3498657|FR2687718|US5219191|DE4216926|EP0626494|US5431460|US6108196|US20060032878|US20080253094,200
EP2320133,EP2320133,2011-05-11,F21K|F21V|F21Y|H10W,,200
EP2312660,EP2312660,2011-04-20,G02B|G02F|H10H|H10W,,200
EP2316366,EP2316366,2011-05-04,A61B,US7083618,200
EP2322818,EP2322818,2011-05-18,F16D|C04B,US4318955|US5882781|US5338320|US6077464|US6342171|US7172408|US6537470|US6691393|US20040105969|US6939490|US7252499|US7025913|US20060046059|US7374709|EP1724245|US20060279012|US20070270069|US20080041674|EP1911990|US20080090064,200
EP2322705,EP2322705,2011-05-18,D06F,DE29812393|DE19949217|DE10334572|EP1988206,200
EP2322581,EP2322581,2011-05-18,C09C|C01F|C09K|D21H|C01P,US935418|US1361324|GB544907|GB548197|US2409297|GB595284|GB594262|JPH02255843A|JPH02150436A|EP0393813|US5092306|EP0526121|JPH0598085A|EP0543262|JPH05170984A|US5253660|WO1997009473|US5927288|US5979461|KR20030040953|EP1475351|JP2003293291|US20070194276|WO2009008600,200
EP2322852,EP2322852,2011-05-18,F21V|F21K|F21Y,US20040066142|US20070236935|US20080130275|US20080158887|US20080274641|WO2009085231|EP2136123,200
EP2322820,EP2322820,2011-05-18,F16G,JP2000027949|JP2008101728,200
EP2325925,EP2325925,2011-05-25,H01M|Y02E|Y02P|Y02T,US5925482|US20070292765|WO2008013853|EP1998401,200
EP2325924,EP2325924,2011-05-25,H01M|Y02E|Y02P,EP1487032|JP2004319463|EP1717886|US20070054157,200
EP2325929,EP2325929,2011-05-25,H01M|Y02E|Y02P|Y10T,US2584168|US20060093910|US20090239133,200
EP2325739,EP2325739,2011-05-25,G06F,JPH11242675A,200
EP2322993,EP2322993,2011-05-18,G03G,JPH0518471A|JP3124841|JP3236692|JP3152808,200
EP2325999,EP2325999,2011-05-25,H02P,EP2020744,200
EP2316345,EP2316345,2011-05-04,A61B,US4705038|US4995877|US5249583|US5518164|US5383880|US5518163|US5667517|US5467911|US5395033|EP0634144|US5653374|US5779130|US5954259|US6119913|WO1999058076|US5993454,200
EP2328018,EP2328018,2011-06-01,G03B|H04N,,200
EP2327859,EP2327859,2011-06-01,F16H|F01D|F02C|F05D|Y02T|Y10T,US4084861|US5433674|US6223616,200
EP2326047,EP2326047,2011-05-25,H04L,,200
EP2328204,EP2328204,2011-06-01,H01M|Y02E|Y02P,US1486434|US3553033|US3823037|US4008356,200
EP2328306,EP2328306,2011-06-01,H04L|G06F,WO2000057587|US6633929|US20050210176|US20040090984|US20050209842,200
EP2327433,EP2327433,2011-06-01,A61M,US20070142776|WO2002081012|EP1764125|US7455663|EP1970084|US20090198191|US20080319414|WO2009004026,200
EP2330609,EP2330609,2011-06-08,H01H,GB1454354|WO2008119785,200
EP2330426,EP2330426,2011-06-08,G01N,,200
EP2330634,EP2330634,2011-06-08,H02S|H02G|Y02E,DE102007006433|DE102008010375,200
EP2328031,EP2328031,2011-06-01,G03G,EP0220993|US5164281|JPH0518471A|JP3124841|EP2148245,200
EP2324776,EP2324776,2011-05-25,A61B,US20090101692,200
EP2332399,EP2332399,2011-06-15,H05K|H02S|H01R|Y02E,,200
EP2330869,EP2330869,2011-06-08,H05B,WO1999056504|US6153980|US20050253533|WO2005115058|US20060192502|US20060238174|US20070182347|US20080316781|WO2009055821,200
EP2330661,EP2330661,2011-06-08,H01M|Y02E|Y02P,US20030044677|US20060051664|US20090104525,200
EP2333290,EP2333290,2011-06-15,F02M|F02D,US6374663|US20040226347|US20050028792|US20050262932|US20090199627,200
EP2333180,EP2333180,2011-06-15,E04C|B32B|E04B,WO1992016365|US20040014382,200
EP2332734,EP2332734,2011-06-15,B41M,JPH0516015B2|JPH07232473A|JPH07101142A|JPH0776162A|JPH08132731A|JPH0976628A|JPH0966664A|JP2000247022|JP2007136777,200
EP2333040,EP2333040,2011-06-15,C11D,DE3541813|WO1994026859|WO1994026860|US6093562|WO2000037627|US20080167215|WO2008110816|WO2008119834|WO2009027456|WO2009033830|WO2009033972,200
EP2333576,EP2333576,2011-06-15,A61B|G01S|G06T,,200
EP2333650,EP2333650,2011-06-15,G06F,,200
EP2333534,EP2333534,2011-06-15,G01N,JP2005195516|JP2008164411,200
EP2333761,EP2333761,2011-06-15,G09G,US20030227441|JP2005173193|JP2007240617|US20080291225|JP2009276945,200
EP2333398,EP2333398,2011-06-15,F21V|H01R|F21K|F21Y,,200
EP2333640,EP2333640,2011-06-15,H04N|G06F,US6351273|US20030052965|US20060256133|WO2007138394,200
EP2334120,EP2334120,2011-06-15,H04W,DE102005019340|US20080267153,200
EP2333933,EP2333933,2011-06-15,H02K|Y02E,DE1613289|EP1710432|DE20110520|WO2005075822|EP1586769|DE102004028746|DE102004033257|EP1925820|WO2009091248,200
EP2336077,EP2336077,2011-06-22,B67D|Y10T,US5240144|JPH07217755A|US5199609|US5573145|DE19802291|EP1088640|JP4331879|AU2008240331|DE10211663|WO2005007559|US20090108031|WO2007019853|WO2007019852|DE102007001215,200
EP2337000,EP2337000,2011-06-22,G08G,US20070129854|WO2007064733,200
EP2336638,EP2336638,2011-06-22,F23D|F23K,FR2794521|US20060214420|US20080131283|EP1959194,200
EP2336796,EP2336796,2011-06-22,G01R|H02J|Y02E,US5939861|US6404166|US6072300|WO1999031752|US6094031|WO2002091544|EP1806592|US20070279953|EP2085784,200
EP2335735,EP2335735,2011-06-22,A61K|A61P,WO1996040052|US6262126|US6372243|US7001607|WO2005099718|WO2005123035,200
EP2337377,EP2337377,2011-06-22,H04R,US6397037|WO2006074692|WO2007046748|WO2007140403|WO2009118424,200
EP2337274,EP2337274,2011-06-22,H04L|G06F,US20040071142|US20040184453|US20050078601|US20090213868,200
EP2337024,EP2337024,2011-06-22,G10L|G08G,US6859773|US20040138882|US7606715|US20070288128,200
EP2338428,EP2338428,2011-06-29,A61B|A61M,US5396887|US6241724|US6690963|US6915149|US6332089|US6618612|US6226542|US6301496|US6892091|US6695808|US20020123749|US6814733|US6997924|US20040068178|US20040147920|US7306593|US20040102769|US7156816|US20060287648|US20070060832|US20070100332|US20090093806,200
EP2338656,EP2338656,2011-06-29,C08L|B29C|C08F|C08K,EP0373660|EP0591224|WO1999024501|WO1999024479|US20070203298|EP1659151|EP1801156|EP2014714|EP2022824,200
EP2339144,EP2339144,2011-06-29,F02K|Y02T,,200
EP2339359,EP2339359,2011-06-29,E21B|G01R,,200
EP2339767,EP2339767,2011-06-29,H04N|H04H,EP1086540|US20040064524|US20040203406|EP1739925|US20080072270|US20090239557,200
EP2339334,EP2339334,2011-06-29,G01N,JP2889909|JP3343801,200
EP2340961,EP2340961,2011-07-06,B60L|H02J|H02M|Y02T,,200
EP2338644,EP2338644,2011-06-29,B25F|Y10T,US4989320|US6176322,200
EP2341179,EP2341179,2011-07-06,D06F,DE7028348|DE102004052630|JP2007143736,200
EP2343121,EP2343121,2011-07-13,F01N|B01J|B01D|Y02T,,200
EP2341421,EP2341421,2011-07-06,G06F|H04H,JP2006262080|JP2009271892|JP2010228469,200
EP2343478,EP2343478,2011-07-13,F21V|G02F,,200
EP2343755,EP2343755,2011-07-13,H01M|H01R|Y02E,,200
EP2343575,EP2343575,2011-07-13,G01V|B63B,US3331050|US3932835|US4055138|US4719987,200
EP2346160,EP2346160,2011-07-20,H02P,,200
EP2345757,EP2345757,2011-07-20,D06F|Y02B,,200
EP2347981,EP2347981,2011-07-27,B65H|B42D,US5385230|GB2317365|US20070062998,200
EP2345703,EP2345703,2011-07-20,C09D,JPS60132767A|JPS62173463A|JPS62183457A|JPH03101686A|JPH05345790A|JPH06298818A|US6084250|WO1999054415|WO2007055333|JP2007262178|EP1911813|JP2008208190|US20080316244|EP2042572|JP2008045146|EP2088176|JP2009191183|JP2009209289|JP2009221414|JP2009221416,200
EP2329773,EP2329773,2011-06-08,A61B|Y10T,EP0634144|US6817508|US20030130677|US20090179063|US20080077249|WO2007014355|US20090145947|WO2009039506|EP2098170,200
EP2348619,EP2348619,2011-07-27,H02K|F03D|H01F|Y02E,JP2006034024|WO2007119952|EP2017859,200
EP2345395,EP2345395,2011-07-20,A61F|Y10T,EP1366734|EP1707168|EP2233116,200
EP2348562,EP2348562,2011-07-27,H01M|Y02E|Y02P|Y10T,JP2001216997|JP2003338276|US20050277022|EP1724857|WO2009096703|WO2009128605,200
EP2348367,EP2348367,2011-07-27,G03G,,200
EP2348655,EP2348655,2011-07-27,H04L|H03M|H04J,,200
EP2351910,EP2351910,2011-08-03,F01D,,200
EP2348750,EP2348750,2011-07-27,H04R,DE2415816|US6201873|US7372966,200
EP2353868,EP2353868,2011-08-10,B41J,EP0440469|JP2644064|US20050280678|US20080143768,200
EP2352252,EP2352252,2011-08-03,H04B|H04L,,200
EP2354738,EP2354738,2011-08-10,F25D|B01L,US3428781,200
EP2354919,EP2354919,2011-08-10,G06F,,200
EP2355381,EP2355381,2011-08-10,H04H|H04N,JP2000138611|EP1227608|EP1233556|DE102006046326,200
EP2355563,EP2355563,2011-08-10,H04W|H04M,US6772331|US7216231|US6978119|US20040203357|US20040203381|US7424267|US20090061769|EP2073514|EP2073512,200
EP2357399,EP2357399,2011-08-17,F21V|F21S|B60Q|F21Y,WO1999050596|WO2000036336|JP2007179969|DE102007043192,200
EP2355111,EP2355111,2011-08-10,C08L|H01B,,200
EP2357626,EP2357626,2011-08-17,G08B|A61B|G02B|G06F|G06V|G08G|G01C,JPH06230132A|US5402109|US5801667|US6974414|US20040150514|US20050007552|US20060238877|US20060132319|US20060203197|EP2012286|WO2010006370|WO2010016244|US20100156617|EP2401963|EP2402201,200
EP2355389,EP2355389,2011-08-10,H04J|H04B,JPS6224731A|JP2003158488|JP2005065273|JP2008263590,200
EP2357669,EP2357669,2011-08-17,H10F|G01R|H10K|Y02E,JP2006100797,200
EP2357693,EP2357693,2011-08-17,H01M|B82Y|C01B|C01G|C01P|Y02E|Y02T,,200
EP2360059,EP2360059,2011-08-24,G07B|G08G,JPH06319335A|US6324592|WO2001039566|WO2009047176,200
EP2360417,EP2360417,2011-08-24,H10W|F21K|F21V|H10H|F21S|F21Y|H05K,,200
EP2359785,EP2359785,2011-08-24,A61H|A61F,WO2000000155|US6736787|US20040127937|WO2003007855|US20090234265,200
EP2360953,EP2360953,2011-08-24,H04M|H04W,US6005845|US20040240642|WO2007033495|US20080167005|WO2008137763|US20090060162,200
EP2360835,EP2360835,2011-08-24,H03D,US7509110|WO2008135954|WO2009057051,200
EP2360980,EP2360980,2011-08-24,G08B|H04W|H04L|Y02D,,200
EP2362164,EP2362164,2011-08-31,F25B|F24H|Y02B,,200
EP2361647,EP2361647,2011-08-31,A61M|A61J,,200
EP2362240,EP2362240,2011-08-31,G01T,US4931643|EP0943931|JP2006242702,200
EP2362292,EP2362292,2011-08-31,G06F|H04M,US6181344|US20050024341|GB2402105|US20070013672|WO2008055513|US20090066654,200
EP2362066,EP2362066,2011-08-31,F01D|F02K|F04D|F05D|Y02T|Y10T,,200
EP2362541,EP2362541,2011-08-31,H03F,US5886575|US20060044060,200
EP2362183,EP2362183,2011-08-31,G08G|G01C,,200
EP2343637,EP2343637,2011-07-13,G06F,US3859005|US4826405|US6323846|US20020015024|US20060017692|US6677932|US6570557|US20050190059,200
EP2362721,EP2362721,2011-08-31,H05K,WO1998034450|US20040227435|US20060139877|US20070254583|GB2444981|US20100000953,200
EP2362650,EP2362650,2011-08-31,H04N,US7558882,200
EP2363084,EP2363084,2011-09-07,A61B,JP2005152127|JP2008082202,200
EP2362411,EP2362411,2011-08-31,H10P|C23C|H01J,US5498312|WO2000042632|WO2004012235|US20040058293|US20080166884|EP2211369,200
EP2362714,EP2362714,2011-08-31,H05B|Y02B,WO2003078894|US20030210167|WO2006095316|US20060202851|WO2006099422|US20090273433|WO2007132382|WO2009150581,200
EP2363907,EP2363907,2011-09-07,H01M|Y02E|Y02P,US20020146620|EP1369939|US20080028598|EP2239802,200
EP2363864,EP2363864,2011-09-07,H10F|H01B|Y02E,EP1775776|KR20080114202|WO2009129092|KR20090110739,200
EP2364007,EP2364007,2011-09-07,H04M,US20050018827|WO2005104512|US20070280459,200
EP2363791,EP2363791,2011-09-07,G06F,JP2000322181|JP2003256117|WO2008086319|US20080318635|EP2051158|EP2079010|WO2009096646|JP2009288873|US20100004029|WO2011131989,200
EP2365187,EP2365187,2011-09-14,F01D|F05D|Y02T,,200
EP2365216,EP2365216,2011-09-14,F03D|F05B|Y02E,US6520737|WO2001077526|US7168251|WO2008052557,200
EP2365297,EP2365297,2011-09-14,G01F|B01F|Y10T,GB498536|US4745853|EP0426266|GB2287013|DE19855170|DE10244573|US20080071424,200
EP2365235,EP2365235,2011-09-14,F16J|F01D,US5232339|EP1264964|EP2009235,200
EP2365410,EP2365410,2011-09-14,G05B|G06F|Y02P,,200
EP2366465,EP2366465,2011-09-21,B08B|A01K,US3010461|US3277907|US3680567|US5241975|WO1993010914|US5771841|US6439248,200
EP2365508,EP2365508,2011-09-14,H01H,EP0798752|JPH09259728A|JP3107288,200
EP2366817,EP2366817,2011-09-21,D01H|B65H,,200
EP2366873,EP2366873,2011-09-21,F01D|F05D|Y02T|Y10T,,200
EP2367366,EP2367366,2011-09-21,H03M|H04R,US20060210096|US20070035430|US20080218395|WO2009150611,200
EP2363653,EP2363653,2011-09-07,F24F|G08C,WO1993002342|JP2009127960,200
EP2366526,EP2366526,2011-09-21,B29C|H01Q|B29L,US20020105479|US20060216469|US20050227036|US20090020328|DE102009046679|KR100932079,200
EP2366546,EP2366546,2011-09-21,B41C|G03F,GB434875|US2714066|JPS3622063B1|US3276868|US3181461|US3280734|US4153461|US3881924|US3902734|US4115128|JPS5463902A|US4283475|US4327169|JPS57142645A|JPS58112792A|JPS58112793A|JPS58125246A|JPS58159533A|JPS58173696A|JPS58181051A|JPS58181690A|JPS58194595A|JPS58220143A|JPS58224793A|JPS5941363A|JPS5948187A|JPS5973996A|JPS5984249A|JPS5984248A|JPS5984356A|JPS59121044A|JPS59146063A|JPS59146061A|JPS59202829A|JPS59216146A|JPS6063744A|JPS6052940A|JPS6059351A|JPS6078787A|JPS6088942A|US4689272|JPH0519702B2|JPH0513514B2|JPS62167253A|JPS62170950A|US4756993|JPS62251740A|JPS62293247A|US5148746|JPH0296755A|JPH02220061A|US5156938|JPH03100554A|JPH03208514A|JPH0413149A|JPH0545885A|JPH0635174A|GB2297719|US5568768|US6117913|JPH11218914A|JPH11288093A|JP2001305722|JP2002079772|JP2003057820|JP2003149799|JP2003084430|JP2003302750|JP2004012770,200
EP2368631,EP2368631,2011-09-28,C01B|B01D|B01J,JP3272446|JP2007296521|JP2008169104|JP2009000657|EP2123614|WO2009141878|EP2130591|EP2130592,200
EP2369601,EP2369601,2011-09-28,H01F,JPH07220955A|JPH09186028A|JP2005158857,200
EP2369229,EP2369229,2011-09-28,F23C|F23D|B01J,GB2071832|US4454839|US5690039,200
EP2368762,EP2368762,2011-09-28,B60R|B60Y,JP2001287594|US20040264015|US20090229962|US20080149803|JP2010071463,200
EP2368799,EP2368799,2011-09-28,B64F,US4841224|US4848137|EP0957335|WO2001066414|US6618505,200
EP2361562,EP2361562,2011-08-31,A61B,US5084057|US5100420|EP0598529|US5607436|EP0685204|US5695502|US20070118155,200
EP2369637,EP2369637,2011-09-28,B32B|H10F|C08J|Y02E,,200
EP2369646,EP2369646,2011-09-28,H10H|H10W,JPH06296041A|JP2004342885|US20070114636|US20080105885|US20080246047,200
EP2369719,EP2369719,2011-09-28,H02K,WO2006043348|JP2008061333,200
EP2369652,EP2369652,2011-09-28,H10H|H10W,,200
EP2369338,EP2369338,2011-09-28,C10L|G01K|G01N,JPH05141999A|JP2004514138,200
EP2369685,EP2369685,2011-09-28,H01R,EP0561202|US6004169|US6227882|EP1241735|US20030228809|US20050112959,200
EP2371759,EP2371759,2011-10-05,B67D|Y10T,DE601933|US3178062|CH416245|US3685538|FR2426935|EP0037950|GB2181214|US5240144|US5199609|WO2001072630|CA2338497|US20090108031|WO2007019853|WO2007019852|WO2008060152|DE102007001215,200
EP2371637,EP2371637,2011-10-05,B60S,US4103869|EP1257450,200
EP2371450,EP2371450,2011-10-05,B01J|B01D|C04B|F01N|Y10T,JP3285206|US20050266992|EP1847320|EP1927392|JP2008279334|WO2009118868|EP2123354,200
EP2368521,EP2368521,2011-09-28,A61F|A61B|A61K|A61P|A61L|C07K,WO1999051163|WO2003007847|EP2016956|WO2009075786,200
EP2371821,EP2371821,2011-10-05,C07D|H10P|C23C,US5319118|JP2002148864|WO2009086263|WO2009094259,200
EP2372619,EP2372619,2011-10-05,G06Q|H04L,WO2002005058|US20070132751|WO2008039157|US20100065634|WO2009094033|WO2009119686|EP2275987,200
EP2372692,EP2372692,2011-10-05,G10H,JP2005024997,200
EP2372814,EP2372814,2011-10-05,H01M|Y02E|Y02P,,200
EP2372379,EP2372379,2011-10-05,G01R,,200
EP2371296,EP2371296,2011-10-05,A61B|B25C,US5318221|US5915616|US5817109|US5878937|US6045560|US5862972|US5894979|US5797538|US5782396|US6202914|US5964394|US5836503|US5865361|US7398907|US7070083|US20060291981|US20070262116|WO2008118728,200
EP2372808,EP2372808,2011-10-05,H01M|Y02E|Y02P,US20040166405|US20040170887|EP1482577,200
EP2372515,EP2372515,2011-10-05,G06F|G06T,US20090303204,200
EP2374923,EP2374923,2011-10-12,D06C|B32B|B60R|D03D|D06N|Y10T,GB1463969|WO1990009295|EP0458838|WO2001034435|EP1475475|US20060284403|WO2010027228,200
EP2372830,EP2372830,2011-10-05,H01P,US3469016|US3973227|US4004257|US4506235|US5287074|US5597314|US5990417|EP1014525|EP0895257|US6335483|US6485335|US6284971|US6413103|US6867362|US20090219511,200
EP2375051,EP2375051,2011-10-12,F02M,EP0905371|WO2001006113|US20040011899|US20080264389,200
EP2375036,EP2375036,2011-10-12,F02D|F02M,WO2002075139|EP1619384|WO2010023104|DE102008041528,200
EP2375052,EP2375052,2011-10-12,F02M,US4066213|US20080169364|EP2093412|EP2093413|EP2093414,200
EP2373079,EP2373079,2011-10-05,H04W|H04L,,200
EP2375525,EP2375525,2011-10-12,H02H|G01R,US20040021995|US20070085549,200
EP2375807,EP2375807,2011-10-12,H04W,,200
EP2375809,EP2375809,2011-10-12,H04W,,200
EP2375775,EP2375775,2011-10-12,G06F|H04R,DE10145994|JP2003143683|WO2006036262|WO2006075275|EP1762926|JP2008166897|JP2010088659,200
EP2375789,EP2375789,2011-10-12,H04S|H04R,,200
EP2378202,EP2378202,2011-10-19,F23R|Y10T,,200
EP2378075,EP2378075,2011-10-19,F01D,DE1937395|SU779591|US5733102|US6059530|EP1541806|US20050232771|US20090162200,200
EP2378537,EP2378537,2011-10-19,H01J,US20040119022|US20070051888|US20060049348,200
EP2375459,EP2375459,2011-10-12,H10H|H10W,US20040012030|EP1553640|EP1729349|US20090039359|WO2009075551|EP2207211,200
EP2377457,EP2377457,2011-10-19,A61B,,200
EP2375607,EP2375607,2011-10-12,H04L|H04B,EP1959585|WO2008156067|EP2169845|EP2141852|US20100131813,200
EP2378634,EP2378634,2011-10-19,H02K|Y02E,JPH01234038A|JPH06217478A|EP1076921|US6753632|WO2010009742,200
EP2378672,EP2378672,2011-10-19,H04W|H04B,US20100046479,200
EP2378595,EP2378595,2011-10-19,H01M|Y02E|Y02P|Y02T,,200
EP2378676,EP2378676,2011-10-19,H04W|H04B,WO2006026632|EP1798872|EP2023685,200
EP2378748,EP2378748,2011-10-19,G06F|H04M|H04W,US6346886|US7257374|WO2006090899|US20080235144|US20080273684,200
EP2380755,EP2380755,2011-10-26,B60C|D02G,,200
EP2380964,EP2380964,2011-10-26,C11D,GB1189543|US4274974|US4129511|GB2153381|US4965015|US4818424,200
EP2378215,EP2378215,2011-10-19,F25B,,200
EP2380518,EP2380518,2011-10-26,A61B|A61N,WO1996005768|US6690963|US20020065455|US6618612|US6332089|US6063022|US6272371|US6301496|US6226542|US6892091|US6814733|US20040068178|US6997924|US20040147920|US20040102769|US7156816|US6973339,200
EP2377472,EP2377472,2011-10-19,A61B,US20080077249|US20090145947|EP1943954|EP1943956|WO2009039506|EP2044890|WO2009143092|EP2272443,200
EP2381336,EP2381336,2011-10-26,G06F|Y02D,,200
EP2381162,EP2381162,2011-10-26,B60Q|F21S,JP2005267030|JP2007179969,200
EP2380663,EP2380663,2011-10-26,B01J|B01D|F01N,,200
EP2381157,EP2381157,2011-10-26,F21V|F21K|H05K|H10W|F21S|F21Y|H10H,,200
EP2383779,EP2383779,2011-11-02,H10W|F28D|F28F,US3143592|US20030155102|US20050126760|DE102004023037|US20070175616|US20070227704|EP2031332|EP2119993,200
EP2382913,EP2382913,2011-11-02,G06T|A61B|G06V,JPH10295645A|JP3708669|US20050281440|EP1842483,200
EP2384008,EP2384008,2011-11-02,H04N,US5670730|US6862043|US20040218269|EP1501317|WO2007040472,200
EP2383437,EP2383437,2011-11-02,F01D|F02K|F05D|Y02T,,200
EP2381560,EP2381560,2011-10-26,H02K|F03D|F05B|Y02E,JPS5681053A|FR2613148|EP1425840|EP1792381|EP2102496|EP2143938|EP2063117|EP2063115|EP2063116|EP2143944|EP2143942,200
EP2384061,EP2384061,2011-11-02,H04W|H04M,,200
EP2385379,EP2385379,2011-11-09,G01R,,200
EP2385303,EP2385303,2011-11-09,F23R|F23M,US6351947|US20050229581|US20050034918|US20050284690,200
EP2384011,EP2384011,2011-11-02,H04N,WO2005114998|EP2373042,200
EP2384074,EP2384074,2011-11-02,H04W,US20070070935,200
EP2386869,EP2386869,2011-11-16,G01R,,200
EP2385654,EP2385654,2011-11-09,H04L|H04W|H04B|Y02D,,200
EP2387878,EP2387878,2011-11-23,A23C|A01J,GB937441|DE2032921|DD203921|EP0888710|NL1016861|EP1287744|NL1025011|WO2008130227,200
EP2387291,EP2387291,2011-11-16,H05B,US20040207328,200
EP2387251,EP2387251,2011-11-16,H04R,WO1994011953|EP1274276|US20030118201|US20070019571|WO2006094739|US20060211499,200
EP2386585,EP2386585,2011-11-16,B29C|C08G|C08J|F25D|B29K|B29L|Y10T,EP0011751|US4243755|EP0023987|US4293657|DE2943689|US4305861|EP0062204|US4435537|DE3125402|DE3300474|US4514426|EP0136571|DE3342177|DE3342176|US4560708|US4972002|EP0351614|EP0421269|US5096933|DE4143148|US5439945|CA2161065|US5972260|EP0952169|WO2000005289|WO2000047384|WO2006013004|WO2006013002|WO2007058793|EP1790682|WO2008094963|WO2008094239|WO2009092505|WO2010046361,200
EP2387229,EP2387229,2011-11-16,H04N,JPH11252445A,200
EP2387949,EP2387949,2011-11-23,A61B,US5795296|US5838592|US20020072670|WO2005015499|WO2008072157|WO2009136332,200
EP2388672,EP2388672,2011-11-23,G05B,WO2002046848|EP2149832|EP2149824|EP2175336,200
EP2390402,EP2390402,2011-11-30,D06F|Y02B,,200
EP2385706,EP2385706,2011-11-09,H04N,US20070153122|WO2008021857|EP2169967,200
EP2390460,EP2390460,2011-11-30,H02J|E21B|H01R,US4080025|US4646083|US4636934|US5444184|US6045333|GB2332220|WO2001071158|WO2001084689|WO2002037640|GB2382600,200
EP2388578,EP2388578,2011-11-23,G01N,JP2000304719|JP2008164411,200
EP2390675,EP2390675,2011-11-30,G01R,,200
EP2390240,EP2390240,2011-11-30,C03C|H05B|H10K|Y02E|Y02P|Y10T,,200
EP2390087,EP2390087,2011-11-30,B29C|B29K|B29L|Y10T,,200
EP2389864,EP2389864,2011-11-30,A61B,US20050202843|FR2884944|US20080240343|US20100104066,200
EP2388838,EP2388838,2011-11-23,H10H|H10W,US6155699|US6603146|US20050224812|WO2006034671|EP1724848|US20080173884|WO2010034278|US20100105156,200
EP2390481,EP2390481,2011-11-30,F02C|F05D|Y02E,,200
EP2390917,EP2390917,2011-11-30,H10W|F21V|F21Y|H10H,US20080265271,200
EP2391134,EP2391134,2011-11-30,H04N,US5821989|WO2007117485|US20070263003|EP2169967,200
EP2390941,EP2390941,2011-11-30,H01M|Y02E|Y02P,GB482363|US5756227|EP1577966|US20060115719,200
EP2390762,EP2390762,2011-11-30,G06F|H04W,WO2003021875|JP2005100050|JP2007299134|JP2007316925|JP2008097151|JP2008148148|JP2009025997|JP2009037401|JP2009049871|JP2009230469|JP2010123317,200
EP2391125,EP2391125,2011-11-30,H04N,WO2003063445|US20060153377|WO2007116390|WO2008023023,200
EP2391045,EP2391045,2011-11-30,H04L|H04W,US20040196801|WO2010032124|EP2166803|US20100128687|JP2010123078,200
EP2392776,EP2392776,2011-12-07,F01D|H04L,,200
EP2390692,EP2390692,2011-11-30,G02F|G02B,US20060066768|GB2427299|US20070279581|US20080123370,200
EP2393220,EP2393220,2011-12-07,H04B,US5719693|US20030021556|US20030108351|EP1357679|US20040130215|WO2005094321|EP1841086,200
EP2392852,EP2392852,2011-12-07,H10W|F21Y|G02B|H10H,KR20100064878,200
EP2393133,EP2393133,2011-12-07,H10H,US5753940|US6331450|EP1198016|US20020074558|US20030080341|US20060273335|US20070284755|EP2065948,200
EP2393222,EP2393222,2011-12-07,H04B,US5719693|US20030021556|US20030108351|EP1357679|US20040130215|US6987902|WO2005094321|EP1841086,200
EP2393138,EP2393138,2011-12-07,H01M|Y02E,GB1569410|JP2004006117|US20040091770|EP1826839|CN201194237|EP2154738|CN201387901,200
EP2392681,EP2392681,2011-12-07,C21D|C22C,,200
EP2391153,EP2391153,2011-11-30,H04W|H04L,US5455821|EP1257092|EP1863303,200
EP2393339,EP2393339,2011-12-07,H05B,US4499356|US4427867|JPS60235388A|EP0478082|US5451751|JPH06193884A|GB2284133|US5595673,200
EP2395451,EP2395451,2011-12-14,G07C,JPH0567264A|US20080285802|US20040153671|EP1772752|EP1752931|DE102008016516,200
EP2393324,EP2393324,2011-12-07,H04W,,200
EP2394864,EP2394864,2011-12-14,B60R,EP1219500|DE10164332|EP1312515|EP1502823|EP1555165,200
EP2393302,EP2393302,2011-12-07,H04N|G09G,,200
EP2393303,EP2393303,2011-12-07,G06F|H04N,WO2000040013|EP1193976|US20060026635|US20070074245|US20080027921|US20090204991,200
EP2394902,EP2394902,2011-12-14,B62M|B60L|Y02T,EP0738653|EP0798204|DE19736611|US6320336|JP2001122181|US20040207262|JP2005304283|EP1886913|US20090306841,200
EP2397303,EP2397303,2011-12-21,B29C|B29K|B29L,US3121130|US3881984|JPS49119964A|US4192839|US20050256215|JP2000084993|EP1213118|EP1213119|EP2174771,200
EP2398195,EP2398195,2011-12-21,H04L,US20050078602|US7590054|EP1653685|US20060098672|EP2040420|US20100061260,200
EP2397752,EP2397752,2011-12-21,F21V|F21K|F21Y|H10W,EP1416219|US20090103296,200
EP2395813,EP2395813,2011-12-14,H05B|F24C,FR2863039|WO2008122495|EP2034799|EP2258987,200
EP2394714,EP2394714,2011-12-14,A63F|G06T,US5940538|EP0999518|JP2000069404|EP1710746|EP1713030|EP1975870|EP1950700|JP2010132399,200
EP2399858,EP2399858,2011-12-28,B66B,,200
EP2400216,EP2400216,2011-12-28,F23D|F23R|F23C,US5361578|EP0594127|WO1999019670|DE19905995|WO2007113074|EP2072899,200
EP2399813,EP2399813,2011-12-28,B62K|B62M,US20080133096|EP1500582|EP2003051|EP2072091|EP2129080,200
EP2400445,EP2400445,2011-12-28,H04N,US20070214470|WO2009022869,200
EP2399942,EP2399942,2011-12-28,C09K|C08F|G02B,,200
EP2400580,EP2400580,2011-12-28,H01M|F25D|Y02E|Y02T,US20050058892|JP2003317812|EP1746679|US20060028183|US20060049799,200
EP2399978,EP2399978,2011-12-28,C11D,US2438091|US2528378|US2658072|US3915903|US3929678|US4234627|USRE32713E|US4514461|US4565647|US4917920|US4882220|EP0686691|WO1997000936|US5942217|US5955093|US5968404|US6106738|US6645479|WO1999025313|US6033679|US6126954|US6200949|US6579839|US20040106536|US20040087477|US20030165692|US20030158344|US20030195133|US20030215417|US20030216488|US20030203829|EP1393706|US20040072720|US20040071746|US20040071742|US20040072719|EP1431383|US20060292184|US6787512|US7135451|WO2007107215|US20090124528|WO2009087524|WO2009087034,200
EP2404557,EP2404557,2012-01-11,A61B,US20020173807|US20080004490|US20090228021,200
EP2399979,EP2399979,2011-12-28,C11D,US2438091|US2528378|US2658072|US3915903|US3929678|US4234627|USRE32713E|US4514461|US4565647|US4882220|US4917920|EP0686691|US5955093|US5968404|US6106738|US5942217|US6645479|US6033679|US6200949|US6579839|US20040106536|US20040087477|US20030165692|US20030158344|US20030195133|US20030215417|US20030216488|US20030203829|EP1393706|US20040072720|US20040071742|US20040071746|US20040072719|EP1431383|US6787512|US7135451|US20080242579|US20060030513|WO2007107215|US20090124528|WO2009087524|WO2009087034,200
EP2403319,EP2403319,2012-01-04,H05B|Y02B,US20090021187|JP2006010271|US20060061303|JP2007318879|US20080284346|JP2009043447,200
EP2403174,EP2403174,2012-01-04,H04L,US20070153672|EP1983783|WO2008111795|EP2178239,200
EP2404750,EP2404750,2012-01-11,B32B|E04C,DE2451143|US4948655|US5220760|US20040014382|US20050124241|DE202005015125|US20090280320,200
EP2402820,EP2402820,2012-01-04,G03G,JPH0822150A|JP2000233930|EP1975731|US20090176170|EP2085827|JP2010039368|EP2216686,200
EP2404667,EP2404667,2012-01-11,B01J|C10G,US4820677|US5086032|US5565088|US6527945|US6399530|CN101402048,200
EP2404571,EP2404571,2012-01-11,A61F,FR2601371|US4931546|US7009034|US6514534|US6152943|US6165201|US6605294|US6673093|US6818018|US7347850|US6179862|US6566406|US6596002|US7331199|US6703047|US7021086|FR2857851|US20050261782|WO2006020922|US20100089409|WO2010093333,200
EP2405437,EP2405437,2012-01-11,G11B|G06F,US20090222765|EP2182455|US20100142833,200
EP2405508,EP2405508,2012-01-11,H01M|Y02E|Y02P,EP1835556|US20090092896|EP2284931|EP2378591,200
EP2405422,EP2405422,2012-01-11,G10L,US7386443|US20080082332|EP2200020,200
EP2405731,EP2405731,2012-01-11,H05K|H10W,JP2005079139|JP2008288610|JP2010155903,200
EP2404656,EP2404656,2012-01-11,B01D|F23G|F25J|F23J|Y02C|Y02E,GB411655|GB998771|US5260043|US20030153632|US20080038174|US20070122328|US7416716|GB2442444|US20080173585|US20080176174,200
EP2405666,EP2405666,2012-01-11,H04N,US20050030301|JP2005006114|US20060062490|US20100045780|WO2010058354|JP2010154435,200
EP2407820,EP2407820,2012-01-18,G02F,WO2003021343|WO2007039863|US20080074383|US20100097549|KR20100068918,200
EP2407863,EP2407863,2012-01-18,G06F|G02B,JP2003172662|JP2004177360|JP2007510232,200
EP2405534,EP2405534,2012-01-11,H01Q|H04B,US20070200766|US20080150811|US20080316115|US20100053002|EP2161785,200
EP2408042,EP2408042,2012-01-18,H01M|Y02E,US20050202315|US20050208375|JP2009043462|US20090087692|JP2009272234|US20090317703|EP2325917,200
EP2407116,EP2407116,2012-01-18,A61B,JPS635876A|US6547786|US20060219682|EP1849425|EP2025297,200
EP2409871,EP2409871,2012-01-25,B60L|Y02T,JP2009044871|JP2010165730,200
EP2410220,EP2410220,2012-01-25,F04B|F16K,JP2003172256|JP2004100473|JP2007285159|JP2010163642,200
EP2410502,EP2410502,2012-01-25,G09B|Y10T,,200
EP2410405,EP2410405,2012-01-25,G06F|H04M,,200
EP2409661,EP2409661,2012-01-25,A61B,US6210403|EP0694291|US6575969|US5827271|US7137980|US6398779|US20070038209|US6203541|US20030004510|US20060064086|US7376102|EP1810634|EP1849425|EP1862137|US10541798|US11585506,200
EP2410306,EP2410306,2012-01-25,G01K,JPH07140012A|JP2010162568|JP2011092582,200
EP2410594,EP2410594,2012-01-25,H01M|Y02E|Y02P,EP1195822|US20020125860|US20080182161|EP2197070|EP2293366|EP2293367,200
EP2410539,EP2410539,2012-01-25,H01G|C08L|Y02T,,200
EP2410605,EP2410605,2012-01-25,H01Q|H04M|H04W|Y10T,EP1693925|US20080316121|US20090256758|US20100123633,200
EP2412223,EP2412223,2012-02-01,A01D|G05D,,200
EP2412543,EP2412543,2012-02-01,B60B,US5104199|US20040021366|WO2004074010|US7614706|US20060197369|US7464994|EP1985435|EP1997647,200
EP2402686,EP2402686,2012-01-04,F25B|F24D|F24H|Y02B,,200
EP2412853,EP2412853,2012-02-01,D04B,US1877458|US2337153|US2921454|GB2155965|JPH09195104A|EP1203837|JP2002302853|JP2004316000,200
EP2412731,EP2412731,2012-02-01,C08C|B60C|C08L,US5567784|WO2003029299|US7342070|EP1398347|EP1559586|EP1640183|WO2007047943|US20080027162,200
EP2413021,EP2413021,2012-02-01,F21V|F21K|F21S|F21W|F21Y|H10W,,200
EP2413028,EP2413028,2012-02-01,F21V|F21Y,,200
EP2413126,EP2413126,2012-02-01,H01J|G01N|Y10T,US6855938|US7002152|DE10344643|DE102009008166,200
EP2413184,EP2413184,2012-02-01,G02F,JPS53144893A|US4442019|US20050185104|JP2005156811|US20050190431|US20070164983,200
EP2413215,EP2413215,2012-02-01,G05D|A01D|B60L|Y02T|Y04S,,200
EP2415920,EP2415920,2012-02-08,D06F,DE1460888|EP0597509|EP0610876|EP1369524|EP1281346|US20050056059|US20050126607|US20060053842|US20060174918|US20070125132|DE102006050095|DE102006029480|US20080028804|WO2008052984,200
EP2415992,EP2415992,2012-02-08,F02C|F02K|F05D|Y02T,,200
EP2415791,EP2415791,2012-02-08,H01G|C08F|C08J|C08K|C08L|H01B|B29C|B29K,JPH11302471A|WO2001048034|WO2003051934|WO2006069733|WO2008006529|EP1990353,200
EP2416149,EP2416149,2012-02-08,G01N|F16L,,200
EP2415925,EP2415925,2012-02-08,D06F,US20040154909|EP1703011|US20050178164|US20100025214,200
EP2415522,EP2415522,2012-02-08,B05B|B01J|B05C|B05D,,200
EP2413449,EP2413449,2012-02-01,F24F|H02J|Y02B|Y04S,JPH04200245A|JPH05322331A|JPH09229419A|JP2007040593,200
EP2416542,EP2416542,2012-02-08,G06Q|H04L|G06F|H04N,US6772333|US20020048269|US20100131660,200
EP2416518,EP2416518,2012-02-08,H04L,WO2009026695|EP2131518|US20100061287|WO2010056067,200
EP2418087,EP2418087,2012-02-15,B41J,JPH04371851A|DE10027261|EP1464498|US20050248612|US20060098040|JP2008119836|US20080278538|US20080286021|US20090189946|EP2127881|US20100045734,200
EP2418448,EP2418448,2012-02-15,F28F|F28D,US1790241|US3849854|US5644840|EP1550834,200
EP2418376,EP2418376,2012-02-15,B65D|A47F|B60P|F03D|Y02E,WO2002004321|US20040217037|WO2006000230|WO2006061806|US20070177954|WO2007093854|EP1849719|US20070253829|CN101259897|US20090274529|WO2009141018|CN101648539|EP2239459,200
EP2420929,EP2420929,2012-02-22,G06Q|G06F,US20030078957|US20030233374|EP1762930,200
EP2418847,EP2418847,2012-02-15,H04N|H04L,,200
EP2420171,EP2420171,2012-02-22,A47L|B25J,EP0572930|WO2002074150|WO2007117095|WO2008030054,200
EP2420170,EP2420170,2012-02-22,A47L,JPH01308521A|JPH04193133A|US20020138936|JP2006314569|WO2008136575|DE102008003795,200
EP2422943,EP2422943,2012-02-29,B26F|B65H|B26D|Y10T,DE2823404|EP0507749|EP0580561|EP1618057|EP1702873,200
EP2416220,EP2416220,2012-02-08,H01F|G03G|B22F|C22C,,200
EP2421171,EP2421171,2012-02-22,H04W|H04B,,200
EP2421331,EP2421331,2012-02-22,H04W|H04L,WO2007094183|US20090129291,200
EP2423825,EP2423825,2012-02-29,G06F,WO2003012577|EP1622011|US20090248907|US20110173639|CN101957807,200
EP2423521,EP2423521,2012-02-29,F16C,,200
EP2424004,EP2424004,2012-02-29,H01M|Y02E,,200
EP2421067,EP2421067,2012-02-22,H01M|H04M|Y02E,JP2001155700|JP2006134801|JP2006196277|JP2007280679|JP2009060165|JP2009212583,200
EP2424281,EP2424281,2012-02-29,H04B|H04W,JP2005136897|JP4307227|US20050213579|US20070197246|US20080080387|US20080080388|JP2010187369,200
EP2410590,EP2410590,2012-01-25,H01M|Y02E,JP2002170537|JP2003045505|JP2007213939|JP2008034296|JP2008198435,200
EP2423978,EP2423978,2012-02-29,H02S|H02G|Y02E,JPH0369523A|JPH1126035A|JP2003197944|JP2006339659,200
EP2422984,EP2422984,2012-02-29,B41J,US5276459|EP1308279|JP2008168592|US20090237430,200
EP2426580,EP2426580,2012-03-07,G06F,JPH11119882A|JP2010196815,200
EP2426358,EP2426358,2012-03-07,F04B|F16K,JP2010185285,200
EP2426438,EP2426438,2012-03-07,F25B,JP2005300006|JP2009210139,200
EP2426729,EP2426729,2012-03-07,B32B|C08G|C09D|H10F|C08F|C08K|Y02E|Y10T,,200
EP2426745,EP2426745,2012-03-07,C09K|H10H|H10W,JP2010199983,200
EP2426751,EP2426751,2012-03-07,H01M|Y02E,DE19832969|US20060214632|EP1995803|US20090087692,200
EP2429020,EP2429020,2012-03-14,H01M|B01J|C01B|C01P|Y02E,JP2009054318|EP2221841|EP2224514,200
EP2426597,EP2426597,2012-03-07,G06F|H04M|G09G,EP2129084,200
EP2428767,EP2428767,2012-03-14,G01C,,200
EP2428709,EP2428709,2012-03-14,F16H,JPH0579554A|JP2002243031|JP2010201167,200
EP2431951,EP2431951,2012-03-21,G07D,,200
EP2428177,EP2428177,2012-03-14,A61B,EP1685806|US7150749|US7156846|US20100179545|US20110184405,200
EP2431861,EP2431861,2012-03-21,G06F,JP2002149388,200
EP2432187,EP2432187,2012-03-21,H04L,,200
EP2431416,EP2431416,2012-03-21,C08L|C08F|C08K,WO1987007620|EP0491566|WO1992012182|WO1992019653|WO1992019658|EP0887379|WO1999024479|WO1999024478|WO2000068315|WO2002044272|WO2004000899|WO2004111095|EP1659151|EP1873203,200
EP2431987,EP2431987,2012-03-21,H02K|B25F|H01H,JP2003260675|JP2010209130|JP2010226365,200
EP2429138,EP2429138,2012-03-14,H04L,,200
EP2432209,EP2432209,2012-03-21,H04N,US20020055943|US20040174434|US20040135890|US20040126038|WO2005024681|US20060004712|US20070101005|US20070118509|US20090280859,200
EP2433637,EP2433637,2012-03-28,A61K|A61P,,200
EP2434410,EP2434410,2012-03-28,G01J|G01K|G01P|G01N,,200
EP2433812,EP2433812,2012-03-28,B60C|C08K|C08L|Y10T,US4398582|US4843120|US5047483|US5061765|US5137998|US5504135|US5239009|US5395891|US5272220|EP0601611|US5405927|US5620939|US5654384|US5677402|US5672639|US5627237|EP0839891|ES2122917|US6127488|US6146520|US6103842|US6103808|US6608125|US6248929|US20010023307|US20010007049|US6410816|US6133364|US6207757|US6242534|US6399697|US6372857|US20020000280|US20020045697|JP2002097369|US6559240|US20050222317|US20030130535|US20050032965|EP1400560|EP1493596|EP1493597|EP1637353|KR20070003209|EP1902865|KR20090069556,200
EP2436827,EP2436827,2012-04-04,D06F|G07F|H04N,EP0396915|DE19834229|DE10144668|US20090217712|EP1806446|EP1847643,200
EP2434837,EP2434837,2012-03-28,H05B|Y02B,,200
EP2433807,EP2433807,2012-03-28,B41M|B41J|C09D,JPS62173463A|JPS62183457A|JP2003191593|JP2003211651|US20040141040|JP2004216681|US20080107821|US20080206527|JP2008208190|US20080239045|JP2009191183|JP2009209289|JP2009221414|JP2009221416|US20100112497,200
EP2434465,EP2434465,2012-03-28,G09B|B64D|A61B|G08B,US20100174424,200
EP2434576,EP2434576,2012-03-28,H01Q|H04B,US20080106478|US20080258992|US20100073242,200
EP2437147,EP2437147,2012-04-04,G06F,,200
EP2439084,EP2439084,2012-04-11,B60C,US3240251|US3679516|EP0573853|US6659148|EP2147805|US20100065179|EP2165861,200
EP2439021,EP2439021,2012-04-11,B25B,,200
EP2439256,EP2439256,2012-04-11,C10M|C10N,US20020119896|US20080248981,200
EP2439094,EP2439094,2012-04-11,B60W|B60L|Y02T,WO2000015455|US20020107618|JP3702897,200
EP2439244,EP2439244,2012-04-11,B41M|C09D|B41J,,200
EP2439899,EP2439899,2012-04-11,G08G|H04L|G09G,,200
EP2440010,EP2440010,2012-04-11,H05B,,200
EP2439807,EP2439807,2012-04-11,H01M|Y02E|Y02P,US1900307|GB476056|FR871568|US2757222|EP0700109|JPH09120836A|EP0948064|US6083640|EP1575103,200
EP2437363,EP2437363,2012-04-04,H02G|H01B,,200
EP2441923,EP2441923,2012-04-18,F01D|F05D|Y02T,,200
EP2442180,EP2442180,2012-04-18,G09G|G02F,EP1403934|JP2009104844,200
EP2442486,EP2442486,2012-04-18,H04W,US7295524|US20040229621|US20050037775|US20070025287,200
EP2442464,EP2442464,2012-04-18,H04H|H04N|G06T|H04L,WO2007146876|WO2008042953|US20090271829|EP2166765|EP2378758,200
EP2442342,EP2442342,2012-04-18,H01H,,200
EP2444515,EP2444515,2012-04-25,C23C|F01D|F05D|Y02T|Y10T,US4861618|US6102656|US6190124|US6358002,200
EP2444206,EP2444206,2012-04-25,B25F|B25D,,200
EP2444041,EP2444041,2012-04-25,A61H|A61F|A41D,US20020104535|US20060036203|US20090177222,200
EP2444304,EP2444304,2012-04-25,B60G|B62D|E02F,FR1194819|FR2681563|FR2718552|EP1167639|FR2821601|WO2003019493|DE10154805|US20060220331|EP1698497|US20080208416|EP1972471|EP2225930,200
EP2444657,EP2444657,2012-04-25,F03D|F05B|Y02E|Y02P,DE19726408|US20060127222|US20070253824|DE102007006643|WO2009095758|EP2239460|US20100135820,200
EP2445006,EP2445006,2012-04-25,H10H|H10W,JP2006114820,200
EP2447045,EP2447045,2012-05-02,B29C|B33Y,,200
EP2447046,EP2447046,2012-05-02,B29C|B33Y,JP2003535712,200
EP2447042,EP2447042,2012-05-02,B29C|B65B,US2899875|US2946119|US3224915|US4029538|US4161420|US4288965|US4517790|JPH0824314A|US6066216,200
EP2446835,EP2446835,2012-05-02,A61B,US5084057|US5100420|US5607436|US5695502|US6817508|US20090179063|US20080046122|US20090145947|EP1980213|EP1980215|EP2055243,200
EP2447108,EP2447108,2012-05-02,B60L|B62M|G16Z|Y02T,EP0700826|JPH09290795A|JPH11245876A|GB2336575|JP2004350355|JP2010244337,200
EP2447157,EP2447157,2012-05-02,F01D|B64D|F02C|F05D|Y02T|Y10T,,200
EP2447406,EP2447406,2012-05-02,D06F,JPH0260692A|EP0495168|US5590551|US20080099052,200
EP2441504,EP2441504,2012-04-18,A63F|G06T,,200
EP2448325,EP2448325,2012-05-02,H04W,,200
EP2447668,EP2447668,2012-05-02,G01C|G01R,JP2006098200|EP2009394,200
EP2446834,EP2446834,2012-05-02,A61B,US20070023477|US20100089974,200
EP2449996,EP2449996,2012-05-09,A61B,US5391199|WO1996005768|US6690963|US20020065455|US6332089|US6618612|US6239724|US6484118|US20030120150|US20040068178|US20070100332|US20090093806|US20090138007,200
EP2450551,EP2450551,2012-05-09,F02C|F01D|F05D,,200
EP2447819,EP2447819,2012-05-02,G06F|H04B|H04M,,200
EP2447833,EP2447833,2012-05-02,G06F|H04N,US5838383|US6486883|US20020024616|US20100077192,200
EP2450062,EP2450062,2012-05-09,A61K|A61L|A61P,,200
EP2450858,EP2450858,2012-05-09,G07F|G06Q,EP1134705|US20030074328|US20040243515|GB2396472|WO2006013218|US20070108267|EP2038227,200
EP2448243,EP2448243,2012-05-02,G06F|H04N|G02F|H04M,,200
EP2450775,EP2450775,2012-05-09,G06F,US20070296693|US20060197750|US20080048993,200
EP2451041,EP2451041,2012-05-09,H02J|B63H,US4808835|US5388033|US20090156068|DE102008022077,200
EP2450262,EP2450262,2012-05-09,B62D|F16C|F16H,EP1571356|EP1571067|JP2004301265|EP1623908,200
EP2451100,EP2451100,2012-05-09,H04J|H04L|H04W,,200
EP2450991,EP2450991,2012-05-09,H01M|Y02W,US5575907|US5858061|EP1041659|US6514311|US6835228|CN1560288|WO2005101564|EP1684369|CN101217206,200
EP2454933,EP2454933,2012-05-23,A01G,WO1992003913|EP0853873|EP1377153|WO2004023863|WO2005034609,200
EP2452836,EP2452836,2012-05-16,B60C|Y10S,JPH0550812A|EP0540339|JPH07205617A|EP2289714,200
EP2453122,EP2453122,2012-05-16,F02D|F02M,US5975053|WO2002095212|DE10148218|US20100043758|DE102008041531|WO2010066663|DE102008054512,200
EP2455239,EP2455239,2012-05-23,B60C,US3304981|WO2005012009|WO2007134556|US20110146867,200
EP2456251,EP2456251,2012-05-23,H04W,US20050059405|US20070025287|US20070082677|EP2056532|US20100208711|WO2010100325,200
EP2455883,EP2455883,2012-05-23,G06F|H04L,,200
EP2457532,EP2457532,2012-05-30,A61B,US20030171745|US7258688,200
EP2452990,EP2452990,2012-05-16,C09J|C08K|Y10T,JP2003013015|JP2006022189|JP2006265368|JP2008012798|JP2009120807|EP2204426|JP2010126697|EP2358833|JP2010254297|WO2011038202|JP2011182020,200
EP2458061,EP2458061,2012-05-30,D06F,GB2294697|JP2006136601|EP1698722|JP2008006063|JP2008073126|JP2008110002,200
EP2457723,EP2457723,2012-05-30,F16L|B32B|Y10T,GB1454493|US3941159|GB2041948|US5795634|US6066580|US5971034|US20040161562|EP2116753,200
EP2457741,EP2457741,2012-05-30,C08L|B60C|C08K|C09D|Y10T,US3342238|US3421565|US3514423|US3335041|GB1236677|US3860505|US3634352|US3929755|US4497927|US4463120|US4539365|US5504127|US5503940|US5951797|EP1902864|EP2022823|EP2033812,200
EP2457494,EP2457494,2012-05-30,A61B|G06T|G06V,,200
EP2457604,EP2457604,2012-05-30,A61M,US20060173410|EP1698279|WO2007140632|GB2445437|WO2009103759,200
EP2458060,EP2458060,2012-05-30,D06F|H05K|A47L|F25D,JPS62165982A|JPH01214396A|EP1786107|EP1806446|JP2010069192|US20100177494,200
EP2458065,EP2458065,2012-05-30,D06F|E05D|E05Y,CA1227147|GB2239674|DE4140266|AU672015|WO1994006601|WO2003095320|EP1524359|EP2107155,200
EP2458338,EP2458338,2012-05-30,G01C|A61B|A63B,WO1998000683|US6145389|WO1999065385|US6175608|WO2007008352|WO2008042720,200
EP2460587,EP2460587,2012-06-06,C08F|B01J|C07C,US5939504,200
EP2458344,EP2458344,2012-05-30,G01N|G01F|F17C|G01G|Y10T,US4644796|EP0582045|WO1999040553|DE19945881|DE10232823,200
EP2460926,EP2460926,2012-06-06,D06F|F26B,JPH01212599A|EP0999302|US20050066538|JP2005265402|US20050198852|EP1884586|EP2189568,200
EP2458829,EP2458829,2012-05-30,H04M|G02F|G06F|H04B|H04W,,200
EP2458674,EP2458674,2012-05-30,H04R|H01Q,WO2005081583|DE102004017832|US20100020994,200
EP2460928,EP2460928,2012-06-06,D06F|F25B,JPH01212599A|EP0999302|US20050066538|EP1884586,200
EP2461026,EP2461026,2012-06-06,G01R|F05B|Y02E,WO2003058789|EP1796259,200
EP2460927,EP2460927,2012-06-06,F25B|D06F|Y02B,JPH01212599A|EP0999302|US20050066538|EP1884586,200
EP2461086,EP2461086,2012-06-06,F21V|G02B|F21S|F21W|F21Y,,200
EP2461393,EP2461393,2012-06-06,H01M|Y02E|Y02P,JP2004319463|US20100279156|EP2284932,200
EP2461094,EP2461094,2012-06-06,F21K|F21V|F21S|F21Y|Y10T,,200
EP2462921,EP2462921,2012-06-13,A61K|A61P,US5518731|US5336175|EP0965329|EP0965334|US6262126|WO2008060359|EP2110126|WO2010062394,200
EP2463333,EP2463333,2012-06-13,B60C|B29D|B29C|B29L,US3342238|US3421565|US3514423|US3335041|US4463120|US4539365|US6608125|US20030130535|US20100036026,200
EP2463137,EP2463137,2012-06-13,B60K|B60W|E02F|F16H|B60Y|Y02T|Y10S,WO2009125833,200
EP2461547,EP2461547,2012-06-06,H04L,US20070064702,200
EP2463083,EP2463083,2012-06-13,B29D|B28B|B29C|B64C|C04B|D06M|B29K|B29L|Y02P|Y02T|Y02W|Y10T,,200
EP2461613,EP2461613,2012-06-06,H04W|G06F|H04B|H04L,US20050266883|US20080090614|WO2009103623,200
EP2461577,EP2461577,2012-06-06,H04N|G06F,US20050149879|EP1511040|US20060041846|EP1669848|US20080109753|US20100162162|EP2045700|WO2009143075|EP2178283|EP2199893|KR20100121233,200
EP2463829,EP2463829,2012-06-13,G07D,US3680566|US6168001|EP1020818|EP2146330,200
EP2464153,EP2464153,2012-06-13,H04W,EP1223768|US20070298801|WO2010140781,200
EP2464112,EP2464112,2012-06-13,B62D|H04N|G06T|G08G|B60R,,200
EP2464100,EP2464100,2012-06-13,G06F|H04N,JP2006323578|JP2010276645,200
EP2463347,EP2463347,2012-06-13,C09J|Y10T,JPS61180665U|JP2006022189|JP2008012798|JP2008120903,200
EP2465428,EP2465428,2012-06-20,A61B|G01S,US6061589|WO2001007909|EP1264576|US20100069744|EP2364647,200
EP2465774,EP2465774,2012-06-20,B64D,US5083727|US5520357|DE102004012262,200
EP2466128,EP2466128,2012-06-20,F03D|F05B|Y02E,US20080197638|DE102008053814|EP2163761|US20100164228,200
EP2462878,EP2462878,2012-06-13,A61B,WO2003090630|US20070175962|EP2044890|US20100137845|US20100152586|US20100179587|US20100179423|EP2218409|EP2277458|EP2283781,200
EP2466262,EP2466262,2012-06-20,G01C,JP2003095040|JP2003244343,200
EP2462880,EP2462880,2012-06-13,A61B,US3079606|US3490675|US3499591|US4429695|US5040715|US5318221|US5065929|US5137198|US5307976|US5312023|US5326013|US5332142|US5915616|US6202914|US5964394|US5865361,200
EP2466870,EP2466870,2012-06-20,H04N|H04L,US20100017516|WO2010060106,200
EP2466122,EP2466122,2012-06-20,F03D|F05B|Y02E|Y02P|Y10T,,200
EP2467005,EP2467005,2012-06-20,H05K,US3212564|US3784885|US4149219|GB1600095|US4400858|US4689720|GB2137375|GB2153151|US4679250|US4855870|US4858068|US4962445|US5122926|US5105337|DE4004457|US5060114|US5247425|US5679457|US5666457|DE19925983|WO2001013692|US20020154487|DE10246577|US20050180113|WO2007041738|US7733651|EP2048928|US20090231810|EP2131639,200
EP2465687,EP2465687,2012-06-20,B41J|H04N,JPH05301426A|JP2000221424|JP2007054970|EP2042324|US20090184993|US20100214345,200
EP2466940,EP2466940,2012-06-20,H04W,US20100238884,200
EP2469041,EP2469041,2012-06-27,F01D|F02C|F05D,JPS56133636A|EP1251258|EP1420153|JP2007192138|EP1953454|EP2249004,200
EP2468948,EP2468948,2012-06-27,D06F,JP2004239549,200
EP2466653,EP2466653,2012-06-20,H10H,,200
EP2469081,EP2469081,2012-06-27,F03D|F05B|Y02E,,200
EP2468090,EP2468090,2012-06-27,A01G|A01C|A01H|H05B|Y02P,EP0364952|WO2007049962|US20080120736|WO2009131008|EP2272324|US20100259190|WO2010053341,200
EP2469164,EP2469164,2012-06-27,F23B|F24B,US4442825|US4865016|WO2000045092|EP1865254|EP2071238|EP2083222|AT506306,200
EP2469232,EP2469232,2012-06-27,G01C|H04W|H04M,WO1997007467|WO2006127388|WO2008148112,200
EP2469478,EP2469478,2012-06-27,G07C,EP0744843|WO2003044743|WO2004034336|EP1429300|WO2005031519|US7367497|US20060015233|WO2006101615,200
EP2469332,EP2469332,2012-06-27,G02F,JP2007506151,200
EP2471613,EP2471613,2012-07-04,B22C,US6637500|US7014424|US6929054|US7134475|US20060239819,200
EP2469843,EP2469843,2012-06-27,H04N,US6438752|US20020157096|JP2003219287|EP1928170|WO2009068675|US20100257601,200
EP2471670A1,EP2471670,2012-07-04,B60C,JPH10181309A|JPH10287106A|US20050183807|US20080196806|EP2204294|US20100294409|EP2311659|EP2316666,200
EP2471606,EP2471606,2012-07-04,B41J|B05C|B05D,,200
EP2471858,EP2471858,2012-07-04,C08L|C08K,EP0373660|WO1999024501|WO1999024479|EP1358266|EP1702956|EP1659151|EP1801156|EP2014714|EP2022824,200
EP2471974A1,EP2471974,2012-07-04,C23C|F01D|Y02T,JPS62211387A|US5871820|JPH0978258A|EP1609885|EP1788122|EP2128299,200
EP2471981,EP2471981,2012-07-04,C30B|H10P|Y10T,,200
EP2472015,EP2472015,2012-07-04,E03F|E03C,NL6604854|US3973407|US5022430|JPH06322948A|DE19510502|DE19652972|WO2008119865|DE202009005060,200
EP2472062,EP2472062,2012-07-04,F01D|Y02T,GB1299904|US4118146|WO2000053896|EP1617043|US7625180,200
EP2471869,EP2471869,2012-07-04,C09D|H01M|C08K|H01B|H01G|Y02E|Y02P|Y10T,,200
EP2472104A1,EP2472104,2012-07-04,F03D|F05B|Y02E,EP1571334|DE202005014265|EP2133560|US20100314875|EP2267304,200
EP2472377,EP2472377,2012-07-04,G06F,,200
EP2469813,EP2469813,2012-06-27,H04M|G06F,US20080318616|US20090170532,200
EP2471998,EP2471998,2012-07-04,D06F,GB2075559|EP0254018|GB2248920|EP0552843|EP1411163|JP2004135715|EP1584734|EP1634984|EP2037035|EP2039819|DE102007052835|DE102008026788|EP2199455,200
EP2472399,EP2472399,2012-07-04,G06F,US20070174839|US20100043004,200
EP2471993,EP2471993,2012-07-04,D06F|Y02B,,200
EP2472830A1,EP2472830,2012-07-04,H04M|A63F,EP1617630|EP1928157|EP2056600|EP2192750,200
EP2472535,EP2472535,2012-07-04,C22C|B22F|H01F,,200
EP2472452,EP2472452,2012-07-04,G06Q|H04L|G06F|H04M,,200
EP2472589A1,EP2472589,2012-07-04,H10F|Y02E,EP1995792|EP2043161|EP2068369|EP2086015|US20090223560|US20100258177,200
EP2472997,EP2472997,2012-07-04,G06F|H04L|H04M,,200
EP2472862,EP2472862,2012-07-04,G09G|G06V|H04N,,200
EP2474850A1,EP2474850,2012-07-11,G02B|G03B|H04N,US20040057712|JP2006023653|EP1684503|US20080025717|US20080025714|JP2009048123|US20090115882|US20100329656|EP2146500,200
EP2474638,EP2474638,2012-07-11,C22C|B22D|B22F|F04D|F05D|Y10T,US5375978|US5785498,200
EP2472838A1,EP2472838,2012-07-04,H04M|G06F,US6453266|JP2004128547|WO2005071932|EP1708075|US20090267762|WO2010007846|US20100167791|EP2211319|EP2224706,200
EP2474877A1,EP2474877,2012-07-11,G01R|G06F|G06K|H04B|H04M,US20050014526|EP1780505|US20100081473|EP2194694,200
EP2475031,EP2475031,2012-07-11,H01M|Y02E|Y10T,US1939105|EP1914817|US20100081048|EP2228853,200
EP2474894,EP2474894,2012-07-11,G06F,US20070236468|US20090278806|US20100185989|WO2010040670|US20100175018|US20100302172,200
EP2475068,EP2475068,2012-07-11,H02J|H01M|Y02E,,200
EP2476368A1,EP2476368,2012-07-18,A61B,US20040007907|US20080056551|US20080118886|EP2060227|EP2078493|DE102009017819|US20110149058,200
EP2478802A1,EP2478802,2012-07-25,A23C|A47J|A23G|B65D,US2546514|EP0756844|WO1998014069|WO2001008504|GB2374816|EP1676786|WO2006043102|EP1985213|EP2168468,200
EP2478774,EP2478774,2012-07-25,A23G,US4736593|JPH01179653A|US20080098765,200
EP2476744,EP2476744,2012-07-18,C11D,US2220099|US2477383|US3664961|GB1466799|US3835163|US3923679|US3919678|US4102903|US4120874|US4158635|US4222905|US4239659|US4246612|EP0170386|US4810410|EP0332294|US5114611|EP0482807|US5227084|US6166117|US6787512|WO2004108876|WO2006045391|EP1666579|WO2006088980,200
EP2479013A1,EP2479013,2012-07-25,B29B|B29C|B32B|B65D|C08J|C08K|B29K,US3944643|US4094407|GB2086342|JPS60125627A|JPH11348184A|EP1008528|JP2000264325|US20020110654|US20050249904|US20090130359|EP2159031|WO2010060692|US20100243498,200
EP2478925A1,EP2478925,2012-07-25,A61M,US2931356|EP0264772|EP0462701|EP0874667|EP1479406|EP0956069|WO1998004310|EP1985327|EP1118346|EP1258266|EP1334742|WO2006074513|EP1841481|US20080110464|EP1982740,200
EP2477100,EP2477100,2012-07-18,G06F,,200
EP2475178,EP2475178,2012-07-11,H04N|G06T,JP2002298160|JP2011002187,200
EP2479028A1,EP2479028,2012-07-25,B32B|B29C|B29K,US5460760|EP1226935|US20070148484|WO2003033261|US20040131868|EP1508426,200
EP2479075,EP2479075,2012-07-25,B60S|Y10T,US4103869|US4067543|EP1088722|WO2001062563|EP1257450,200
EP2476383,EP2476383,2012-07-18,A61B|A61M|F04B,JP2008082202,200
EP2479334A1,EP2479334,2012-07-25,D06F,JPH09276582A|EP1433887|EP1502982|EP1860225,200
EP2479230,EP2479230,2012-07-25,B32B|C09J|G02B,US20010021452|JP3819661|JP2003238915|JP2003342542|JP2004231723|EP1835003|US20100255253,200
EP2481535,EP2481535,2012-08-01,B26B,US2616169|US4003390|GB2063752|US4336650|CN1169351|US6032365|US5993440|EP1231034|US20080313910|CN2544911|CN2712565|US20080134513|CN200945636,200
EP2479033A1,EP2479033,2012-07-25,B41J,US7249831|EP0803364|EP0826505|EP1609604|EP1164025|US20060007283|US7125108|JP2005238815|WO2005075204|US20070222829|US20090096849|EP2095961|US20100220127,200
EP2479929A1,EP2479929,2012-07-25,H04W,EP1113628|EP1189388|EP1241911|EP1257140|US20030032411|GB2380900,200
EP2481543A1,EP2481543,2012-08-01,B28D|C03B,US3795572|JPH0374143B2|EP1712339|WO2009128334|EP2279983,200
EP2479032A1,EP2479032,2012-07-25,B41J,US7249831|EP0803364|EP0826505|EP1609604|EP1164025|US20060007283|US7125108|JP2005238815|WO2005075204|US20070222829|US20090096849|EP2095961|US20100220127,200
EP2481597,EP2481597,2012-08-01,G03G|B41J,US20040008247|JP2004066649|JP2006272685|US20070070166|JP2009214396|JP2010064338,200
EP2481916,EP2481916,2012-08-01,F03D|F05B|Y02E,DE3025563|JPS61212674A|WO2007053036|WO2009153614|GB2463647|WO2010085988|EP2261503,200
EP2481634A1,EP2481634,2012-08-01,B60Q,EP1342618|US20080225543|US20080089086|EP1920972|JP2009026597|JP2010049862|JP2010108867,200
EP2482097A1,EP2482097,2012-08-01,G01S,US20040027282|EP1850147|EP2048514|US20090073026|JP4415040,200
EP2481592A1,EP2481592,2012-08-01,B41J,JPH0880618A|EP0803364|EP0826505|EP1609604|EP1164025|US20060007283|WO2005075204|US20070222829|US20090096849|EP2095961|US20100220127,200
EP2482250A1,EP2482250,2012-08-01,G06T,EP1072095|EP1271179|EP1391845|JP2008238927|JP2008276308|EP2419881,200
EP2481619,EP2481619,2012-08-01,B60J,JP2005153803,200
EP2481973,EP2481973,2012-08-01,F21S|F21K|F21V|F21Y,,200
EP2482269,EP2482269,2012-08-01,G08G,EP2040137,200
EP2481359,EP2481359,2012-08-01,A61B,US5915616|US6241139|US6330965|US20020028243|US20050149073|WO2006023578|US20060173470|EP1702570|US20070123839|EP1815804|EP2008595|US20090001122|WO2010075298|WO2012044848,200
EP2482480A1,EP2482480,2012-08-01,H04J,US7161964|EP1569494|EP2139127,200
EP2482345,EP2482345,2012-08-01,H10H,US5696389|US20090283787|DE102009006177|EP2405491,200
EP2482425,EP2482425,2012-08-01,H02J|B60R|B63H|B63J|H02H,GB2318000|US20090284228,200
EP2482346,EP2482346,2012-08-01,H10H|H10W,JP2004055632|JP2006140197|EP1978566|WO2007111355|JP2007281260|US20080054287|US20080093606|US20080298063|WO2009075530|WO2009145298|WO2010035206|US20100078668|JP2010219324|WO2011007275,200
EP2482615,EP2482615,2012-08-01,H05B|Y02B,JP2000222686|JP2006142187,200
EP2481686A1,EP2481686,2012-08-01,B65D,US4679693|US6589622|US6767604|US6918532|US20050276525|EP1939107|EP1975081,200
EP2482575A1,EP2482575,2012-08-01,H04L|H04W,EP1282044|WO2007072474|EP2106099,200
EP2484872A1,EP2484872,2012-08-08,F01D,US6139257|EP1176285|EP1213444|WO2003054360|EP2009248,200
EP2484735A1,EP2484735,2012-08-08,C09J|C08K|C08L|Y10T,FR2236910|JPH04370179A|EP0827526|JPH10176152A|JP2000191862|EP1247855|EP1312656|JP2005213280|EP1640427|JP2007238746,200
EP2484913,EP2484913,2012-08-08,F01D|F04D|F05D,EP1801361,200
EP2482565,EP2482565,2012-08-01,H04N,WO1997013368|WO2005048581,200
EP2484240,EP2484240,2012-08-08,A43B|B29D,,200
EP2484895,EP2484895,2012-08-08,F03D|F05B|Y02E,WO2000015961|WO2001016482|WO2002008600|WO2002029247|WO2006122547|WO2007140771|WO2008113350|EP2031241,200
EP2484275,EP2484275,2012-08-08,A61B|G16H,,200
EP2485120,EP2485120,2012-08-08,G06F|H04M|H04N,US20050212754|JP2007060406|WO2007036818|US20070156364|US20080284724|JP2009100366|US20100149432|JP2011022069,200
EP2484897,EP2484897,2012-08-08,F03D|B64C|F05B|Y02E|Y10T,WO2000015961|WO2002008600|WO2006122547|WO2007140771|WO2008113350|DE102007043297,200
EP2485546A1,EP2485546,2012-08-08,H04W,WO1998010307|US20060030333|EP1227688|US20040176103|EP2194739|US20100304764,200
EP2485480,EP2485480,2012-08-08,H04N,,200
EP2485503,EP2485503,2012-08-08,H04R|H04S,,200
EP2487290,EP2487290,2012-08-15,D06F|F26B|Y02B,EP1209277|EP2063011|EP2336419,200
EP2487365A1,EP2487365,2012-08-15,F03D|F05B|Y02E,EP1672778|DE102005018996|EP1790851|US20070173982|EP2072813|WO2009082326|DE102009030886,200
EP2487199,EP2487199,2012-08-15,C08F|B29C|C08J,,200
EP2487327,EP2487327,2012-08-15,E21B|H05K,US4302793|US4400858|US20080302115|US20100024436|WO2011009022,200
EP2487618,EP2487618,2012-08-15,G06F,,200
EP2489298A1,EP2489298,2012-08-22,H01R|A47L|D06F,DE19620422|CA2172300|DE19715828|WO2005064068|WO2006033562|EP1798326|EP2282094,200
EP2487701A1,EP2487701,2012-08-15,H01H,WO2003006824|EP2080898|JP2009191843|EP2151573|US20110001589,200
EP2489705A1,EP2489705,2012-08-22,C08K|C09D,JPH0245545A|JPH05170984A|JPH0948899A|CN1146472|WO1999019395|US20070131916|KR20090097284|EP2322581|EP2355111,200
EP2489415,EP2489415,2012-08-22,A63C,US3797841|DE2706111|US4352508|US4348036|EP0199098|WO2007010392|FR2945185,200
EP2490153A1,EP2490153,2012-08-22,G06V,JP3972779|US7706582|US20080175444|JP2008168118|JP2008212311|WO2008123584|EP2131322|WO2008153123|JP2009089727|EP2178027,200
EP2489391,EP2489391,2012-08-22,A61M|A24F,,200
EP2489680A1,EP2489680,2012-08-22,C08B,EP1803737|EP1803738|JP2007197682,200
EP2490097,EP2490097,2012-08-22,G06F|H05K,,200
EP2492321,EP2492321,2012-08-29,C09D,,200
EP2489517A1,EP2489517,2012-08-22,B41J,JPH07290717A|EP0688836|JPH083498A|JPH09151342A|JPH1025440A|JPH10140065A|US20010048457|JPH1143636A|JPH11172180A|JPH11209672A|EP1090767|JP2001181549|JP2001247787|JP2002088294|US20050257506|US20040100540|US20060017790|US20050151810|WO2006116698|JP2007038537|JP2007100071|JP2009084501|EP2100930|JP2009221253,200
EP2492065,EP2492065,2012-08-29,B25J|B21J|B23B|Y10T,US20020050043|US20060143890|US20100204817|US20090287352,200
EP2492442,EP2492442,2012-08-29,F01D|F05D,,200
EP2492440,EP2492440,2012-08-29,F01D|F05D|Y02T,JP2008202420,200
EP2491848,EP2491848,2012-08-29,A61B,JPS56113503U|JPS62192701U|JPH05207962A|JP2009279291,200
EP2492142,EP2492142,2012-08-29,B60R|B60Q|H01H,JPH10269901A,200
EP2490419,EP2490419,2012-08-22,G06F|H04M|G09G|H04N|H04W,US20090085881,200
EP2492479A1,EP2492479,2012-08-29,F02D,EP0727566|JP2002115591|EP1909009|EP1990526|JP2008280876,200
EP2492833,EP2492833,2012-08-29,G06F,WO1997012322|WO1999015966|US7895448|US7552479|US7895654,200
EP2492784,EP2492784,2012-08-29,G06F|G02F|G09G,,200
EP2491909A1,EP2491909,2012-08-29,A61F|B65H,US3306546|US3460775|US3655143|US6701992|US20050257881|EP1707168|US20070131343|US20070131817|EP1994919|EP2233116|US11061605,200
EP2492789A1,EP2492789,2012-08-29,G06F|H04M,EP2045700|EP2068236|US20100182248|US20100231533|WO2010110613,200
EP2492947,EP2492947,2012-08-29,H01H,GB329638|GB1600095|WO1999012178|WO2006032060|WO2008122309,200
EP2493101A1,EP2493101,2012-08-29,H04J|H04B,EP1043859|EP1113587|US20020097469|US20020163685|US20070071447|US20070159638|EP2224630,200
EP2492949,EP2492949,2012-08-29,H01J,US7888654,200
EP2492996,EP2492996,2012-08-29,H01M|H01G|Y02E|Y02P|Y02T,JPH0221559A|JP2002216770|JP2004127545|JP2007324073|JP2010262939,200
EP2495168A1,EP2495168,2012-09-05,H04N|B64D|B64F|G06T|G07C|G05D|G08G,GB2065053|WO1999037539|EP0980828|WO2003021187|US20030125141|US7844392|US20070085907|EP1927965|WO2009067819,200
EP2493147A1,EP2493147,2012-08-29,H04L,EP1128635|EP1294159|US20070248232|US20080298302|US20100034119,200
EP2495025A1,EP2495025,2012-09-05,B01D,EP0063897|EP1016426|EP1156067|WO2007103572|WO2009057165,200
EP2493225,EP2493225,2012-08-29,H04W,WO2001054435|US7747251|US20100008487,200
EP2495446A1,EP2495446,2012-09-05,F04D,US5786647|DE4438751|EP0909006|EP1516756,200
EP2495426,EP2495426,2012-09-05,F02M|Y02T,JPS58197412A|JPH08334011A|DE10328144|US20080173271|DE102011102838,200
EP2494909,EP2494909,2012-09-05,A61B,JP2003210388|EP1665978|EP1859723|JP2007330529|EP1908392|US20110112363,200
EP2495975A1,EP2495975,2012-09-05,H04N,EP1351512|EP1507416|EP1615446|US20080199090|US20110080957,200
EP2496045,EP2496045,2012-09-05,H04W|H04B,,200
EP2495746,EP2495746,2012-09-05,H01H,US20090045906|EP2136381,200
EP2495571,EP2495571,2012-09-05,G01N,JPH01221673A,200
EP2495843,EP2495843,2012-09-05,H02J,,200
EP2497942,EP2497942,2012-09-12,F03D|F05B|F05C|Y02E,GB2254382|WO2005031158|EP1779997|DE102008002849,200
EP2497409A1,EP2497409,2012-09-12,A61B|G01B|G06T,JP2004512125|EP1865829|US20070188707|US20080055543|EP2184004|EP2322081|EP2382914|EP2382913|WO2012002406,200
EP2496036A1,EP2496036,2012-09-05,H04W|H04B,JPH08321799A|EP1841092|US20100159832|EP2197238,200
EP2498381A1,EP2498381,2012-09-12,H02K|Y02E,EP0449298|US20060103137|EP1630931|EP1792770,200
EP2498550A1,EP2498550,2012-09-12,H04W|H04B,US20060239689|GB2424777|EP1990936|EP2043301|EP1959588,200
EP2500175A1,EP2500175,2012-09-19,B41J,EP1142714|EP1658988|US20070019022|JP2001260423|US20020063750|JP2003025614|JP2004106392|US6866365|JP2010208164,200
EP2500144,EP2500144,2012-09-19,B25F,,200
EP2498457A1,EP2498457,2012-09-12,H04L,EP1653685|EP2040420|EP2180644,200
EP2500313A1,EP2500313,2012-09-19,B81C|G01L|B81B,DE10032579|EP1452844|EP1577656|US20090283846,200
EP2500951,EP2500951,2012-09-19,A01G|H10H|Y02P,WO1999050916|WO2009048425|US20100259190|WO2010053341,200
EP2501059A1,EP2501059,2012-09-19,H04J|G06F|H03L|H04L,US20040264477|US20080049743|EP1931069|GB2454936|EP2209239,200
EP2500990,EP2500990,2012-09-19,H01R,JP2008052993,200
EP2497546,EP2497546,2012-09-12,A63F,JP2008264195,200
EP2500878,EP2500878,2012-09-19,G07F,US5671592|US20050256609|EP1854721,200
EP2501114,EP2501114,2012-09-19,H04M|H04R,EP1156587|US20080032753|US20090179768|US20110057711,200
EP2501067A1,EP2501067,2012-09-19,H04B,JPH0918422A|EP1289174|US20090162059|EP2355389,200
EP2501127A1,EP2501127,2012-09-19,H04N,WO2001099415|US20070026828|EP2037676|EP2136555,200
EP2497545,EP2497545,2012-09-12,A63F,,200
EP2501127,EP2501127,2012-09-19,H04N,WO2001099415|US20070026828|EP2037676|EP2136555,200
EP2502585A1,EP2502585,2012-09-26,A61B,US1155271|US5217441|US5215531|US5263939|US20030065343|WO2007006306|EP2044897|US20090093752|WO2009127973|EP2138117|EP2229900|US20100240960,200
EP2502586A1,EP2502586,2012-09-26,A61B,US20020183594|EP0950376|WO2000054675|US20070060884|EP2044889|US20090221966|EP2253283|US20100312061|EP2289438,200
EP2502588A1,EP2502588,2012-09-26,A61B,US6033428|US20070270654|WO2008147644|US20090221966|WO2010000047|EP2181657|US20110066001|EP2238933|EP2289438,200
EP2502729,EP2502729,2012-09-26,B29C|B22F|B33Y|Y02P,WO1998055257|US6391251|WO2005107981|WO2008155021,200
EP2503292A1,EP2503292,2012-09-26,G01C,EP1024467|EP1189176|US20060152503|EP1746391|DE102006059922,200
EP2503148,EP2503148,2012-09-26,F01M|F03D|F16N|F05B|Y02E,EP0684368|EP0928883|EP1686244|ES2321995,200
EP2502587A1,EP2502587,2012-09-26,A61B,EP0950376|WO2006115893|US20100249516|WO2008011358|US20090093752|EP2229900|US20100240960|US20100312061|EP2289438,200
EP2503435,EP2503435,2012-09-26,G06F|G09G,KR20110026915,200
EP2503284,EP2503284,2012-09-26,G01C|G01S,JPH0528925U,200
EP2505163,EP2505163,2012-10-03,C04B|A61C,EP0218853|JP2945935|DE19904522|JP2002536280|JP2004051481|JP2004059374|JP2005097094|JP2005306726|JP2005306678|JP2006271435|US20080303181|JP2010534245,200
EP2505569A1,EP2505569,2012-10-03,B01J|C04B,EP1847320|US20090291824|EP2130604|EP2371450,200
EP2505473A1,EP2505473,2012-10-03,B62K|B62M|Y10T,EP1526069|EP1384659|EP1932754|US20080210043|US7854180,200
EP2505581,EP2505581,2012-10-03,C07C|B01J,WO1995000674|US7347903,200
EP2505846,EP2505846,2012-10-03,F04D,WO2005085772|EP2196678,200
EP2503768A1,EP2503768,2012-09-26,H04M,EP0453089|WO2005104512|US20060035677|EP1973316,200
EP2505781,EP2505781,2012-10-03,F01D|F05D|Y02T,US5224822|US6481959|US6506016|US7302990,200
EP2505628,EP2505628,2012-10-03,C09D|C08G|C09J|G02B|C08F|Y10T,,200
EP2506117A1,EP2506117,2012-10-03,G06F,US20050017947|US20030184574|EP1566728|US20090102805|EP2194444|US20100156843,200
EP2505822,EP2505822,2012-10-03,F03D|F05B|Y02E|Y02P,EP0864748|DE10015287|EP1677007|WO2008069818|WO2010024510|DE102008063783|US20100264664,200
EP2506330,EP2506330,2012-10-03,H05K|H10K,US5693375|US20070295400|US20090288567|JP2008047355|WO2008139934|WO2010005301|WO2011016725,200
EP2506464A1,EP2506464,2012-10-03,H04R|H04H,EP1580910|EP1841108|US20110007666,200
EP2506519A1,EP2506519,2012-10-03,G06F|H04L,US20060015943|EP1768043|WO2008033480|EP2271047|WO2011032094,200
EP2506358,EP2506358,2012-10-03,H01M|G05D|G01K|Y02E|Y02P,US20080038627|EP2244328|WO2010147136|EP2445034,200
EP2506408,EP2506408,2012-10-03,G01R|H02M,,200
EP2506478A1,EP2506478,2012-10-03,H04J|H04B,US20090162059|EP2154799|EP2109233|EP2343846|EP2521293,200
EP2506192,EP2506192,2012-10-03,G06K,JP2008159007|JP2009135605,200
EP2508956A1,EP2508956,2012-10-10,G05D|G08G,US6012003|EP1898232|EP2144217|US20100076685|WO2010143730|EP2289754,200
EP2508566,EP2508566,2012-10-10,C08L|H01B|C08F|Y10T,EP0193317|EP1923404,200
EP2508677,EP2508677,2012-10-10,E02B|E02D|F03D|F05B|Y02E,,200
EP2509392,EP2509392,2012-10-10,H05B,FR2863039|EP2034799|EP2068598|WO2010118943,200
EP2508960,EP2508960,2012-10-10,G06F|H04M,US20100141605,200
EP2508990A1,EP2508990,2012-10-10,G06F,EP0959405|JP2002342102|EP1643361|EP1705566|WO2008058101|EP2042987,200
EP2511166A1,EP2511166,2012-10-17,B62M,JPH09123978A|JPH11147494A|DE19855585|EP1129932|EP1188661|EP1304286|TW583117|US6774771|EP1362783|JP2004243920|EP1457415|DE102010028658,200
EP2509005,EP2509005,2012-10-10,G06F|G10L,,200
EP2511516,EP2511516,2012-10-17,F02M,US5460329|US6161770|WO2000034646|GB2351772,200
EP2511475,EP2511475,2012-10-17,F01D|C23C|F05B|F05D|Y02T|Y10T,US5626462|US6921014|US20050013926|US20080138529,200
EP2510895,EP2510895,2012-10-17,A61B|H03H,US5931835|EP1157667|US20090112204|EP2301463,200
EP2511716,EP2511716,2012-10-17,G01D|H02J|Y02B|Y02E|Y04S,,200
EP2514507,EP2514507,2012-10-24,B01D,US3042483|US4341746|WO2003095071|US20080125314|US20110014100|WO2010053377,200
EP2514459A1,EP2514459,2012-10-24,A61M,EP1243280|EP1356870|WO2007000066|EP2168619,200
EP2514294,EP2514294,2012-10-24,A01C,EP0569321|US5907925|EP1972189|RU2343680|EP2272315|EP2272316,200
EP2508985A1,EP2508985,2012-10-10,G06F,US5619666|EP0747808|US5745722|US5832205|US7047394|US20010010072|EP1447742|US7647480,200
EP2514508A1,EP2514508,2012-10-24,B01D|Y02C,US6146603|EP1061045|JP3663117|JP3754275|WO2007009461|US7829049|US20070148069|EP1953130|JP2010253370|EP2258461,200
EP2511811,EP2511811,2012-10-17,H04Q|G06F|H04M|G08C|G09G,KR20110033719,200
EP2514563A1,EP2514563,2012-10-24,B25B,EP0216710|EP1048412|DE29920639|DE10258024|EP1595640|US20090096149|EP2177319|WO2011149759,200
EP2515336,EP2515336,2012-10-24,H10D,,200
EP2514793,EP2514793,2012-10-24,C09J|H01M|Y02E|Y02P|Y10T,JPH11176476A|JP2001074933|JP2002138261|US20100129988,200
EP2514965,EP2514965,2012-10-24,F03D|F15D|H05H|F05B|Y02E,JP2008025434,200
EP2515241,EP2515241,2012-10-24,G06F|H04L,,200
EP2515355,EP2515355,2012-10-24,H10H|H10W,,200
EP2515435,EP2515435,2012-10-24,H03F|H10P|H10W,,200
EP2515379,EP2515379,2012-10-24,H01Q,JP2008017047,200
EP2515363,EP2515363,2012-10-24,H01M|Y02E,EP0313405|JPH05325943A|US20100279156|EP2357685|EP2348558,200
EP2515610,EP2515610,2012-10-24,G09G|H05B,,200
EP2517865,EP2517865,2012-10-31,B29C|B29K|Y10T,US4865792|US4867822|US5190611|EP1839802|WO2011105007,200
EP2515526,EP2515526,2012-10-24,H04N,US5781650|US20110134287|US7630006|US7317815|US20110013043|US20090179998|US20110064329|US7853043|US7844076|US7844135|US7565030|US7269292|US20100053368|US20100321537|US7587068|US20100066822|US7564994|US7558408|US7551755|US7555148|US7606417|US7796822|US7680342|US7957597|US7912285|US7796816|US20100054592|US7697778|US7715597|US7692696|US20080317378|US7868922|US7469071|US7953287|US20070201726|US20070269108|US20070296833|US7460695|US7460694|US7620218|US7315631|US7403643|US20080205712|US20090003661|US20110102553|US20090303343|US20080219517|US20090167893|US20080219581|US20110102638|US7773118|US20080309769|US20090179999|US20090080796|US20090185753|US20090189997|US20110002506|US20100026831|US20100141786|US20110050919|US20110081052,200
EP2517817,EP2517817,2012-10-31,B23H|B21C|C22C|C23C|Y10T,KR100518733|KR100518727|KR100518731,200
EP2518319A1,EP2518319,2012-10-31,F04B|F25B,JPH09243213A|US20040231357|EP1510693|JP2005188365|EP2023060|US20080209924,200
EP2517938,EP2517938,2012-10-31,B60K|B60L|B60W|F02D|F02N|Y02T,,200
EP2518416A1,EP2518416,2012-10-31,F24F|F25B,JP2000161807|JP3742933|US20060070719|EP1762797|EP2034261|WO2008100086|EP2056029|JP2009257697|EP2295896,200
EP2518442,EP2518442,2012-10-31,G01C|G09B,,200
EP2518529,EP2518529,2012-10-31,B64D|G01S|Y02A,US4893003|US5239352|US20100110431|US20110191188,200
EP2518358,EP2518358,2012-10-31,B62D|F16D,,200
EP2518561,EP2518561,2012-10-31,G03F,EP1898261|EP2017671|EP2120093|EP2280307|JP2011098074|EP2455809,200
EP2518739,EP2518739,2012-10-31,H01F,GB2220945|DE4217288|US6445269,200
EP2518982A1,EP2518982,2012-10-31,H04M|H04B|H04W,EP1761093|US20070190939|EP1936580|US20100099354,200
EP2518625A1,EP2518625,2012-10-31,G06Q|G06F,US20030041178|US7092940|EP1892929|EP1939743|EP2196906,200
EP2520550A1,EP2520550,2012-11-07,C03B|B65G|Y02P,EP0503647|EP0807609|EP1284229|EP1541311|EP1975131|EP2275388,200
EP2519081,EP2519081,2012-10-31,H05B|G06K,,200
EP2520622A1,EP2520622,2012-11-07,C09D|H10F|Y02E,EP2040305|WO2009137637|EP2305600,200
EP2520757,EP2520757,2012-11-07,E21B|H01R|Y10T,US7080996,200
EP2520864,EP2520864,2012-11-07,F23R|Y10T,,200
EP2519011,EP2519011,2012-10-31,H04N,,200
EP2520794A1,EP2520794,2012-11-07,F03D|F05B|Y02E,US20030160456|JP2007285214|EP2154362|US20090232652|EP2189656|DE102009005215|EP2290488,200
EP2521207,EP2521207,2012-11-07,H01M|Y02E|Y02P,,200
EP2523139,EP2523139,2012-11-14,G06F|G06Q|H04L|G16H|Y04S,US6023765|US7949691|WO2003049000|EP1320012|US7921284|US20050216313|US20100293045,200
EP2510891A1,EP2510891,2012-10-17,H01M|A61B|Y02E,EP1594209|US20060087286|US20060206100|EP1707131|WO2006119376|EP2200145,200
EP2521348,EP2521348,2012-11-07,H04N,US20070212025|US20090150379|KR20110042275,200
EP2523238,EP2523238,2012-11-14,H01M|Y02E|Y02P,,200
EP2510891,EP2510891,2012-10-17,H01M|A61B|Y02E,EP1594209|US20060087286|US20060206100|EP1707131|WO2006119376|EP2200145,200
EP2523492A1,EP2523492,2012-11-14,H04W|Y02D,US20100056184|EP2244508|EP2262329,200
EP2523346A1,EP2523346,2012-11-14,H03F,US5256987|EP1032120|US20050030094|EP2159912|EP2315351,200
EP2523447,EP2523447,2012-11-14,H04N,US20070189827|US7648293|US20080165807,200
EP2523481A1,EP2523481,2012-11-14,H04W,WO2007040398|WO2000051293|US20080055632|EP2073514|US20100093280|EP2355563|EP2424281,200
EP2524802,EP2524802,2012-11-21,B32B|C08J|H10F|Y02E|Y10T,,200
EP2524817,EP2524817,2012-11-21,B60B|B29C|B29L|B60Y|Y02T|Y10T,DE10006151|DE102005053799|US20070131499|WO2009045429|DE102009038459,200
EP2524652,EP2524652,2012-11-21,A61B|G01S|G06T,,200
EP2525084,EP2525084,2012-11-21,F03D|F05B|Y02E,EP0709571,200
EP2524923,EP2524923,2012-11-21,C08K|B60C,JPS5120208B2|US4156677|US6414061|US6229036|JP2002145890|JP2004525230|JP2004018511|US20050245754|JP4571125|JP2005008639|JP2008150546|JP2010132604,200
EP2525526A1,EP2525526,2012-11-21,H04L,EP1686752|EP1746772|US20090253405|WO2011010320,200
EP2521392A1,EP2521392,2012-11-07,H04W,EP1863303|EP2083591,200
EP2525135,EP2525135,2012-11-21,F21V|F21S|F21Y,,200
EP2525024,EP2525024,2012-11-21,E05B|Y10T,US3732711|DE8902827|DE9110751|DE4419348|IT1288200|DE202005008508,200
EP2527129,EP2527129,2012-11-28,F16D|C04B|B29C|B32B|Y10T,US3927186|GB1485529|GB1485528|EP0601808|US6537470|US7172408|US20050164578|US20060177663|US20090200700|US20110110787,200
EP2527525,EP2527525,2012-11-28,D06F,US4817298|EP0576825|EP1550763|WO2006122838,200
EP2527526,EP2527526,2012-11-28,D06F,EP1209277|DE202006018205|EP2034084|EP2312049,200
EP2527520,EP2527520,2012-11-28,D06F,US3224214|EP1493860|WO2008105233|WO2008105232|EP2060671,200
EP2527637,EP2527637,2012-11-28,F02M,EP1460263|EP1550804|DE102004056424,200
EP2527527A1,EP2527527,2012-11-28,D06F,US3378934|EP2034084|EP2145999|EP2230349|EP2314759,200
EP2527845A1,EP2527845,2012-11-28,G01P|B64D,EP1255118|US6550344|EP1918686|WO2008025931,200
EP2527240A1,EP2527240,2012-11-28,B62M|Y10T,US5400675|US5257683|EP0585473|US20070012137|EP1764298|US20080087126|US20090038427,200
EP2527846A1,EP2527846,2012-11-28,G01P|B64D,EP1255118|US6550344|EP1918686|WO2008025931,200
EP2525567,EP2525567,2012-11-21,H04N|G08C,,200
EP2527847A1,EP2527847,2012-11-28,G01P|B64D,EP1255118|US6550344|EP1918686|WO2008025931,200
EP2527738,EP2527738,2012-11-28,F23R|Y02T,,200
EP2528138,EP2528138,2012-11-28,H04R|H01M|Y02E,,200
EP2528270,EP2528270,2012-11-28,H04L|H04W,,200
EP2528378A1,EP2528378,2012-11-28,H04L|H04W,EP1467582|WO2004091241|EP1853081|WO2008043560,200
EP2528358,EP2528358,2012-11-28,G09B|G10L|H04R,US5144675|US5473701|WO1999009786|WO2003081947|US20050100182|US20070195973|US20050201578|US20080036574|EP2088802|US20100104120|WO2010143393|US8411887|WO2010086462,200
EP2528307A1,EP2528307,2012-11-28,H04M|G06F|E05Y,WO2002017051|US20040264118|JP2005275964|WO2006120300|EP1939470|EP2161906|WO2010028394|EP2226991,200
EP2528165,EP2528165,2012-11-28,H01Q,WO2002054534|US20030122721|US20060097918|WO2011050845,200
EP2530387,EP2530387,2012-12-05,F24C,JP2001099615|DE102006005874|CN101059338|DE202007007450|EP2149755|WO2010012340,200
EP2529954,EP2529954,2012-12-05,B60C,GB2035924|JPS60199705A|EP0368582|JP2001180226,200
EP2529667,EP2529667,2012-12-05,A61B,US5391199|WO1996005768|US6456864|US20020065455|US6690963|US5983126|US6618612|US6332089|US5944022|US6239724|US6484118|US20030120150|US20040068178|US20060173480|US20090093806|US20090138007,200
EP2529990,EP2529990,2012-12-05,B60W|B60K|Y02T,US6018198|JP2001027171|JP2006117206|JP2007083796|EP2063088|DE102008002666,200
EP2530248A1,EP2530248,2012-12-05,F01D|F23R|F05D|Y02T,US2851853|US3018624|US3657882|US6644032|EP1722069|EP1903184,200
EP2530664A1,EP2530664,2012-12-05,G06F|G07F|G06Q|G09B|H04W,US7644039|EP1134705|EP2450858,200
EP2530433A1,EP2530433,2012-12-05,G01C|G06F|G06T,US6169516|EP1107189|EP1750238|EP1584897|EP1672591|EP1912176,200
EP2530549,EP2530549,2012-12-05,G05B|Y02P,,200
EP2530676,EP2530676,2012-12-05,G11B|G06F,KR20110010935,200
EP2530479A1,EP2530479,2012-12-05,G01R,EP1391962|EP1936777|US20090309545,200
EP2529811,EP2529811,2012-12-05,A63F|G06T,JPH09305788A,200
EP2530677,EP2530677,2012-12-05,G11B|G06F,,200
EP2532510,EP2532510,2012-12-12,B29C|F03D|F05B|Y02E|Y02P,US7914259|EP2031242|US20100135814,200
EP2530775A1,EP2530775,2012-12-05,H01M|Y02E,EP1132251|US20040229097|EP1858100|JP2006351408|JP2007287704|US20110039173,200
EP2530983,EP2530983,2012-12-05,H04W,US20030063589|US20050208952|WO2010044872|WO2010059934,200
EP2530822,EP2530822,2012-12-05,H02M|B60C|G01C,US20050110277,200
EP2530855,EP2530855,2012-12-05,H04B,JP2000162563|JP2005091517|JP2007082094|JP4657890|US20070177882|EP2169851|EP2280498,200
EP2532841,EP2532841,2012-12-12,F01D|F02C|F16H|F05D,,200
EP2532878A1,EP2532878,2012-12-12,F02M|Y02T,GB1179702|WO1984001198|EP1980740|DE102006006883|EP2314854|WO2010113645|EP2253827,200
EP2532889,EP2532889,2012-12-12,F03D|H02P|F05B|Y02E,US4906060|US6242884|US20090162202|EP2200170,200
EP2532845A1,EP2532845,2012-12-12,F01K|C09K|Y02E|Y02T,US3040528|US3218802|US3409782|US4551980|US4760705|US4578953|US4700543|US4542625|EP0286565|US5497624|US5687570|US5612838|EP1016775|US6571548|US6701712|EP1174590,200
EP2532847,EP2532847,2012-12-12,F16C|F01M,,200
EP2532850,EP2532850,2012-12-12,F01M,EP1524414|JP2005120855|EP1528244|JP2009013942|JP2009121281|DE102010042883|JP2011128565,200
EP2533242,EP2533242,2012-12-12,G10L|G06F,US6101472|US20020091529|GB2467451,200
EP2533506,EP2533506,2012-12-12,H04M,US20080191892|US20100099354|EP2302882,200
EP2533563A1,EP2533563,2012-12-12,H04W,EP1835636|EP2200360|US20090279519|US7974653|US20100216485,200
EP2533491A1,EP2533491,2012-12-12,H04L|G06F|H04W,EP1549021|US20050262254|WO2005114967|US20060031559|EP1635574|EP1708528|US20090254839|WO2010010637,200
EP2532329,EP2532329,2012-12-12,A61F|D21F|B31F|Y10T,US4940464|US5092861|US5246433|US5562646|EP0691133|US5635191|US5643588|US5569234|US5607760|US5609587|US6120489|US5897545|US5957908|US6120487|US20020056516|US20010016548|US20030233082|US20060069371|US20070246147|WO2009152018,200
EP2533547,EP2533547,2012-12-12,H04L|H04N,US20060002681|US20090059962|US20090180755,200
EP2535101A1,EP2535101,2012-12-19,B01D|F02C|F05D|Y02A|Y02C,US3866411|EP0744987|WO2000048709|WO2002060561|EP1880754|DE102007053192|EP1936128|DE102008002870|EP2182194|US11363580,200
EP2535182A1,EP2535182,2012-12-19,C04B|B32B|Y10T,EP1406472|US20050077657|FR2864829|EP2052853,200
EP2535176A1,EP2535176,2012-12-19,B29D,DE3108142|US4933034|EP0968814|EP1800847|EP1800848|US20090266474|US20090188607|DE102007018971,200
EP2535399,EP2535399,2012-12-19,C11B,GB917638|US4522119|EP1666577|ES2327308|EP2248880,200
EP2533436,EP2533436,2012-12-12,H04B|H04L|H04M,,200
EP2535584A1,EP2535584,2012-12-19,F04B,EP0972936|EP1184568|JP2003232270|EP2050952,200
EP2535542,EP2535542,2012-12-19,F02C|F05D|Y02E,,200
EP2535633,EP2535633,2012-12-19,F16N|F03D|F16H|F05B|Y02E|Y10T,,200
EP2535189,EP2535189,2012-12-19,B41J,US6491377|US20030025769|EP1336487|US20080007598|JP2008018662|JP2011134828,200
EP2535763A1,EP2535763,2012-12-19,G02B|H04N|G09G,US20100060723|US20110102392|EP2187650|US20100253678|EP2257076|US20110001808|US20110018980|EP2290995,200
EP2536073A1,EP2536073,2012-12-19,H04M|H04L,US20030123388|US20060002297|WO2008002895|WO2008105689|EP1976204|EP2157804,200
EP2535966,EP2535966,2012-12-19,H01M|Y02E|Y02P|Y10T,,200
EP2535382,EP2535382,2012-12-19,C09D,JPS5459936A|JPS59157636A|JP2001181549|JP2001247787|JP2002088294|JP2003322926|JP2004309806|JP2004325707|JP2008126413|JP2008265122|JP2010046945|JP2010069805|JP2010188661,200
EP2536252,EP2536252,2012-12-19,H05B|F21S|F21V|Y02B,WO2010035155|WO2011045057,200
EP2535640,EP2535640,2012-12-19,H05B|F21V|F21K|F21Y,,200
EP2537568,EP2537568,2012-12-26,A63F,US20080026845|US20090181767,200
EP2537608A1,EP2537608,2012-12-26,C22C|C22F,EP2204462|EP2206795|EP2309010,200
EP2537551,EP2537551,2012-12-26,A61B,DE10335313|US20100094163|US20080275428,200
EP2537655,EP2537655,2012-12-26,B28B|B05C|B01D|B05D|B25J|Y10S,,200
EP2537680,EP2537680,2012-12-26,B41J,US4832306|EP0430561|JPH07237324A|EP2093071|WO2012058017,200
EP2538327,EP2538327,2012-12-26,G06F,US20050034129|US20080005736,200
EP2538411A1,EP2538411,2012-12-26,G11B,EP1113442|EP1530216|US20080016089,200
EP2538487A1,EP2538487,2012-12-26,H01P,FR2534088|JPS63266902A|EP1391963|JP2005033327|EP1505687|WO2009142560|CN101546857|CN201725863,200
EP2537480,EP2537480,2012-12-26,A61B,US5599350|US20020111624|US7393354|US7156842|US7503917|US20090157074,200
EP2538061,EP2538061,2012-12-26,F02M|F02D,JP2000027725|JP2002070682,200
EP2538400,EP2538400,2012-12-26,G09F|H04M,WO1992012508|JPH11272205A|WO1999059101|US20020070910|WO2002073572,200
EP2538431A1,EP2538431,2012-12-26,H01H,EP0883148|EP1744428|EP1870919|EP2256770,200
EP2540484,EP2540484,2013-01-02,B29C|B64F,,200
EP2540222,EP2540222,2013-01-02,A61B,,200
EP2535954,EP2535954,2012-12-19,H10H|H10W,,200
EP2540153,EP2540153,2013-01-02,B25F|A01G,,200
EP2538467,EP2538467,2012-12-26,B23K|H01M|Y02E|Y02P|Y10T,,200
EP2540975,EP2540975,2013-01-02,C04B|B28B|F01D|F05D,,200
EP2540758,EP2540758,2013-01-02,C08G,US5525701|EP0992522|EP1266883|US20030120023|US20040242834|WO2003057758|US7151189|US7339070|EP1803704|US7629432|US7619053|US20090286952|US7671165|US7547799,200
EP2541057,EP2541057,2013-01-02,F16H|F03D|F01M|F05B|Y02E,US4169519|GB2201200|WO2009147147|WO2011048183,200
EP2540977,EP2540977,2013-01-02,F01D|B24C|F04D|F05D|Y10T,,200
EP2540902A1,EP2540902,2013-01-02,D06F|A47L,DE4439680|EP0864684|WO2003022121|EP1884584|EP2011913|DE102007041643|EP2241669,200
EP2541288,EP2541288,2013-01-02,F21S|G02B|F21Y,US5555161|EP1376708|WO2006137686|US7470054|US20100177532,200
EP2540245,EP2540245,2013-01-02,A61B,US5820591|US7008401|WO1996005768|US6500167|US5964757|US6064902|EP1042990|US6468260|US6371955|US6522933|US20030105453|US20050033135|US20100168548|EP2289408,200
EP2541129,EP2541129,2013-01-02,F21S,JP2003295319|JP2004241142|JP2005150041,200
EP2541428,EP2541428,2013-01-02,G06F|H02J|H02M|H04L,US4866667|US4794520|US5619722,200
EP2541415,EP2541415,2013-01-02,G01R,EP1431771|US20030025516|US20040186675|US20060195749|US20080243740|US20090212760|US20090224784|US20100013512|US20100153043|US7863106|US20100185410|US20100332177|US20110012633|EP2372379,200
EP2541875A1,EP2541875,2013-01-02,H04W|H04L,EP1542409|EP1677462,200
EP2541959,EP2541959,2013-01-02,H04N,US20030135860|US20040001591|US20040100942|WO2008141341|FR2948526,200
EP2543314,EP2543314,2013-01-09,G01R|A61B,US5391199|US6208135|WO1996005768|US20020065455|US6690963|US6332089|US6618612|US6239724|EP0982597|US6484118|US20030120150|US20040068178|EP1818012,200
EP2543638,EP2543638,2013-01-09,B01D|B82Y|C01F|C01G|C01P,,200
EP2543339,EP2543339,2013-01-09,A61B|A61F,EP0888756|EP0898944|US20050165447|FR2872024|DE102004051487|WO2008055028|US20080147099|EP2070555|EP2308380,200
EP2541826,EP2541826,2013-01-02,H04L,,200
EP2541203A1,EP2541203,2013-01-02,G01C|G01S,WO1993009509|EP1209483|US6453238|US20040044477|EP1457946|WO2005076031,200
EP2543777,EP2543777,2013-01-09,E02F,,200
EP2543876,EP2543876,2013-01-09,F03D|F05B|Y02E,,200
EP2544059,EP2544059,2013-01-09,H04L|G01D|G05B|Y02B|Y02P|Y04S,,200
EP2544163,EP2544163,2013-01-09,G08G,,200
EP2546660A1,EP2546660,2013-01-16,G01R,JPH0462482A|JPH0538573U|JPH09127159A|JP2007202320|US20100315066|EP2073025|EP2302402|EP2333567,200
EP2544265,EP2544265,2013-01-09,H01M|H01H|Y02E|Y02P,US5258238|JPH05274994A|US20050122203|US20080297301|WO2010133176|KR101036070|US20110183165,200
EP2544264,EP2544264,2013-01-09,H01M|Y02E,US6377432|EP1246276|US20100279156,200
EP2545765,EP2545765,2013-01-16,A01F,EP0814951|EP1557080|EP2108246,200
EP2546010,EP2546010,2013-01-16,C04B|C22C,,200
EP2546725A1,EP2546725,2013-01-16,G06F|Y02D,US6157265|EP1039637|US6457135|JP2001209764|US6718473|US20050093524|US20060259800|EP1736851,200
EP2546905,EP2546905,2013-01-16,H01M|Y02E|Y02P,EP1998401|EP2048734|EP2325925,200
EP2546905A1,EP2546905,2013-01-16,H01M|Y02E|Y02P,EP1998401|EP2048734|EP2325925,200
EP2546638,EP2546638,2013-01-16,G01N|H01J,US20110144922,200
EP2546968A1,EP2546968,2013-01-16,H02M|Y02B,EP0902528|DE19940137|US20030043599|US6396716|EP1530282|WO2008104919|WO2009098640,200
EP2546721,EP2546721,2013-01-16,H04M|G06F|G09F|H05K,GB635144|WO2006038171|WO2008054206|WO2009148313,200
EP2547047A1,EP2547047,2013-01-16,H04L,EP0915594|EP1408659|EP1414199|EP1580940|EP1701491,200
EP2548432,EP2548432,2013-01-23,A01F,US5540144|EP1557080|EP2108246,200
EP2546923A1,EP2546923,2013-01-16,H01Q,EP1775794|GB2439601|US20100093390|US20100099365|WO2009014366|US20100315389|EP2276109,200
EP2547089,EP2547089,2013-01-16,H04N,,200
EP2549305A1,EP2549305,2013-01-23,G02B|C03C,EP1892609|EP1947551|US20100013798|WO2011048648,200
EP2549304A1,EP2549304,2013-01-23,G02B|C03C|G06F,EP1162245|EP1865027|EP1892609|EP1947551|US20100013798|WO2011048648,200
EP2548987,EP2548987,2013-01-23,C21D|B21B|C22C|Y10T,,200
EP2548509,EP2548509,2013-01-23,A61B|A61N|H05G,US20030165216|US20050169425|WO2007031945|EP1815794,200
EP2549354,EP2549354,2013-01-23,H03K|G06F|Y02D,,200
EP2549421A1,EP2549421,2013-01-23,G06Q|G07G,US20070244811|US20080222048|EP2088548|EP2128809|WO2010071949,200
EP2549373,EP2549373,2013-01-23,G06F|G03G|H04N,,200
EP2551140A1,EP2551140,2013-01-30,B60K|B60L|B60Y|Y02T,EP0492152|EP0916546|US20090095549|EP2130735|WO2011010182,200
EP2549449,EP2549449,2013-01-23,G07F|G06Q,,200
EP2551061A1,EP2551061,2013-01-30,B25D,EP0152603|US6148930|EP1157788|EP1529603|US20080022817|EP2018928|EP2018938|EP2082845|EP2289669,200
EP2551382A1,EP2551382,2013-01-30,B32B|C25D|C22C|C23C|Y10T,US3041255|US4871429|WO2001072508|WO2002049077|EP1257004|EP1256981|JP2003293170|US20070054138|EP2139012,200
EP2551583,EP2551583,2013-01-30,F21V|F21K|F21Y,,200
EP2551322A1,EP2551322,2013-01-30,H10P|B32B|C08G|C09J|Y10T,EP1777278|US20070120271|EP2305754,200
EP2551115A1,EP2551115,2013-01-30,B41J,EP0412459|EP0440261|EP0571093|US5411343|US5646660|GB2312283|EP0997297|EP1153752|EP1495872|EP1619030|JP2007196664|EP2080622|EP2105306|WO2011093527,200
EP2551598,EP2551598,2013-01-30,F23R,,200
EP2551596,EP2551596,2013-01-30,F23R,JPH0586902A|JP2003148734,200
EP2549717,EP2549717,2013-01-23,G06F|H04B|H04M,US20050052427|EP1956809|US20090140997|US20090273587|US20100257447|EP2284675|US20110060986|US20110115721|KR20110071288,200
EP2551838A1,EP2551838,2013-01-30,G09F,EP0042073|US4889234|EP1302333|JP2000003134|EP1577860|WO2009126328,200
EP2551869,EP2551869,2013-01-30,H01H|Y10T,GB184666|GB803628|EP1403891|EP2280460,200
EP2552010,EP2552010,2013-01-30,H02P|B29C|Y02P,JP2006054947,200
EP2551938,EP2551938,2013-01-30,H01M|Y02E|Y02P,US5856041,200
EP2552098A1,EP2552098,2013-01-30,H04N,US4314285|US5668917|EP1149491|EP1111924|EP1968316|EP2026215,200
EP2552037,EP2552037,2013-01-30,H04Q|H04B,EP0657754|US20050147411|EP1986361|US20090129780,200
EP2552086,EP2552086,2013-01-30,H04M|H04B|H05K|B29C|B29K|B29L,,200
EP2554825,EP2554825,2013-02-06,F02D|F04B|Y10T,JP2009203987,200
EP2555141A1,EP2555141,2013-02-06,G05F|G06Q|Y04S,US20020072868|EP1431899|EP1635286|US7184903|US20110106321,200
EP2555384A1,EP2555384,2013-02-06,H02K|Y02E|Y10T,US20060017342|DE102005033561|WO2010078840|EP2333933|EP2348619,200
EP2557038,EP2557038,2013-02-13,B64D|Y02T,,200
EP2555000,EP2555000,2013-02-06,B01L|B05B|G01N,,200
EP2555049,EP2555049,2013-02-06,G02F|G09G,JP2008209953|JP2008158040,200
EP2557238A1,EP2557238,2013-02-13,E02F,WO2000036250|US6757992|US20050085929|US20060137931|EP1889537|US7681686|EP2028320|US20090127031,200
EP2557118A1,EP2557118,2013-02-13,C08F|C08L,WO1987007620|EP0491566|WO1992012182|WO1992019653|WO1992019658|EP0591224|EP0887379|WO1999024478|WO1999024479|WO2000068315|WO2004000899|EP1428854|WO2004111095|WO2008015113|WO2008141934|EP2055739|EP2338656,200
EP2557728A1,EP2557728,2013-02-13,H04L,EP0328232|US6167522|EP1361527|EP1564957,200
EP2557646A1,EP2557646,2013-02-13,H02H|H04L|Y02B|Y04S,WO2007071212|EP1976218|EP2211479,200
EP2551728,EP2551728,2013-01-30,G03G,JP2010230899,200
EP2557496A1,EP2557496,2013-02-13,G06F,WO2002079917|EP1909171|EP1975787|EP2420929,200
EP2557759,EP2557759,2013-02-13,H04L,US20030110274|US20050044352|EP2222048,200
EP2559804A1,EP2559804,2013-02-20,D06F,JP2007143736|WO2007073052|US7866057|EP2163677|EP2341179,200
EP2559509,EP2559509,2013-02-20,B23C|Y10T,US5951214|GB2298600|US20040208714,200
EP2559636A1,EP2559636,2013-02-20,B65D|B29C|B65B,GB1348370|CH605293|EP0242556|FR2700493|JPH10129737A|EP1472156|EP1440903|EP1784344|EP2062831|EP2162653|EP2236264|EP2284100|JP2011150149,200
EP2560199A1,EP2560199,2013-02-20,H10W,EP0974817|US6313531|EP0926723|EP1071126|EP1151962,200
EP2557854,EP2557854,2013-02-13,H04W|H04L,,200
EP2560448,EP2560448,2013-02-20,H04W|H04L,US20050220042|EP1643694|WO2011053441,200
EP2561742A1,EP2561742,2013-02-27,A01B|H01M|Y02E,US5942353|US6228517|US20040194983|JP4116904|JP2009118753|EP2160937|EP2263434|JP2011000005,200
EP2561990A1,EP2561990,2013-02-27,B41J|C09D,US20010043242|EP1195249|JP2005001360|JP2006272649|US20060274098|WO2007136382|EP2072259|US20090274840,200
EP2560361,EP2560361,2013-02-20,G09G|H04N|G06F,EP1453639|JP2010122263|JP2011179073,200
EP2562372,EP2562372,2013-02-27,F01K|F22B|Y02E,,200
EP2562060,EP2562060,2013-02-27,B60W|G01S|G06F|G06V|Y02T,EP1388017|EP1990788|EP1867542|EP1898232|EP2172919|US20100076685|US20100228419,200
EP2562880A1,EP2562880,2013-02-27,H01R,JP2003100370|US20040097118|JP2009231069|EP2251937|US20110092091|US7850473|EP2312698,200
EP2563009A1,EP2563009,2013-02-27,H04N|G03B,JP2000101895|US20080204566|EP2018049|JP2009060278|EP2290947,200
EP2562815,EP2562815,2013-02-27,H10H|H10W,,200
EP2562895,EP2562895,2013-02-27,H01M|G01K|H02J|G01R|Y02E,,200
EP2563073,EP2563073,2013-02-27,H04W,,200
EP2564765,EP2564765,2013-03-06,A61B|G08B|B60W,US20030181822|US6974414|US20050128092|WO2007090896|US20100007480|DE102007046037|US20100241021,200
EP2565002A1,EP2565002,2013-03-06,B28B|B23K|Y10T,JP2001096524|EP1116563|JP3926087|EP2315508,200
EP2565006,EP2565006,2013-03-06,A61M|B29C|B29L,US2708655|JP2005185747,200
EP2565586,EP2565586,2013-03-06,G06Q|G01D|H02J|H04L|Y02B|Y04S,WO2001006432|WO2004034069|WO2004070507|US20040225625,200
EP2562834,EP2562834,2013-02-27,H10H|H10W,,200
EP2565761A1,EP2565761,2013-03-06,G06F,EP2166437|EP2241963|WO2011047338|US20110209102,200
EP2565221,EP2565221,2013-03-06,C08F|C08J|H01G,WO1992012182|US5573840|EP0887379|WO1999024478|WO1999024479|JPH11240915A|WO2000068315|WO2002016455|WO2003000757|WO2003000754|WO2004000899|WO2004029112|WO2004111095|EP1741725|WO2007077027|EP2065405|EP2251361,200
EP2565635,EP2565635,2013-03-06,G01R|G01N|H10W,US5653939|WO1997016850|EP1236038|WO2002031481|EP1607739|US20090267187,200
EP2562832,EP2562832,2013-02-27,H10H|H10W,,200
EP2565706,EP2565706,2013-03-06,G02F,US20080105887|US20070241661|US20100061078|JP2011124189|JP2011165531,200
EP2565809,EP2565809,2013-03-06,H04B|G06F|H04M,,200
EP2566013A1,EP2566013,2013-03-06,H02K|Y02E,EP1376828|WO2006032969|DE102005059846|EP2226923|WO2011006693,200
EP2565784A1,EP2565784,2013-03-06,G06F,EP1054322|US20020116632|EP1569164|JP2007087120|US20070288941,200
EP2566290A1,EP2566290,2013-03-06,H04L|H04W,EP1492364|GB2423888|US20080247346|EP2154608,200
EP2566296,EP2566296,2013-03-06,H05B,US4112287|US6528770,200
EP2565899,EP2565899,2013-03-06,H05K|H01H,US3450948|US3586914|DE2932570|US5166677|US20090021339,200
EP2567689A1,EP2567689,2013-03-13,A61K|A61P,US5409125|US5698219|US6241124|EP0969846|EP1011728|US20070248697|EP1321144|EP1666043|EP1759702|WO2007042262|WO2009013019|WO2009125246|US20100104654|WO2010111449|US20110118349,200
EP2567745A1,EP2567745,2013-03-13,B01D|Y10T,EP0585572|EP0586820|WO2001060514|JP4246475|US20060280905|JP2009242133,200
EP2567834,EP2567834,2013-03-13,B60C|Y10T,US20110272073|EP2455240,200
EP2570612A1,EP2570612,2013-03-20,F01D|F16J|F05D,GB2218475|GB2264541|EP1783329|EP1921276|EP2060742,200
EP2568148,EP2568148,2013-03-13,F02D|E02F,,200
EP2568256,EP2568256,2013-03-13,G01C,,200
EP2570375,EP2570375,2013-03-20,B65H,JP2011037608,200
EP2570671A1,EP2570671,2013-03-20,F04B,WO1999020898|JP2000265964|EP1236900|EP1369585|EP1369584|US20090196778|WO2009065153|JP2011103930,200
EP2568518,EP2568518,2013-03-13,H01M|Y02E|Y02P,US5523178|EP1076350|EP2333871,200
EP2570721A1,EP2570721,2013-03-20,F21V|H01R|F21Y,WO2008133889|JP2009176733|US20110038147|EP2322852|EP2333398,200
EP2571237A1,EP2571237,2013-03-20,H04M|H04L,EP1237341|US20030063600|WO2010022174|EP2282439,200
EP2571223A1,EP2571223,2013-03-20,H04L,EP2007105|US20100085959|EP2282502,200
EP2570844,EP2570844,2013-03-20,G02F|G09F|Y10T,,200
EP2570949A1,EP2570949,2013-03-20,G06F|H01B,EP1267286|JP2004046815|JP2004022188|JP2004119134|EP1439475|JP2004362542,200
EP2571259A1,EP2571259,2013-03-20,H04N|H04R,EP1246464|US20030117501|JP2003271167|JP2007274462|US20080239061|EP1986431|US20090154692|JP2009147654|EP2328018|US20110164105|JP2011199052,200
EP2571295A1,EP2571295,2013-03-20,H04W,EP1096232|EP1288626|US20030114171,200
EP2573246A1,EP2573246,2013-03-27,D06F|A47L|Y02B,EP0477554|EP1029961|EP2241663,200
EP2572566A1,EP2572566,2013-03-27,A01D|B60L|G01S|G05D|Y02T|Y04S|Y10S,US2884|WO2003104909|EP1612631|EP1906205|WO2010046260|EP2413214,200
EP2572832,EP2572832,2013-03-27,H02H|B25B|B25F|H02P,,200
EP2572567A1,EP2572567,2013-03-27,A01D|B60L|G01S|G05D|Y02T|Y04S|Y10S,WO1999059042|WO2003104909|EP1906205|EP1933467|EP2082638|EP2413214,200
EP2573133,EP2573133,2013-03-27,C08J|C08G|C08L|Y10T,,200
EP2573248,EP2573248,2013-03-27,F16F|D06F,,200
EP2573329,EP2573329,2013-03-27,F01D|Y02T,,200
EP2573976,EP2573976,2013-03-27,H04L,,200
EP2573355,EP2573355,2013-03-27,F02B|F01P|Y02T,DE3622142|EP1091104|EP1128034|WO2010074224,200
EP2573695,EP2573695,2013-03-27,G06F,,200
EP2574024A1,EP2574024,2013-03-27,H04M,EP1011252|US6795544|EP1684493|US7734034|US20070123202|US20070287491|US20080089513|US20100106504|WO2010142344,200
EP2574024A9,EP2574024,2014-01-15,H04M,,200
EP2574278,EP2574278,2013-04-03,G01L|A61B,US5391199|WO1996005768|US20020065455|US6690963|US6332089|US6618612|US20020165448|US6239724|US6484118|US20030120150|US20040068178|US20070100332|US20090093806|US20090138007|EP2332461,200
EP2575207A1,EP2575207,2013-04-03,H01Q,WO2004001894|EP1401050|EP1562259|US20100225544|US7768466,200
EP2575032,EP2575032,2013-04-03,G06F|H04N,JP2001014123,200
EP2574317A1,EP2574317,2013-04-03,A61F|A61M,US5662622|US5702418|US5972019|US6063100|EP1000590|US6254609|US6179857|US20100063573|US20020055767|US7942924|US20030233140|US7175650|US20040087900|EP1440673|US20050049670|US20080288043|US20100057185|US20110125244|WO2011094527,200
EP2574504A1,EP2574504,2013-04-03,B60R,JP2001287594|EP1997682|EP2042375|US20100296185|EP2368762,200
EP2578191,EP2578191,2013-04-10,A61F|A61M,WO1994019034|US5358491|WO2008084063|US7678078,200
EP2575189,EP2575189,2013-04-03,H01M|Y02E|Y02P|Y02T,EP0313405|WO2002071510|EP2287942|EP2348558,200
EP2575208,EP2575208,2013-04-03,H01Q,EP2006953|EP2083472|EP2328228,200
EP2575279A1,EP2575279,2013-04-03,H04L|H04W,EP0681117|EP0964544|US20030120802|JP2004064691|EP1526673,200
EP2579232A1,EP2579232,2013-04-10,G08G|H04L,WO2007064733|EP2337000|EP2439899,200
EP2579247A1,EP2579247,2013-04-10,G10H|H04H|H04R|H04S,US3992584|US5228093|EP1377123|EP1551119|US20100309153,200
EP2578419A1,EP2578419,2013-04-10,B60C,EP0590375|EP0654366|EP1108566|JP2005162058|EP2452836,200
EP2578736A1,EP2578736,2013-04-10,D06F,FR2559798|EP1870505|EP1961854,200
EP2580953A1,EP2580953,2013-04-17,A01D|Y10T,US6276119|US6516597|EP1745687|EP1759570,200
EP2579357,EP2579357,2013-04-10,H01M|Y02E,JPH08315802A|EP1422771|US20040018417|EP2360754|JP2011165611,200
EP2581488,EP2581488,2013-04-17,D06F,GB2261060|DE4422191|DE19705616|DE19756708|DE10002742|JP2007330568|DE102007049959|DE102008017093|EP2230349,200
EP2579618A1,EP2579618,2013-04-10,H04B|H04R,DE2431937|JPH06140158A|EP1079550|WO2001076059|EP1443686|WO2006133158|WO2009155361,200
EP2579449,EP2579449,2013-04-10,H02P|B60R,,200
EP2581583A1,EP2581583,2013-04-17,F02C|F23C|F23N|F05D,US5024055|EP0478481|EP1531243|US7503178|US20100115960|EP2107305|WO2010044958|EP2287456,200
EP2581483A1,EP2581483,2013-04-17,D06F,DE2233698|EP0104502|DE19858385|US20010015082|EP1526210|EP2085507|EP2345757|DE102009001323,200
EP2581751,EP2581751,2013-04-17,G01R,US20040128076|US7257497|US7474972,200
EP2583613A1,EP2583613,2013-04-24,A47L|Y02B,EP0536621|DE19806700|EP1447042|WO2005063110|EP2241242|EP2327349,200
EP2583774,EP2583774,2013-04-24,B29C|B22F|B33Y|Y02P,,200
EP2584150,EP2584150,2013-04-24,F01D|B22F|B23K|C23C|B33Y|F05D|Y02P|Y02T|Y10T,US5626462|US20050013926|US20080138529,200
EP2584174,EP2584174,2013-04-24,F02C|F01D|F05D,,200
EP2584459A1,EP2584459,2013-04-24,G06F,WO2006094739|EP1762926|EP1930835|EP2375775,200
EP2584562A1,EP2584562,2013-04-24,G11B,WO1997039411|US20030152362|EP1503381|US20080162538|EP1968066|WO2009128904,200
EP2584491,EP2584491,2013-04-24,G06V|G06Q|G06F,US20050238214,200
EP2584649,EP2584649,2013-04-24,H01Q,KR20090045764|WO2010095136|JP2011166540|WO2011101851,200
EP2581785A1,EP2581785,2013-04-17,G01K|G02F|B82Y|H01H,US5930023|EP1720188|EP1862786|WO2009056591|EP2120107,200
EP2584832A1,EP2584832,2013-04-24,H04W,EP1983786|EP2375807|EP2197228|EP2214434,200
EP2584850,EP2584850,2013-04-24,H04W,,200
EP2581010A1,EP2581010,2013-04-17,A47L|H01M|Y02E|Y02P,GB1424895|EP0042723|EP0928035|US20020059689|EP1129657|EP1244169|EP1498999|EP1752076|US20070209140|US20080040883|GB2440110|EP2251921,200
EP2584753,EP2584753,2013-04-24,H04L|G06F|H04W,US20030035397|US20070073694|US20100319053|US20110179083,200
EP2586373A1,EP2586373,2013-05-01,G01N|A61B|G02B|G21K,WO1998049546|EP2060909|EP2198783|US20120140886,200
EP2586581,EP2586581,2013-05-01,B28C|B01F,DE874266|US2709075|GB935921|US3459409|US4117547|US4449826|BE893802|DE4119261|DE19542663|DE29606280|EP1175936|WO2004080677,200
EP2586575A1,EP2586575,2013-05-01,G05B|B25J|Y02P,US4580207|JPH06340321A|EP1092512|JP2002316716|EP1522911|EP1748339,200
EP2586707A1,EP2586707,2013-05-01,E05B,US4531769|US5620212|EP1091059|EP1270406|US20040104583|FR2916425|EP2348171,200
EP2586693A1,EP2586693,2013-05-01,B62K|B62M,US6144125|EP1647435|EP1923683|US7757581,200
EP2586752A1,EP2586752,2013-05-01,H10F|C03C|H01B|B82Y|Y02E|Y10S,EP0895252|EP1713093|WO2008134417|WO2011090214|EP2363864|JP2011181680,200
EP2586742A1,EP2586742,2013-05-01,H10W|B81C|H10H|B81B,JPH06169031A|US6087719|US6388256|US20030227094|JP2004022990|US20050167805|EP1612859|EP1749794,200
EP2586968,EP2586968,2013-05-01,F01D|Y02T,,200
EP2587175,EP2587175,2013-05-01,F24F|H05K,US20100041327|US20090129913|ITPD20110342A1,200
EP2587180,EP2587180,2013-05-01,F24F|E04F|H05K,US4676036|US5791096|JP2006017439|US20090129913|EP2151638|ITPD20110345A1,200
EP2587156,EP2587156,2013-05-01,F23Q|H05B|F02P,,200
EP2587222A1,EP2587222,2013-05-01,G01C|G06T,US20030195672|EP1435507|US7675461|DE102009020737|EP2244239,200
EP2586379,EP2586379,2013-05-01,A61B,US3717294|US5865361|WO2003094745|WO2009033057,200
EP2587278,EP2587278,2013-05-01,G01S|G01N|Y02A,US7986408,200
EP2586380,EP2586380,2013-05-01,A61B,US5915616|US5263629|US5964394|US6241139|US6330965|EP1256317|US7334717|US20090001122|WO2011143183,200
EP2587355A1,EP2587355,2013-05-01,G06F,EP1607847|EP1998245|EP2128750|US20100164879|US20110163973|US20110205160|EP2363791|GB2479756,200
EP2589687A1,EP2589687,2013-05-08,C30B,FR2175594|FR2509638|EP0949358|US20040211496|US20070227189|EP1739209|US20110146566|EP1897976|US20100003183|WO2009014961|WO2010005705|WO2010088046|WO2011083529|US20110214603,200
EP2587356,EP2587356,2013-05-01,G06F,,200
EP2590060A1,EP2590060,2013-05-08,G06F|H04N,EP1821182|US20100328438|US20110115751|WO2011121375|EP2372515,200
EP2587891,EP2587891,2013-05-01,H05B,JP2006511078,200
EP2590425,EP2590425,2013-05-08,H04N,US6133910|WO1999063759|US20030033607|US20070101385|WO2008153310|US20090097530|WO2011037358|EP2482555|WO2012129762|EP2689575,200
EP2590146,EP2590146,2013-05-08,H04B|B60R|E05B|G07C|G08C,DE10141190|JP2005009200|US20110257817|WO2011147893,200
EP2591869,EP2591869,2013-05-15,B23B|C04B|C22C|C23C|Y10T,,200
EP2591999,EP2591999,2013-05-15,B64D|Y02T,,200
EP2583630,EP2583630,2013-04-24,A61B,,200
EP2592266A1,EP2592266,2013-05-15,F03D|F05B|Y02E,WO2001059296|DE10044262|WO2005103489|EP1657437|US20080012346|EP2014917|EP2157314,200
EP2592266,EP2592266,2013-05-15,F03D|F05B|Y02E,WO2001059296|DE10044262|WO2005103489|EP1657437|US20080012346|EP2014917|EP2157314,200
EP2592123,EP2592123,2013-05-15,G03F|C08L|C09J,,200
EP2592325A1,EP2592325,2013-05-15,F16C|F03D|F16N|Y02E,JPH0635796U|US5454960|US20030048963|ES2199677|EP1433930|US20080099280|US20100179011|EP2088316|CA2739085,200
EP2592816,EP2592816,2013-05-15,H04M|H04B|H04R|H04W,US20050286713|US20060046651|US20070110256|WO2011128489,200
EP2592784A1,EP2592784,2013-05-15,H04L|H04W,EP1791063|US20080291923|WO2010023646|EP2337274,200
EP2594677,EP2594677,2013-05-22,D06F|G01G,,200
EP2594754A1,EP2594754,2013-05-22,F01K|F24D|F25B|Y02B|Y02E,JP2000146257|US20050284946|EP1628093|EP1628094|EP1677051|DE102007013225|WO2009093181|WO2009093183,200
EP2594477A1,EP2594477,2013-05-22,B63H|H02K,WO2007084004|EP1840025|US20080211326|EP2239194|EP2159903|US20100052467|EP2330723,200
EP2592548,EP2592548,2013-05-15,H04M|G06F,,200
EP2595403,EP2595403,2013-05-22,H04N,WO2006055921|WO2009009106|EP2071835|US20110016503|US20110038613,200
EP2594760,EP2594760,2013-05-22,B63H|F01N|F02B|F02F|Y02T,US6302754|US20040203299|US20090094965,200
EP2592515,EP2592515,2013-05-15,G05B|Y02P,,200
EP2594794A1,EP2594794,2013-05-22,F04B|Y10T,EP0814263|US6010312|EP0928898|JPH11280660A|EP1099852,200
EP2595304,EP2595304,2013-05-22,H02M|H02P,,200
EP2596908,EP2596908,2013-05-29,B24B|B25F|F16F,WO2003095862|GB2443560,200
EP2596707,EP2596707,2013-05-29,A23D|C11B|A23L|A23N,US4522119|EP1260571|US20060165861|WO2006093474|WO2007048789,200
EP2597129,EP2597129,2013-05-29,C09K|H05B|H10W,EP1296383|EP1296376|US20060197439|US20060244356|US20070075629|US20070228949,200
EP2595043,EP2595043,2013-05-22,G06F|G06T,,200
EP2597131,EP2597131,2013-05-29,C09K|H05B|H10H|H10W,WO2007004138|EP2003183|US20110176084,200
EP2595406A1,EP2595406,2013-05-22,H04N|H04L,US20090100469|US20090133081|EP2276253|EP2276240|US20090293079|US20110119595|GB2479947,200
EP2597262A1,EP2597262,2013-05-29,F01D|F05D|Y02T,WO1994012770|EP2037081|EP2228518|EP2365187,200
EP2597207,EP2597207,2013-05-29,E02F,,200
EP2597603A1,EP2597603,2013-05-29,G06F|G06Q,EP1617367|EP1959382,200
EP2597585A1,EP2597585,2013-05-29,G06F|H04L|H04W,US5229764|EP0969644|US20020150282|EP1521161|US20070192591|EP1857954|EP1873999,200
EP2597829A1,EP2597829,2013-05-29,H04L,US20040120269|US20060092860|EP2073454|US20090182854|EP2107724,200
EP2597515A1,EP2597515,2013-05-29,G02B|G02F|G03B,JP3727543|US20040070738|JP2004177801|JP4210314|EP1806612|JP4467609|JP4329863|EP2034724|JP2009145672|US20090168031|JP2009157223|EP2103980|JP2011241504,200
EP2599449A1,EP2599449,2013-06-05,A61B,EP1199035|US6716234|US7235091|US20070179531|US20040199166|EP1484022|US7875058|US7901431|US20090043318|US20100004683,200
EP2596952A1,EP2596952,2013-05-29,B41J,EP0452116|US20050030327|US20060157579|US20100060690|EP2202083|JP2010240911|US20100302302,200
EP2599842A1,EP2599842,2013-06-05,C09D|B41M,EP2017311|JP2009001691|JP2009057548|US20090280302|EP2053103|JP2011500932|JP2010260281,200
EP2596715A1,EP2596715,2013-05-29,D04H|A44B|A61F,US3727615|US3911173|US3860003|US3929135|US4342314|US4324246|US4463045|US4515595|US4610678|US4909803|US4573986|US4673402|US4629643|US4609518|US4695278|US4888231|US4834735|US4846815|US4842666|US4785996|US4940464|US4968312|US5006394|US4990147|US4892536|EP0381087|US5037416|US5062840|US5137537|US5092861|US5460622|US5221274|US5151092|US5260345|US5147345|US5387207|US5246433|US5171236|US5269775|US6168584|US5269755|WO1994014395|US5306266|US5540671|US5397318|US5342338|US5997520|US5518801|US6680422|US5941864|US5625222|WO1995016746|WO1995024173|US5635191|US5643588|US5968025|US5554142|US5653703|US5514121|US5569234|US5609587|US5607760|US5571096|US6120489|US5957908|US5897545|US6120487|US5865823|US6013063|US5977430|US5938648|US6716441|EP1181873|EP1279348|US20020029026|EP1369518|US20030077430|US20050009173|US20030233082|US20050027267|US20050129743|US20050125877|US20050125923,200
EP2599906A1,EP2599906,2013-06-05,D04B,US4584852|EP1229159|EP1424417|JP3983737,200
EP2599966,EP2599966,2013-06-05,F01D|F05D|Y02T,,200
EP2599841,EP2599841,2013-06-05,C09D|B41J|B65B,US4880465|US6289654|US6310115|US20050146544|EP1388578|JP2004256726|US20060014848|US20090000508|US20070259986|EP1857510|EP1911814|WO2008067202|US7850774|US20100105807|EP2053101|EP2065362|EP2161264,200
EP2599851,EP2599851,2013-06-05,H10K|C07B|C07D|C07F|C09B|C09K|H05B|Y02B,,200
EP2599967A1,EP2599967,2013-06-05,F02C|F01D|F16D|F05D|Y02E|Y02T,GB2049054|JPS56162211A|JP2000274208|JP2000291446|EP1707752|WO2009073838|EP2256294,200
EP2600229A1,EP2600229,2013-06-05,G06F,US6445426|EP1321753|US20060109222|US20090267918|US20090315989|EP2244171,200
EP2600361A1,EP2600361,2013-06-05,H01H|H01F,JP2002270423|WO2004100198|JP2007073580|JP2007073829|JP2007103243|EP1826784|EP2330609,200
EP2600356,EP2600356,2013-06-05,A61N|G21K|H05H,,200
EP2600008,EP2600008,2013-06-05,F01D|F04D|Y02T,EP1083300|EP2290199|EP2305985|EP2495401,200
EP2600229A9,EP2600229,2014-04-16,G06F,,200
EP2602233A1,EP2602233,2013-06-12,C03B,US5079876|EP2177482|EP2316797,200
EP2602373,EP2602373,2013-06-12,D06F,EP0629733|EP0781881|WO2001002639|WO2001059196|US20040045097,200
EP2600623,EP2600623,2013-06-05,H04N,,200
EP2600680,EP2600680,2013-06-05,H04W|H04L,EP2182763,200
EP2602690A1,EP2602690,2013-06-12,G06F|Y02D,EP1662359|US20070081504|EP2381336,200
EP2602596A1,EP2602596,2013-06-12,G01F,WO2002071002|EP1315144|EP2236994|EP2236995|WO2010112030,200
EP2602376,EP2602376,2013-06-12,D06F,,200
EP2602817A1,EP2602817,2013-06-12,H10D|H10P|H10W,EP1180800|US6429502|EP1367717|US20050212071,200
EP2602735A1,EP2602735,2013-06-12,H04L|H04W,US7024394|EP1361723|WO2009101549|WO2009127984|EP2166697,200
EP2603025A1,EP2603025,2013-06-12,H04W|G06F|G06Q|H04L|H04M,EP1653375|US7676027|EP1772997|WO2008154052|EP2083398|US20100063893,200
EP2602735A9,EP2602735,2014-04-30,H04L|H04W,,200
EP2604806,EP2604806,2013-06-19,F01D|F02C|F05D,,200
EP2604211,EP2604211,2013-06-19,A61B,EP0499491|US20040006333|US6226542|US6301496|US6892091|US20020087151|US6814733|US6997924|US7156816|US7536218|US20080275440,200
EP2603041A1,EP2603041,2013-06-12,H04L|H04W,EP1229752|EP0921645|WO1999067972|EP0999669|JP2000197095|EP1081876|US20020110097,200
EP2604935A1,EP2604935,2013-06-19,F24F,US5086385|EP1589295|US20070029397|EP1878980|EP2045541,200
EP2602945,EP2602945,2013-06-12,H04J|H04W|Y02D,JPH05102900A|EP0713345|EP0961509|JP2005084803|US20100235667,200
EP2605176,EP2605176,2013-06-19,H04L|G06F|G03G,US20050055547|US20050254086|EP1638017|US20070186104|US20100123932,200
EP2604679,EP2604679,2013-06-19,C12M|F16L|Y10T,,200
EP2605098A1,EP2605098,2013-06-19,G05B|Y02P,EP1098353|US20040166689|EP2048560|US20100063620,200
EP2605253A1,EP2605253,2013-06-19,H01F,US5722032|EP1300208|EP1300210|US20060170301|EP1712652|EP2017859|WO2010066251|EP2378634,200
EP2605557A1,EP2605557,2013-06-19,H04W|Y02D,EP1981224|EP2028909|US20100304782|US20110117909|WO2011109750,200
EP2605489,EP2605489,2013-06-19,G06F|H04W|G01R|Y02D,,200
EP2606717,EP2606717,2013-06-26,A01G|B25F|B27B,EP0267472|US5778649|US6108867|EP1535508|EP1541010|US7407018|EP1782682|EP2248413|WO2011113445,200
EP2605617A1,EP2605617,2013-06-19,H05B,US5796082|EP1619933|GB2425415|US20110266463|EP2393339,200
EP2604197,EP2604197,2013-06-19,A61B,US4576167|US4646745|US4473077|US5119983|US5005749|US6053390|US5588579|US20090001122,200
EP2606718A1,EP2606718,2013-06-26,A01J|A23C,US3700373|NL9201812|EP0888710|US20080034978|EP1932431|EP2387878,200
EP2606779,EP2606779,2013-06-26,A47J,FR2745995|WO2010103044|WO2010118545,200
EP2604195,EP2604195,2013-06-19,A61B,US4576167|US4646745|US4473077|US5119983|US5005749|US6053390|US5588579|US20050059996|WO2006044490|US20090001122,200
EP2607097A1,EP2607097,2013-06-26,B60B,EP0808250|EP0911183|EP1174285|EP1186442|WO2010093236,200
EP2606853A1,EP2606853,2013-06-26,A61F,US5456713|US6206931|EP1245202|US20080114438|US20040193244|US7488344|US7407509|US20090254170|US7537606|US20050113905|US20060004433|US20060095118|EP1913897|US20070142896|US20080294234|US20090171451|AU2010254599,200
EP2607679A1,EP2607679,2013-06-26,F02M,WO2002012717|EP1357284|DE10321163|EP2080893,200
EP2608011,EP2608011,2013-06-26,G06F,JP2003124976|US20030081543|US20040213265|US20070064711|JP2007264751,200
EP2605608A1,EP2605608,2013-06-19,H04W,EP1981224|EP2061192,200
EP2608195A1,EP2608195,2013-06-26,G10L,EP1168297|US20040098266|EP1703492|EP2306450,200
EP2608218,EP2608218,2013-06-26,H01B|B05D|C08K|C09D|Y10T,EP0166617|EP0803551|US20060264518|EP1683592|WO2006072959|WO2006076603|US20070154644|EP2012952|EP2010314|EP2087490|US20080220155|EP2139007|EP2147733|WO2008151066|EP2030706|US20090142482|US20090242854|EP2119747|WO2009152388|WO2009157393|US20100143591|WO2011052966,200
EP2608523A1,EP2608523,2013-06-26,H04N,US20040189815|EP1647859|EP1689168|JP2006311145|US20080166115|EP1980904|JP2009105673|EP2056298|EP2200273|US20110158619|US20110279691,200
EP2608474,EP2608474,2013-06-26,H04L|H04J|H04W,,200
EP2608606A1,EP2608606,2013-06-26,H04W,US20080220772|EP1983700|EP2282586,200
EP2608304,EP2608304,2013-06-26,H01M|Y02E,US6492050|US20050142422|US20070104992|US20090263689|JP2008066127|US20090176136|JP2010044990,200
EP2608634,EP2608634,2013-06-26,H05B,US5374809|EP0804050|US6563096|WO2005062448,200
EP2607109,EP2607109,2013-06-26,B60C|Y10T,,200
EP2609885A1,EP2609885,2013-07-03,A61B,US5807395|US6017338|US20030163178|US6210411|US6226542|US6301496|US6892091|WO2003024349|US7537595|US6814733|US6997924|US7156816|US7536218|US20070060832|US20080103494|EP2119407|EP2145596|US20100030209,200
EP2609863,EP2609863,2013-07-03,A61B,WO1998027867|US6106152|WO2006038165|US20060241370|JP2009136425|US20100310049|EP2394579,200
EP2610044A1,EP2610044,2013-07-03,B29C|Y02P,JP2000141440|US6333611|JP2001232672|EP1304209|EP2104217|EP2106015,200
EP2610775,EP2610775,2013-07-03,G06F|H04L,,200
EP2609938A1,EP2609938,2013-07-03,B01L|A61L|C12M|G01M,JPS6267418A|JP2008068088|EP1692259|JP2005218548|WO2006101467|JP2005312799|JP2006068122|EP1707221|EP1764115|JP2007202628|JP2008145337|US20080159907|EP2133101,200
EP2610272,EP2610272,2013-07-03,C08F,EP0018738|EP0159736|EP0713886|EP0856013|EP0926165|WO2000008074|WO2000008073|WO2001055230|WO2003000757|WO2003000754|EP1403292|WO2004029112|EP1489110|US20050176900|US20050288460|EP1862481|EP1862480,200
EP2609937A1,EP2609937,2013-07-03,A61L|B65D,EP0298694|EP1177986|EP1121942,200
EP2606834,EP2606834,2013-06-26,A61B,US20090314821,200
EP2610931A1,EP2610931,2013-07-03,H10H,EP1198016|US20030080341|EP1605028|EP1814151|WO2010023993,200
EP2612646A1,EP2612646,2013-07-10,A61K|A61Q,US4956170|EP0604848|WO2003003998|EP1408922|EP1281319|US20080249187|FR2905595|EP2127520|EP1964576|EP2272339,200
EP2611074,EP2611074,2013-07-03,H04L,US20020129157|US20100150004,200
EP2611218,EP2611218,2013-07-03,H04R|H04S,EP1414268|EP1594344|EP2088802|EP2124483,200
EP2612596A1,EP2612596,2013-07-10,A61B|G16B|G06T|G16H,US5605155|EP0916308|US20020102023|EP2387949,200
EP2610755,EP2610755,2013-07-03,G06F,JPH05204762A|JP2000235558|JP2009537879,200
EP2612632,EP2612632,2013-07-10,A61F|B26D|B29C|B32B|B65H|Y10T,,200
EP2613005A1,EP2613005,2013-07-10,F01D|Y10T,JPS6166802A|EP1164252|EP1262634|US20060171812|EP2366873,200
EP2612795,EP2612795,2013-07-10,G07C|B60R,EP0343619|EP0808971|EP0984124|FR2786802|EP1447775|US20080290990,200
EP2613034A1,EP2613034,2013-07-10,F02C|F05D,EP0314112|EP1132593|US20030217555|WO2010070692|EP2299091|EP2390481,200
EP2613008A1,EP2613008,2013-07-10,F01D|F05D|Y10T,US6203021|EP1780380|EP2317079,200
EP2614799A1,EP2614799,2013-07-17,A61F,US4170998|JPH11197173A|EP1616543|US20050096714|US7959657|US20080228248|EP1972312,200
EP2613035,EP2613035,2013-07-10,F02C|B64D|F05D,,200
EP2613402,EP2613402,2013-07-10,H01Q|H04B|H04M,GB2380359|US20040214621|EP2362613|US20110250928,200
EP2614965A1,EP2614965,2013-07-17,B42D|B65D,US20080054010|DE202007011708|EP2202086|EP2347981,200
EP2614963A1,EP2614963,2013-07-17,B41J|B65H|G07G,EP0263319|KR20020024494|US6609844|WO2005047152|EP1553033,200
EP2614789A1,EP2614789,2013-07-17,A61B,WO1996033665|US5925040|US20030130653|EP1977707|US20110082457|EP2357669|WO2011116303|EP2392272,200
EP2615534A1,EP2615534,2013-07-17,G06F|H04B,EP2146271|EP2199893|WO2010128366,200
EP2615809A1,EP2615809,2013-07-17,H04M,EP1858238|US20090144435|EP2242240,200
EP2615609,EP2615609,2013-07-17,G11B,US5760767|EP1148412|EP1580996|US20080092054|US20090313558|US20110264648,200
EP2615499,EP2615499,2013-07-17,G03G,JPH0540367A|JP2005062132|JP2006337579|JP2007086721|JP2007133100|US20090176170|JP2009175666|JP2009244572|EP2267550|US20110212399,200
EP2617505,EP2617505,2013-07-24,B23B|B23C|B23D|Y10T,EP0037691|JPH06126511A|EP1657012|EP1702703|EP1795288|WO2008073037|EP1952925,200
EP2617669A1,EP2617669,2013-07-24,B65H|Y10T,EP1067075|JP2002104718|EP2019067|WO2011070935,200
EP2617680A1,EP2617680,2013-07-24,C01B|E04F|B01J|C07D|Y02P,EP1065167|EP1614657|EP2157080|JP2011153047|JP2012066977,200
EP2617670,EP2617670,2013-07-24,B65H|B21C|H01F,JP2000128433,200
EP2617967,EP2617967,2013-07-24,F02C,,200
EP2612595,EP2612595,2013-07-10,A61B|G04G,US20070011919|US20070006489|US20070021269,200
EP2620096,EP2620096,2013-07-31,A61B|G01B|G06T,JP4354601|JP2008029467,200
EP2617782A1,EP2617782,2013-07-24,B41M|C09D,WO2007125273|JP2009534514|JP2008208190|JP2009191183|JP2009209289|JP2009221414|JP2009221416|US20110169903|EP2345703|JP2011144250|EP2433807,200
EP2620298A1,EP2620298,2013-07-31,B60C,JP2003285610|EP1872973|EP2151333|WO2012005187,200
EP2617773,EP2617773,2013-07-24,C08F|C08G|B41C|B41N|C08L|G03F,WO2005103823|EP1637926|EP1936438|JP2009190332|WO2010069749|EP2537675,200
EP2620315,EP2620315,2013-07-31,B60L|H02J|H02M|Y02B|Y02T,,200
EP2620113A1,EP2620113,2013-07-31,A61B,US6171304|US20050113819|EP1707144|US20090234353|EP2301463,200
EP2621017,EP2621017,2013-07-31,H01Q,US20040257283|EP2146413|US20100053002|WO2011106899|EP2405534|EP2410605,200
EP2620643,EP2620643,2013-07-31,F16J|F03D|F16C|F05B|H02K|Y02E,US4625256|DE10300952|US20070251076|JP2008069925|WO2011082836,200
EP2620653,EP2620653,2013-07-31,F04D|F01D|F05D|Y02T,EP0028183|EP0657624|EP1083300|GB2451568|EP2149680|EP2305984,200
EP2621017A1,EP2621017,2013-07-31,H01Q,US20040257283|EP2146413|US20100053002|WO2011106899|EP2405534|EP2410605,200
EP2620616,EP2620616,2013-07-31,F02C|B64D|Y02T,,200
EP2623452,EP2623452,2013-08-07,B66B,,200
EP2623384,EP2623384,2013-08-07,B60W|B60K|Y02T|Y10S,,200
EP2621025A1,EP2621025,2013-07-31,H01R|Y10T,JP2003007402|US20050112959|JP2007035587|US20080124974|EP2015402|JP2010182623|JP2011154894|EP2369685|WO2012008522,200
EP2623772,EP2623772,2013-08-07,F03D|F16C|F05B|Y02E,DE20116649|US20080213095|JP2007278178|US7780417|US20100316499|US20110142631|US20110142618,200
EP2624084A1,EP2624084,2013-08-07,G05B,EP1865410|EP1906276|US20110153034,200
EP2623773,EP2623773,2013-08-07,F03D|Y02E,,200
EP2623335,EP2623335,2013-08-07,C08F|A61L|B60C|C08J,JP2004298220|JP2010142537,200
EP2624099,EP2624099,2013-08-07,G06F|B06B|G09B|G10L|H02N,EP0144774|US20030067440|WO2010104953,200
EP2624070A1,EP2624070,2013-08-07,G03G,EP0098081|EP1184741|US20050196184,200
EP2624330,EP2624330,2013-08-07,H01M|Y02E|Y02P,JP2001229897|US20010049056|EP2273583|EP2390941,200
EP2623810A1,EP2623810,2013-08-07,F16D,US6120382|JP3859264|US20040254021|JP2005337304|US20050272510|EP1703158|EP1705395,200
EP2624375,EP2624375,2013-08-07,H02J|Y02E|Y04S,,200
EP2624330A1,EP2624330,2013-08-07,H01M|Y02E|Y02P,JP2001229897|US20010049056|EP2273583|EP2390941,200
EP2623662,EP2623662,2013-08-07,D06F,US20060005581|EP1873297|EP1992730|EP2208819|KR20100102491,200
EP2624352,EP2624352,2013-08-07,H01M|Y02E,EP1909349|JP2008243589|US20100119906|JP2010055917|JP2010238430,200
EP2624462A1,EP2624462,2013-08-07,H04B|H03D,US20050239430|EP1630950|WO2008139390|US20100267354|EP2360835,200
EP2626323,EP2626323,2013-08-14,B65H,WO2011040545,200
EP2626550A1,EP2626550,2013-08-14,F03D|F05B|Y02E,WO2008145126|EP2075462|EP2075465|WO2010037387|EP2202406|EP2306004,200
EP2626166,EP2626166,2013-08-14,B23P|C23C|Y10T,,200
EP2626737A1,EP2626737,2013-08-14,G02F|F21V,US20070103908|US20060171140|EP1881363|EP2343478,200
EP2626169,EP2626169,2013-08-14,B23P|B23K|F01D|F05D|Y02T|Y10T,,200
EP2626775,EP2626775,2013-08-14,G06F|A63F,US20070085845|US20100141605|US20110021272,200
EP2626745,EP2626745,2013-08-14,G03G,,200
EP2628949,EP2628949,2013-08-21,H02K|F04B|F01C|F04C,,200
EP2627105A1,EP2627105,2013-08-14,H04R|H04S,JP2010183203|EP2375789|JP2011229113|EP2485503,200
EP2627015,EP2627015,2013-08-14,H04B,,200
EP2629178,EP2629178,2013-08-21,G06F|B06B|H02N|H10N,WO2001033760|WO2001054109,200
EP2628832A1,EP2628832,2013-08-21,D04B|A41B,US5787732|US20030192351|EP1375717|EP2412853,200
EP2629181,EP2629181,2013-08-21,G06F|H04M,,200
EP2629352A1,EP2629352,2013-08-21,H01M|Y02E|Y10T,US3721113|US5368958|EP1400996|US20040072066|JP2006134785|EP1865520|US20090246626,200
EP2629193,EP2629193,2013-08-21,G06F|H04N|G09G,,200
EP2629456A1,EP2629456,2013-08-21,H04L|H04W,WO1997044967|WO1999020069|EP1708088|US20080161004|EP2391153,200
EP2629477A1,EP2629477,2013-08-21,H04L,WO2005034551|US20070033249|EP2061212|US20100024005|EP2209280,200
EP2629459,EP2629459,2013-08-21,H04L,,200
EP2629502A1,EP2629502,2013-08-21,H04M,US20040018830|WO2005104512|US20070049261|US20090170492|WO2010045070|EP2219142|EP2360953|EP2364007|US20110228922,200
EP2629495A1,EP2629495,2013-08-21,H04M|B29C|B29L,US6437238|EP1919267|EP1918800|US20090017242|US20090257189|US20100079970|US20100097276,200
EP2631066,EP2631066,2013-08-28,B32B|B60R|Y10T,,200
EP2631182,EP2631182,2013-08-28,B64D|F01N|Y02T,,200
EP2629592,EP2629592,2013-08-21,H05K|H01Q|H04B|H04W,JPH07162159A|US6940014|WO2005048624|JP2007511955|JP2007511965|US20080239632|US20080318631|WO2009032496,200
EP2631122,EP2631122,2013-08-28,B60Q|F21S,GB2395390|EP2233356|EP2085688|JP2010036835,200
EP2631323A1,EP2631323,2013-08-28,C23C|B64C|F01D|F04D|F05D|Y02T,US4428213|EP0323388|US7887288|EP1852520|EP2226409,200
EP2631435A1,EP2631435,2013-08-28,F01D|F04D|F05D,EP0965727|US6283705|EP1217173|US6461105|EP1669548,200
EP2631563A1,EP2631563,2013-08-28,F25B,EP0972942|US20040035122|EP1669694,200
EP2631744,EP2631744,2013-08-28,G06F,,200
EP2631792A1,EP2631792,2013-08-28,G06F,EP1221653|WO2004046942|EP1832982|US20070299650|EP2423825,200
EP2631527A1,EP2631527,2013-08-28,F21V|F21K|F21S|F21Y,EP2163808|EP2149742|EP2180249|EP2320133|CN201748262|JP2011187296|WO2012020830,200
EP2631667,EP2631667,2013-08-28,G01S,WO1998016801|EP1253440|JP2009145107|AT509180,200
EP2631918,EP2631918,2013-08-28,H01F|C22C|B22F,JP2000104104|JP2005223263,200
EP263319,EP263319,,,,200
EP2631759,EP2631759,2013-08-28,G06F,,200
EP2632100,EP2632100,2013-08-28,H04L,US20090086651|WO2010069372|US20100316066,200
EP2631738,EP2631738,2013-08-28,G06F,DE102005010914|US7870508|US20100026640|EP2196890|US20110087983,200
EP2628579,EP2628579,2013-08-21,B25C|B42B,JP2002168216|JP2007167978|WO2007081034|JP2007185820|JP2008044058|WO2010143448,200
EP2634285A1,EP2634285,2013-09-04,C23C|H01J|Y10T,EP0983393|EP1222316|EP1795628|EP2011894|CN101327524|EP2037000|WO2011099683,200
EP2631817,EP2631817,2013-08-28,G06F,,200
EP2634367A1,EP2634367,2013-09-04,F01D|F04D|F05D,US20030069321|US20090044364|EP2239083|EP2362066,200
EP2634479A1,EP2634479,2013-09-04,F21V|F21K|F21Y|Y10T,EP2163808|EP2256402|EP2320138,200
EP263491,EP263491,,,,200
EP2634486,EP2634486,2013-09-04,F23R|F23C,US5259182|JPH0586902A|US20050268618|US20070227156,200
EP2634512,EP2634512,2013-09-04,F25D|F25B|F24F,DE3308141|EP0787961|JP2001264446|WO2008153249|EP2157380,200
EP2634842A1,EP2634842,2013-09-04,H01M|C08J|Y02E,EP1011157|US20020192561|KR100775310|EP2378595,200
EP2635092,EP2635092,2013-09-04,H05B|Y02B,US20090184662|WO2012009086,200
EP2634696,EP2634696,2013-09-04,G06F,JPH0877078A|JPH09128303A|JPH11175409A,200
EP2634593,EP2634593,2013-09-04,G01S,EP0437822|US5502450|US7831341|WO2011042726,200
EP2636374A1,EP2636374,2013-09-11,G01N|A61B|G01S,US20070276247|EP1504721|DE10258952|EP1847222|US20110306025|EP2491865,200
EP2636298,EP2636298,2013-09-11,A01F|B30B,US4791865|EP0264497|NL8801271|US5540144|WO1996029195|US20050172838|US7093537|EP2108246|WO2011042332,200
EP2635036A1,EP2635036,2013-09-04,H04N|G06F|H04H,US6286140|WO2000011869|US20020083451|EP1248463|WO2004047445|WO2005022914|US20060075420|US20080092159|EP2276253|US20100125544|WO2010114857,200
EP2636311A1,EP2636311,2013-09-11,A21D|A23C|A23L|A23V,US3655644|US3975206|US4477480|US4838944|US5187272|EP0554818|US5833755|US20030108649|US7422638|EP1961769|EP2135882,200
EP2637091A1,EP2637091,2013-09-11,G06F|H04L,EP1357476|EP1705575|US7991860,200
EP2637302,EP2637302,2013-09-11,H03F|H10W,EP0971411|WO2000075990|EP1351300,200
EP2636567,EP2636567,2013-09-11,B60W|B60K|Y02T|Y10S,,200
EP2639015,EP2639015,2013-09-18,B25F,US5033552|US6634439,200
EP2638825A1,EP2638825,2013-09-18,A47F|F25D,AU1507083|DE3906936|US5669683|EP1099398|EP1208777|US20040089208|EP1459650|US20050279906|FR2907202|WO2011078826,200
EP2638868,EP2638868,2013-09-18,B05B|A61B|A61M,,200
EP2639016,EP2639016,2013-09-18,H01H|B25F,,200
EP2639914A9,EP2639914,2013-11-27,H02H|G01R,,200
EP2639914A1,EP2639914,2013-09-18,H02H|G01R,WO1998020356|EP0963025|WO2006130722|EP2192416|EP2375525,200
EP2639787A1,EP2639787,2013-09-18,G10H|H04R,US20030094094|US6627808|WO2005001811|EP2077549|WO2011003148|EP2372692|JP2011197325,200
EP2640011A1,EP2640011,2013-09-18,H04L,US7046685|EP1786149|EP1885092,200
EP2636611A1,EP2636611,2013-09-11,B65F,EP0903305|EP1647503|US20110220647,200
EP2639891,EP2639891,2013-09-18,H01R|H01M|Y02E,JP2001057204|JP2012060093|JP2012060080,200
EP2640036A1,EP2640036,2013-09-18,H04L,EP1239372|EP1705576|EP1768323,200
EP2639632,EP2639632,2013-09-18,G02F|G02B|H05K,US6538709|JP2004157471|JP2005049450|US20100265425|US20070206123,200
EP2641550,EP2641550,2013-09-25,A61B|H01H,,200
EP2641859,EP2641859,2013-09-25,B65H,US4149679|DE4338283|EP1106556|EP1369371|JP2011037608,200
EP2642175A1,EP2642175,2013-09-25,H10W|F21K|F21Y|H10H,EP1418628|EP1693904|US20090309115|EP2290279|US20110053295|WO2011074777,200
EP2641624A1,EP2641624,2013-09-25,A61M,EP1543853|US20040267183|EP2019296,200
EP2642557A1,EP2642557,2013-09-25,H01M|Y02E|Y02P,EP1184927|DE10238945|KR20040020633|US20060008700|EP1717885|US20070009803|US20070231700,200
EP2641779,EP2641779,2013-09-25,B60Q|B62J,JP4806550,200
EP2641556,EP2641556,2013-09-25,A61B,US4172451|US5551426|WO1995002995|US5391199|US5443489|US5480422|US5568809|US5546951|US5558091|WO1996005758|WO1997024983|WO1998029033|US6024739|US6120476|WO1999052423|US6064905|EP1323375|EP1417936|EP1992300,200
EP2642561A1,EP2642561,2013-09-25,H01M|Y02E|Y02P|Y02T,US20110305943|US20120021277|US20110244310|EP2426751|EP2461393,200
EP2642823,EP2642823,2013-09-25,H05B,US20060139193|US20090134855|US20100244799|WO2011021075|US20120062149,200
EP2642763A1,EP2642763,2013-09-25,H04W|H04H|H04N,JP2001266482|US20020081974|WO2003079690|EP1737242|US20080051070|US20100262486|EP2339847|US20100251279|EP2339767|US20110177774,200
EP2644506,EP2644506,2013-10-02,B64D|F02C|F05D|Y02T,,200
EP2644284A1,EP2644284,2013-10-02,C09D|C23C|H10P,EP2256121|US20110212629|EP2371821,200
EP2642534,EP2642534,2013-09-25,H10H,,200
EP2644378A1,EP2644378,2013-10-02,B41C|B41N|G03F,GB434875|US2714066|US3276868|US3181461|US3280734|US4153461|US3881924|US3902734|US4115128|JPS5463902A|US4283475|US4327169|JPS57142645A|JPS58112793A|JPS58112792A|JPS58125246A|JPS58159533A|JPS58173696A|JPS58181051A|JPS58181690A|JPS58194595A|JPS58220143A|JPS58224793A|JPS5941363A|JPS5948187A|JPS5973996A|JPS5984249A|JPS5984248A|JPS5984356A|JPS59121044A|JPS59146063A|JPS59146061A|JPS59202829A|JPS59216146A|JPS6063744A|JPS6052940A|JPS6059351A|JPS6078787A|JPS6088942A|US4689272|JPS62167253A|JPS62170950A|US4756993|JPS62251740A|JPS62293247A|US5148746|JPH0296755A|JPH02220061A|US5156938|JPH03100554A|JPH03208514A|JPH0413149A|JPH0513514A|JPH0519702A|JPH0545885A|JPH0635174A|GB2297719|US5568768|JP3622063|US6117913|JPH11288093A|JP2001133969|JP2002023360|JP2002040638|JP2003057820|JP2003149799|JP2003302750|JP2004012770|EP1834803|US20090186301|WO2009094120|EP2366546|JP2011197303,200
EP2644889,EP2644889,2013-10-02,G01M|F03D|F05B|Y02E,EP2128438|GB2481461|NL2005400|WO2012044161,200
EP2644854A1,EP2644854,2013-10-02,F01L,US20010045197|EP1736639|EP2302178|US20110271918|JP2012036877,200
EP2645163A1,EP2645163,2013-10-02,G03B,US6097511|EP1795957|US20080252751|EP2088767|US20110229117,200
EP2645040,EP2645040,2013-10-02,F28D|F28F,EP2031332|CN101459375|EP2246654|EP2282624|EP2284846|EP2375210|EP2383779|US20120000628,200
EP2645082,EP2645082,2013-10-02,G01N,US20080108103,200
EP2645288,EP2645288,2013-10-02,G06F,,200
EP2645083,EP2645083,2013-10-02,G01N,US20080108103,200
EP2645228,EP2645228,2013-10-02,G06K|G06F,JP2004206553,200
EP2645266A1,EP2645266,2013-10-02,G06F|G06Q|H04M,EP1659818|CN101013903|EP2251986|CN201766639|CN102223735,200
EP2645478,EP2645478,2013-10-02,H01Q,US5111213|US5721789|US5696372|WO2005069438|WO2011044333,200
EP2645479,EP2645479,2013-10-02,H01Q,EP2230723|EP2048739|WO2008059509|US20080266190,200
EP2645712A1,EP2645712,2013-10-02,G06T|H04N,EP0661886|EP1109410|US20060267809|EP2154899|WO2012033966,200
EP2645739A1,EP2645739,2013-10-02,H04R|H03M,EP1439636|US20080218395|EP2367366|WO2011114300,200
EP2645421,EP2645421,2013-10-02,H10F|Y02E,EP2149915|US20110139250|US20120060925|US20110140226,200
EP2645740,EP2645740,2013-10-02,H04R|H03G,US5331291|US6931135|EP2369852|EP2538699,200
EP2647277A1,EP2647277,2013-10-09,A01D,GB2034565|EP0728408|US6953398|EP1570718|DE102004019213|EP1915896,200
EP2647545,EP2647545,2013-10-09,B62D,EP1125820|US20030000330|US20060028010|JP2006069524,200
EP2647754A1,EP2647754,2013-10-09,D06F,GB1417833|EP1111120|EP1524359|WO2007085408|DE202006006612|US20110221313,200
EP2647581,EP2647581,2013-10-09,B65D|H10F,,200
EP2645709,EP2645709,2013-10-02,H04N|H04L|H04W|H04H,,200
EP2647835,EP2647835,2013-10-09,F03D|F05B|Y02E,EP1314885|WO2004088130|EP1623111|US20110116927|EP2034178|WO2012019655|US20110142635|US20110142665,200
EP2647847,EP2647847,2013-10-09,F04D|F01D|F02K|F05D|Y02T,,200
EP2647911,EP2647911,2013-10-09,F23R|F23C,,200
EP2648130,EP2648130,2013-10-09,G06F|H04M,,200
EP2648038A1,EP2648038,2013-10-09,G02F,US20070024950|JP2008209953|JP2008158042|EP2413184|EP2469332|EP2555049,200
EP2648155A1,EP2648155,2013-10-09,G06Q|H04L,EP1773039|US20100227632|EP2312873,200
EP2648250,EP2648250,2013-10-09,H01M|B82B|Y02E,JPH0282450A,200
EP2648249,EP2648249,2013-10-09,H01M|Y02E|Y02P,KR20050020571|JP2007165300|JP2009245773,200
EP2648334,EP2648334,2013-10-09,G01C|H02N|H03F,US7305880|EP2259019,200
EP2649940A1,EP2649940,2013-10-16,A61B|G03B,US20020050568|JP2001149358|JP2002158820|US20030086523|EP1492333|US20060071171|US20070125952|EP1953660|EP1943949,200
EP2650422,EP2650422,2013-10-16,D06F|F21K|F21V|G02B|F21W|F21Y,US20030028261|WO2007075038|US20080289940|KR20080103643|EP2031112|CN201245779,200
EP2650334,EP2650334,2013-10-16,C09D|B41J|B41M|C09B,WO2004087815|EP1609824|JP2005350565|US20080138592|WO2007091631|WO2007116933|WO2008111635,200
EP2650482A1,EP2650482,2013-10-16,F01D|F05D,EP1512841|EP2218879|EP2360352|EP2365235,200
EP2650531,EP2650531,2013-10-16,F03D|F05B|Y02E,JP2003113769,200
EP2650648,EP2650648,2013-10-16,G06F|G08G|G01C|G09B,,200
EP2650132,EP2650132,2013-10-16,B41J,,200
EP2649949,EP2649949,2013-10-16,A61B,US5915616|US20070131732|US20090001121|EP2110085|EP2436318,200
EP2650751,EP2650751,2013-10-16,G06F|G10K,US5642413|JP2004072420|WO2009107106,200
EP2650961,EP2650961,2013-10-16,C22C|C22B|H01M|Y02E|Y02P|Y02T|Y02W,,200
EP2650721A1,EP2650721,2013-10-16,G02B|G02F|H10H|F21K,JP3116727|JP3114805|US20110176328|EP2392852|EP2565706,200
EP2651039A1,EP2651039,2013-10-16,H04B,EP0771082|US6023609|EP1083622|US20030176176|US20040127178|US20040162107|WO2006085139|US20070111686|WO2009083647|US20090180402|US20090213764|EP2234276|EP2421171,200
EP2651153,EP2651153,2013-10-16,H04L|H04W,,200
EP2653063,EP2653063,2013-10-23,A45F,US5913464|US6247624|JP2005143453|EP1661446|WO2008076010|WO2008147256|WO2009098602,200
EP2650807,EP2650807,2013-10-16,A63B|G16H|A61B,US20050174324|US20110131005|US20110077865|US20110066383|US20120083705,200
EP2653287A1,EP2653287,2013-10-23,B29C,US3070475|US3230995|US3708385|EP1318164|EP2348066|EP1471125|WO2006056387|EP1688237|EP1734193|EP2292674|GB2474431|EP2397303|WO2012016991,200
EP2654028,EP2654028,2013-10-23,G08G|B60W|G06V,US5572428|EP1118305|US20080065328|EP2172919|WO2010089661,200
EP2651190,EP2651190,2013-10-16,H05B|G08C|Y02B,,200
EP2654130A1,EP2654130,2013-10-23,H01R,US4531793|US5242312|JPH10116659A|JP2008153059|EP2251937|JP2011204509|US7955107|US20120196466|EP2500990,200
EP2654168,EP2654168,2013-10-23,G06F|H02J|H04R|H04M,US20030078073|US20070072474|US20090179768|US20110103608,200
EP2654334A1,EP2654334,2013-10-23,H04W,EP0639035|WO2002093819|EP1335618|WO2004038984|EP1793633,200
EP2654236A1,EP2654236,2013-10-23,H04L,WO2008104099|WO2008132599|EP2104261|EP2131518|US20100061287|EP2178239|EP2375607|EP2416518|WO2012036479,200
EP2657048,EP2657048,2013-10-30,B60C,US4296789|EP0613794|DE19822573|US20080245457|EP2412546|EP2412547,200
EP2657089A1,EP2657089,2013-10-30,B60R,EP1002709|DE10019418|US20020075142|DE10234593|EP1555165|EP1619083|DE102009000905|EP2289753|EP2289740|EP2394864,200
EP2657076,EP2657076,2013-10-30,B60Q|B62J,US20050270785|JP4806550|US20080112174|US20080225535|WO2010061651,200
EP2657457,EP2657457,2013-10-30,B64D|B60R|F01D|F02C|F05D,JP2002070585,200
EP2657520A1,EP2657520,2013-10-30,H02K|F03D|F05B|Y02E|Y02P|Y10T,DE2917717|JPH11252830A|EP1988282|EP2110931,200
EP2657468,EP2657468,2013-10-30,F01K|F02C|G05B|G06Q|Y04S,,200
EP2657556,EP2657556,2013-10-30,F16C|F03D|F16N|Y02E,JP2003083351|JP2010159710,200
EP2657609A1,EP2657609,2013-10-30,F23R,EP1271057|EP2208933|CH702684|EP2520864,200
EP2658029A1,EP2658029,2013-10-30,H01P|Y10T,EP0220445|WO2004079795|WO2005093896|EP1860725|US7518952|WO2007099202|EP2043193|EP2372830,200
EP2657823A1,EP2657823,2013-10-30,G06F|G09G,EP2060970|US20110022982|EP2284674,200
EP2658036A1,EP2658036,2013-10-30,H01R,EP0924809|DE10255674|EP1944834|US20080233809|EP2105995,200
EP2658188A1,EP2658188,2013-10-30,H04L|H04W,US20050071508|EP1806683|EP2034687,200
EP2660140A1,EP2660140,2013-11-06,B63B|Y02E,WO2000015489|EP1695902|EP2298641|DE102010004077|EP2428442,200
EP2658301,EP2658301,2013-10-30,H04W,EP1624639,200
EP2657924,EP2657924,2013-10-30,A63B|G09B,US6151563|US7740551|WO2007130057|EP2025368|EP2025369|US20110304497|US20110118062,200
EP2660379A1,EP2660379,2013-11-06,D06F,JPH0790077A|JP2002336593|JP2004267334|US20090241267|EP2236658|EP2447406,200
EP2659868A1,EP2659868,2013-11-06,A61F|B26D,US4726876|US4880102|US5025910|EP0990588|EP1393701|EP1961403|US20120079926|CN202105105,200
EP2660896,EP2660896,2013-11-06,H01M|Y02E|Y02P|Y02T,US20050123824|WO2005117196|US20110183182|EP2043180|WO2009078584|US20090311607|US20110123838,200
EP2660681,EP2660681,2013-11-06,G06F,,200
EP2661113,EP2661113,2013-11-06,H04L|H04W,US20050102517|EP2003818|US20110151796,200
EP2661112,EP2661112,2013-11-06,H04L|H04W,US20080092213|US20080310366|EP2028793,200
EP2661166,EP2661166,2013-11-06,H05K,,200
EP2661144,EP2661144,2013-11-06,H04B|G06F|G06V|G08C|H04M|H04W,,200
EP2662020A1,EP2662020,2013-11-13,A61B,EP1063500|EP1132046|WO2007002992|JP2010526604,200
EP2662250A1,EP2662250,2013-11-13,B60R|B60N,EP1588908|EP1775174|EP1961625,200
EP2662049,EP2662049,2013-11-13,A61N|A61B,US20110125150|US20110130648,200
EP2662048,EP2662048,2013-11-13,A61B|A61M|A61N,US5391199|WO1996005768|US20020065455|US6690963|US6618612|US6332089|US6239724|US6292695|US6484118|US20030120150|US20100222851|US20040068178|US7201749|US20070029671,200
EP2662495,EP2662495,2013-11-13,E02D|E02B|E04H|F03D|F05B|Y02E,US20060185279|EP1624137|EP1947328,200
EP2662495A1,EP2662495,2013-11-13,E02D|E02B|E04H|F03D|F05B|Y02E,US20060185279|EP1624137|EP1947328,200
EP2662032,EP2662032,2013-11-13,A61B,US7875043|US20080065114|US20090082805|US20090138042,200
EP2662625A1,EP2662625,2013-11-13,F23R,EP2216599|EP2224172|EP2378202,200
EP2662804,EP2662804,2013-11-13,G06V,,200
EP2662912,EP2662912,2013-11-13,H01M|Y02E|Y02P,JP2004095538|WO2007105869|US20100316903|KR20110097715|US20120115036,200
EP2662924A1,EP2662924,2013-11-13,H04B|H01Q,US3389352|EP1014480|EP1160910|US20040189533|EP1696509|US20100164655,200
EP2662763A1,EP2662763,2013-11-13,G06F,US20030227441|US20100011291|US20100120470|US20100141605|EP2202624|EP2333761,200
EP2663037A1,EP2663037,2013-11-13,H04W|H04L,US20050135378|EP2080326|WO2009008817|EP2398195,200
EP2664410,EP2664410,2013-11-20,F23R|B23K|B33Y|Y10T,US6269540|US7984547,200
EP2664477A1,EP2664477,2013-11-20,G06F|G02F|B60K|G04G|H05K|Y10T,JPH03100885U|JPH09113880A|EP1150199|EP1453281|US20070109650,200
EP2664439,EP2664439,2013-11-20,B29C|Y02P,US6333611|JP2004154961|JP2004249534|US20100102770,200
EP2664535A1,EP2664535,2013-11-20,B62M|B60L|Y02T,JP3190491|JPH0880891A|JPH09286376A|EP0825102|EP1129934|EP1415904|EP2394902|EP2447108,200
EP2665209A1,EP2665209,2013-11-20,H04L|H04H|H04N,EP1684450|WO2007050217|US20080298337|US20110243522|EP2442464,200
EP2664295A1,EP2664295,2013-11-20,A61B,WO1996005768|US5964757|US6500167|US6064902|US6468260|US6371955|EP2263588|US6522933|US20070129761|US20100222851|US20050033135|US20100168548|EP2380518|US20120116382,200
EP2665308,EP2665308,2013-11-20,H04W,,200
EP2665259A1,EP2665259,2013-11-20,H04N|G11B,US6229951|EP1143740|EP1388862|US20060291807,200
EP2665243A1,EP2665243,2013-11-20,G06F|H04M|H04B,EP1798690|KR100691977|EP1962480,200
EP2666544,EP2666544,2013-11-27,B05D|C23C|H01J|H05H,EP0414562|EP0449291|WO2005095007|EP1643005|EP1785198|WO2007053916|WO2009037331|GB2455849|WO2012004175|DE102011007349,200
EP2667204A1,EP2667204,2013-11-27,G01R,US5841286|US20030220753|US20090281759|EP2228661|EP2385379|EP2386869,200
EP2666956,EP2666956,2013-11-27,E21B|H05K,FR1335095|GB1600095|US4309734|US4375157|WO2006060708|EP1963616|US20080302115|EP2383428,200
EP2667273,EP2667273,2013-11-27,B64C|G08G,EP1138202|EP2040137|US20120083946,200
EP2667448A1,EP2667448,2013-11-27,H01Q,KR100932420|EP2226894|US20100238079|EP2434576,200
EP2667656A1,EP2667656,2013-11-27,H04W,EP1998512|US20080219262|EP2053794|WO2010107357,200
EP2669144A1,EP2669144,2013-12-04,B62B,GB2423801|EP2258602|EP2289763,200
EP2667424,EP2667424,2013-11-27,H10H|H10W,US20070075323|US20070081288|WO2007058438|EP2390936|US20110300644,200
EP2669361,EP2669361,2013-12-04,C11D,BE680847|US6143711|US6908895|US20030203832|US20050256023,200
EP2669159A1,EP2669159,2013-12-04,B62J|B62K,EP0842844|JP3574130|EP1577200|EP2138389,200
EP2669506A1,EP2669506,2013-12-04,F03D|Y02E,US6983844|WO2010105626|EP2239459|EP2418376,200
EP2668913,EP2668913,2013-12-04,A61B|B25F|Y10T,US20090314821,200
EP2668911,EP2668911,2013-12-04,A61B|F16H,US20090314821,200
EP2669637,EP2669637,2013-12-04,G08B|G01D|G01K,,200
EP2669627A1,EP2669627,2013-12-04,G01C|G01R,EP1698857|EP1821067|US7930148|WO2011145204|EP2447668,200
EP2669520,EP2669520,2013-12-04,F04B|F04C|Y10T,,200
EP2669765A1,EP2669765,2013-12-04,G06F,EP0957425|EP1921532|US20090058823|US20090104943|EP2175355|US20100328112|US20110163973|EP2410405,200
EP2669969A1,EP2669969,2013-12-04,H01M|Y02E|Y02P,EP1492176|EP2254174|EP2393138,200
EP2670019,EP2670019,2013-12-04,H02J|E02F|H01M|Y02E,,200
EP2669889,EP2669889,2013-12-04,G10L|G06F|H04M,,200
EP2670116,EP2670116,2013-12-04,B29C|H01M|H01Q|H04B|H04M|B29L|Y02E,EP1880821|KR20100058116|DE202010014774,200
EP2670146,EP2670146,2013-12-04,H04N,WO2006041261|WO2008112622,200
EP2670121A1,EP2670121,2013-12-04,H04N,JPH1013636A|US20020054387|US20060164482|EP1292104|US20030091366|EP1718056|US20060250661|EP1926300|JP2009153086,200
EP2669882,EP2669882,2013-12-04,G09G|G02F,,200
EP2671967A1,EP2671967,2013-12-11,C23C|B24D|B23C|Y10T,JP2001179504|JP2003025117|EP1649955|EP2230327,200
EP2672717A1,EP2672717,2013-12-11,H04N|G09G|G06F,US20110078737|EP2385706|EP2391134|US20110310221|WO2012018669,200
EP2671721A1,EP2671721,2013-12-11,B32B|B44C|Y10T,JPS5364289A|JP2856862|JPH0551549A|JPH06220385A|JPH08100397A|JPH08244193A|JPH11277685A|EP1038665|JP2000211092|EP1052116,200
EP2672383,EP2672383,2013-12-11,G06F,US7345671|US20040224638,200
EP2672758,EP2672758,2013-12-11,H04W,US20070159997|EP2252115|US20120096132,200
EP2672744A1,EP2672744,2013-12-11,H04W,WO2003009623|EP1703760|EP1727383|GB2473753|WO2011136764,200
EP2674537,EP2674537,2013-12-18,E03F,DE4119561|EP1518969,200
EP2674162A1,EP2674162,2013-12-18,A61L|A23K|A23L|A61K|A61P|C12N,WO1988008452|WO1989011294|WO1997046104|WO2000071139|WO2001052667|US20050123583|WO2005021575|EP1917959|US20100143447|CN101069700|US20090304656|EP2450062|EP2457576|EP2457575|EP2468319,200
EP2674828,EP2674828,2013-12-18,G05G|A01G|H01H|Y10T,US20020166267|EP1262854|US20030038020|EP1353257|US20050279561|US20090055058|US20120065847,200
EP2674826,EP2674826,2013-12-18,G06F|G05B,GB2275559,200
EP2675224A1,EP2675224,2013-12-18,H04J|H04Q|H04W,WO2009120462|EP2360980|US20110255528|EP2451100|US20120117272,200
EP2676609,EP2676609,2013-12-25,A61B,EP1484016|US20090103679|EP2250965|EP2389864,200
EP2676906A1,EP2676906,2013-12-25,B26F|B26D|B65H,EP1618057|WO2007083336|US20110309185|WO2010004521|EP2253568|EP2422943,200
EP2675213,EP2675213,2013-12-18,H04W|H04L,,200
EP2676617,EP2676617,2013-12-25,A61B,US4576167|US4646745|US4473077|US5119983|US5005749|US5271543|US6053390|US5588579|US6050472|US7303106|US7168604|US20120150221|US20090173767|EP2153781,200
EP2677030,EP2677030,2013-12-25,C08G|C12N|C08J|C08L,US3519581|US3577358|US4017474|US4237237|US5066790|US5102992|EP0342781|US5153121|US6075064|US5834529|US5972672|US5688835|US5593458|DE19548350|US7129291|US6025452|US6152966|WO2000015684|EP1162222|US20050014919|US20090041692|US8153746|US7794814|US20090253816|US20080139685|US20090264547,200
EP2677071,EP2677071,2013-12-25,F16G|D03D|D10B,JP2005240862|DE102004062725|EP1813835|JP2008291205|EP2006574|JP2009257344,200
EP2677330,EP2677330,2013-12-25,H02S|Y02E,EP1857825|US20090243623|WO2011048122|JP2012119382|KR20120065830,200
EP2677839A1,EP2677839,2013-12-25,H05B,EP1015367|EP1215810|EP2051564|EP2182774|EP2205043|EP2434837|EP2445312,200
EP2677120A1,EP2677120,2013-12-25,F01D|F16D|F05D,EP0921273|EP1273815|FR2938292|US20120263597,200
EP2677142,EP2677142,2013-12-25,F02D|F01L|F02M|Y02T,GB969297|DE3213565|DE3313313|US5329894|US5228423|EP0560126|US5713335|US5666913|JPH1136833A|US6431134|EP1273795|EP1477638|DE10359087|DE102004057438|JP2006153009|US20090235886|EP2136054,200
EP2679083A1,EP2679083,2014-01-01,A01D|G05D,EP2082638|US20110202307|EP2413215|EP2502482,200
EP2679171A1,EP2679171,2014-01-01,A61B,US5752644|US6032849|US6953139|WO2003030743|US20100179540|US20090173767|EP2090254|EP2090253|EP2583630,200
EP2679707A1,EP2679707,2014-01-01,H10H|C30B|H10P,JP2001122693|US20030207125|WO2004105108|US20060091500|EP1788126|EP1900857,200
EP2679172A1,EP2679172,2014-01-01,A61B,US5752644|US6032849|US6953139|WO2003030743|US20100179540|US20090173767|EP2090254|EP2090253|EP2583630,200
EP2679718,EP2679718,2014-01-01,D06F,WO2009098158|US20110173838,200
EP2679812,EP2679812,2014-01-01,H02P|F03D|Y02E,US20110112697|US20110166717|US20120101643,200
EP2644117A1,EP2644117,2013-10-02,A61B|A61L|F04C,US3181708|US5468253|WO1996022055|US6325810|EP1719461|US7380696|US20090120994|EP2090244|EP2305135|US20110278346|EP2517645,200
EP2680117,EP2680117,2014-01-01,H04N|G06F|H04H,,200
EP2679209,EP2679209,2014-01-01,A61F,US3911173|US3848594|US3860003|US3929135|US4342314|US4340706|US4324246|US4463045|US4808178|EP0083022|DE3314019|US4515595|US4710189|EP0149880|US4909803|US4731066|US4573986|US4609518|US4681793|US4629643|US4695278|US4662875|US4699622|US4795454|US4846815|US4842666|US4785996|US4963140|US4894060|US5006394|WO1990015830|US4946527|US5137537|DE4020780|US5486167|US5591152|US5151092|US5221274|US5242436|US5507736|US5499978|EP0530438|EP0543303|EP0547847|EP0559476|WO1993021237|EP0632068|EP0631768|US5833678|US5593399|US6004306|WO1995016746|US5554145|WO1995024173|WO1995034329|EP0691133|US5830202|US5849816|US5968025|US5635191|US5643588|US5580411|US5569234|US5562645|US5609587|US5607760|US5571096|DE19543368|DE19646484|US5865823|US5866242|US6432098|US5938648|WO1999034842|WO1999034841|DE19807502|EP0937736|DE19807992|US6716441|DE19854573|DE19854574|US6329565|US20030105190|US6632504|US6972011|WO2002032962|EP1199327|US6946585|WO2002049565|US6664437|US7112621|US6645569|US6863933|WO2002064877|WO2003031482|US20050159720|US20030148684|US20050008839|DE10204937|WO2003104300|WO2003104299|WO2003104301|US7744576|EP1447066|US7850672|EP1632206|DE10331450|DE10331456|DE10334584|US7786341|DE10355401|US7537832|US7938813|US20060024433|WO2006083584|WO2007046052|WO2007047598|US20070118087|US20100068520|US20090192035|US20090258994|US20080312623|US20080312622|US20080312617|WO2009008788|WO2009155264|WO2009155265|WO2010027719|US20100051166|WO2010141643|US20110250413|US20110268932|WO2011163582|US20110319848,200
EP2680156A1,EP2680156,2014-01-01,H04B|G06F|H04M|H04W,GB2346245|EP2075744|EP2251986|CN202135121,200
EP2680148A1,EP2680148,2014-01-01,G06F,EP1104735|JP2004302708|EP1857936|US20090259885|DE102009005266|JP2011039630,200
EP2680280,EP2680280,2014-01-01,H01F|C22C,JPS6054406A|JPS63217601A|JPS63254702A|EP0481224|JP2000104104|US20020197512|JP2005223263|EP2228808|WO2010071111|US20110227424,200
EP2680081A1,EP2680081,2014-01-01,G03G,US4442193|US4562132|JPH01206349A|US4992349|JPH05279582A|JPH0770038A|US5468583|JPH09151157A|US5795690|JP2003330209|US20070026332|JP2009505156|US20070059619|EP2107424|JP2008299344|EP2180376,200
EP2680628,EP2680628,2014-01-01,H04W,US20090205028|US20110136471|WO2012076425,200
EP2680637,EP2680637,2014-01-01,H04W,EP2341665|GB2465810|EP2525590|CN102196349,200
EP2680247,EP2680247,2014-01-01,G08G|G06T|G06V,,200
EP2680366,EP2680366,2014-01-01,H01Q|H04R,WO2005081583|WO2005123186|EP2065976|US20120093324|WO2012059302,200
EP2682206,EP2682206,2014-01-08,B01D|B01J|B22F|B82Y|F01N,,200
EP2682315,EP2682315,2014-01-08,H04N|B60S|G06T,US6097024|JP2001171491|JP2007053448|US20110073142,200
EP2682215,EP2682215,2014-01-08,B23C|B23F|Y10T,US5593254|US6007766,200
EP2682715,EP2682715,2014-01-08,G06F|G01D|G01K|H02J|Y02D,EP0387025|US5721837|US5502838|US20110307208,200
EP2517645,EP2517645,2012-10-31,A61B|B25C,US3181708|US5285945|US5468253|US6325810|US7380696|US7083075|US7780685,200
EP2682515,EP2682515,2014-01-08,D06F,US3378934|DE8437357|EP2407588|EP2458071,200
EP2682759,EP2682759,2014-01-08,G01Q,JP2005300177|WO2007121208,200
EP2682898,EP2682898,2014-01-08,G06V|G06T,JP2003259358|DE10322087|US20060115121|US20070115357|WO2010038223,200
EP2684752,EP2684752,2014-01-15,B60T,GB1246926|US4115756|FR2402557|WO2003104057|WO2005087563|FR2898334|EP2060456|GB2468378|US20120323460,200
EP2682850A1,EP2682850,2014-01-08,H04M|G06F,EP1253510|US20040212640|EP2068236,200
EP2684676,EP2684676,2014-01-15,H01G|C08J|B29C|B29K|B29L|Y02T|Y10T,,200
EP2684995A1,EP2684995,2014-01-15,D06F,EP1936022|EP2196578,200
EP2685067A1,EP2685067,2014-01-15,F02C|F04D|F05D|Y02T,EP0274341|US4907406|EP1186761|DE102004040183|US20100154434|EP2224114,200
EP2684528,EP2684528,2014-01-15,A61B,US8182494|US20090314821|US20110290854|US20110174099|EP2606834,200
EP2685440,EP2685440,2014-01-15,G08G,EP2040137,200
EP2685641A1,EP2685641,2014-01-15,H04B,US6708004|EP1182806|EP1246377|EP1758279|US20090324249,200
EP2685685A1,EP2685685,2014-01-15,H04L|H04Q,EP1443716|US20090103442|EP2267954,200
EP2685703A1,EP2685703,2014-01-15,H04M|H04W,GB2342536|EP1032224|US6542475|WO2002078368|US6823197|EP1445928|EP1450569|WO2005009018,200
EP2685699A1,EP2685699,2014-01-15,H04B|H04M,USD427171S|EP1209880|GB2383472|GB2391740|EP1496672|US7767405|US6900981|US20050282593|US9780307,200
EP2687503A1,EP2687503,2014-01-22,F16D|C04B|B29C|C08K|C23C|B29K,US5962135|US6537470|US20030111752|US20060046059|US20080128938|US20090236763|EP1731292|EP2088347|EP2322818|EP2527129,200
EP2687180A1,EP2687180,2014-01-22,A61B,US6270497|US20030018331|US20030055417|EP1707143|US20080319442|EP1886637|US20090248007|EP2428177|EP2604210,200
EP2687675,EP2687675,2014-01-22,F02B|F01C|F02C|Y02T,US7775044,200
EP2685373,EP2685373,2014-01-15,G06F|G09G|H04M|Y02D,,200
EP2687569A1,EP2687569,2014-01-22,C09J|C08L|Y10T,JP2832565|JPH093420A|JP3878700|EP0839886|EP0955346|US20010020515|WO2003018702|EP1580245|EP2177584|WO2011046064|EP2489712|EP2330169,200
EP2687720,EP2687720,2014-01-22,F03D|F05B|Y02E|Y02P,,200
EP2688314,EP2688314,2014-01-22,H04R|B33Y,US5734976|US7529565|US20060274747|WO2006133158,200
EP2688291A1,EP2688291,2014-01-22,H04N|G10L,US6762692|EP1207516|EP1513136|US8032383|US20110060592,200
EP2689975A1,EP2689975,2014-01-29,D03D|B60R|D10B|Y10T,GB2357520|WO2001068408|EP2042628|EP2374923,200
EP2690284A1,EP2690284,2014-01-29,F03D|H02K|F05B|Y02E|Y02P|Y10T,DE102004028746|EP1772624|EP2148090|DE102009015926|EP2381560,200
EP2688351,EP2688351,2014-01-22,H04L|H04W|H04B,EP1959702|EP2091289|WO2009121010|EP2326116,200
EP2688080,EP2688080,2014-01-22,B25F|H01C|H01H|H01R,,200
EP2684529,EP2684529,2014-01-15,A61B,US20090314821|WO2009039506,200
EP2690348,EP2690348,2014-01-29,F21S|G02B,,200
EP2690462,EP2690462,2014-01-29,G01S|A61B|G06T,,200
EP2690612A1,EP2690612,2014-01-29,G01C|G08G,US6097996|US6161063|US20020183922|EP2031350|EP2136276|US8073578|US20100145552|EP2362183,200
EP2692936A1,EP2692936,2014-02-05,D06F,EP1441055|JP2004236704|US20080115295|EP2080832|US20110016738|EP2471993,200
EP2692531A1,EP2692531,2014-02-05,B41J,DE19917229|EP1232871|US20030063147|EP1555128|EP1462270|EP1619030|EP1801661|US20070252858|EP2202078,200
EP2692429,EP2692429,2014-02-05,B01J|C10G,,200
EP2692651A1,EP2692651,2014-02-05,B65C|Y10T,WO1996008540|EP1354718|EP1382456|JP2006078733|EP1672606|EP2096036,200
EP2692839A1,EP2692839,2014-02-05,C10L|C10M|C10N,US2466517|US2598213|US2956020|US3172892|US3219666|US3024195|US3202678|US3024237|US3167554|US3087936|US3254025|US3154560|US3216936|US4705643|EP0330522|US5395539|EP2169037|EP2290041,200
EP2693139A1,EP2693139,2014-02-05,F25B,EP1793179|JP2006336936|EP1992888|EP2182306,200
EP2693049,EP2693049,2014-02-05,F03D|F05B|Y02E,,200
EP2693269A1,EP2693269,2014-02-05,G01T|A61B|G03B|H10F,WO1994010605|EP0943931|US20060227937|JP2006293368|JP2012123005|EP2302451|EP2362240,200
EP2693438A1,EP2693438,2014-02-05,G11B|H04N|G06F,EP1553769|EP1672637|US20060140091|EP1596291|WO2006009305|US20060156386|EP1764799|EP1696321|US20110299830,200
EP2690495,EP2690495,2014-01-29,B41C|G03F,GB434875|US2714066|US2833827|US3276868|US3181461|US3280734|US3458311|US4153461|US3881924|JPS5549729B2|US3902734|US4069055|US4069056|DE2904626|US4283475|JPS5747697A|US4327169|JPS57142645A|JPS5817036A|JPS58112792A|JPS58112793A|JPS58125246A|JPS58173696A|JPS58181051A|JPS58181690A|JPS58194595A|JPS58220143A|JPS58224793A|JPS5941363A|JPS5948187A|EP0104143|JPS5973996A|JPS5984249A|JPS5984248A|JPS5984356A|JPS59146063A|JPS59146061A|JPS59216146A|JPS6063744A|JPS6052940A|JPS6078787A|US4689272|JPS6117573A|JPS61166544A|JPH0519702B2|JPH0513514B2|US4756993|DE3604580|EP0233567|US4734444|DE3604581|US4760013|JPS63251278A|EP0297442|EP0297443|US4933377|EP0370693|JPH02150848A|US5156938|EP0390214|JPH04365049A|JPH06340821A|JPH07165762A|JPH08108621A|JPH09123387A|JPH09131850A|JPH09171249A|JPH09171250A|EP0931647|JPH11277927A|JP2000335129|JP2001277740|JP2001277742|JP2001253181|JP2001261326|JP2001322365|JP2002287334|US20030064318|JP2002328465|JP2003191657|JP2004262135|JP2004262136|JP2004277270|JP2005119273|JP2005250216|JP2005329708|JP2006091479|JP2006297907|JP2006248832|JP2006259137|JP2006256885|JP2007050660|JP2007090850|JP2007276454|JP2008015503|JP2008000938|JP2008089916|JP2008139813|JP2008195018|JP2008284817|JP2008284858|US20080311520|JP2009208458|JP2009090645|JP2010280512|JP2009107863|JP2009154525|JP2009190909|EP2165828,200
EP2693560,EP2693560,2014-02-05,H01P,JP2007208350|US20110080856,200
EP2693575A1,EP2693575,2014-02-05,H01R|Y10T,EP0509454|US5873752|EP1684388|US20080274636,200
EP2693416,EP2693416,2014-02-05,G08G|G06V,US8184857|JP2011081613,200
EP2693331,EP2693331,2014-02-05,G06F|G09G|G02F,US20080231544,200
EP2693676A1,EP2693676,2014-02-05,H04L|H04W|Y02D,EP1009184|WO2004100598|EP1545040|EP1557968,200
EP2693717A1,EP2693717,2014-02-05,H04L,EP0909072|US20090182867|US6857018|EP1304849|US7139837|US20040095936|US8005945|US20100195653|US20110102157,200
EP2693784,EP2693784,2014-02-05,H04W,US20100311404|EP2453633,200
EP2693766A1,EP2693766,2014-02-05,H04N|G06F,WO1999010798|US6249284|EP1111497|EP1727030|EP1883921|EP2028587|US20100031176,200
EP2693725,EP2693725,2014-02-05,G06F|H04M,US7568011,200
EP2695717A1,EP2695717,2014-02-12,B29C|G06F|H05K|B29K|B29L|Y10T,US4582388|DE19719436|US20050057902|EP1672972|EP1677583|JP2011126236|EP2366526|JP2012011691|DE102011117985,200
EP2696168A1,EP2696168,2014-02-12,G06T|G01C,US6038074|EP1744122|EP2309225|EP2154542,200
EP2695920,EP2695920,2014-02-12,C09D|B41J|C09B,JP2004083903|WO2005075573|EP1619224|JP2007039680|WO2008053776|JP2011213845|EP2423279|US20120075393,200
EP2695810,EP2695810,2014-02-12,B64C|Y02T,EP0215211|WO2000029286|EP1052168|EP1321359|DE10313728|DE102010047540,200
EP2696271,EP2696271,2014-02-12,G06F|H04N|G09G,US5805165|US20070273664|EP2194449,200
EP2696244,EP2696244,2014-02-12,G03G,JP2738734|EP0580135|US20070048650|WO2010016605|EP2233980|JP2011013676,200
EP2696171,EP2696171,2014-02-12,G01W|G01C|G08G,,200
EP2698918A1,EP2698918,2014-02-19,H03F,WO1997020385|EP1583228|WO2004017512|WO2007078217|WO2007142414|WO2008013481|JP2009165037|EP2362541|EP2383883,200
EP2699010A1,EP2699010,2014-02-19,H04N,EP1821529|US20080201225|US20100161619|EP2262236,200
EP2700815A1,EP2700815,2014-02-26,F03D|F05B|Y02E,EP2166226|EP2309122|WO2012041327,200
EP2696513A1,EP2696513,2014-02-12,H04J|H04B,EP1276251|EP1995979|US20110310827,200
EP2701409,EP2701409,2014-02-26,H04L|H04W,,200
EP2700521,EP2700521,2014-02-26,B60J,,200
EP2698686,EP2698686,2014-02-19,G06F|A61B|G09G,,200
EP2701165,EP2701165,2014-02-26,H01G|B29C|B32B|C08J|B29K|B82Y|Y02T|Y10S|Y10T,,200
EP2701250,EP2701250,2014-02-26,H01S|G01C,,200
EP2701461,EP2701461,2014-02-26,H05B,DE102005018795|WO2008023341|WO2010011971|WO2012007798|US20120112638,200
EP2703025,EP2703025,2014-03-05,A61M|F16J,US2895773|EP0879611|JPH10314305A|JP2004525011|EP1547633|WO2011080543|WO2012101669,200
EP2702946,EP2702946,2014-03-05,G01S|A61B,US20090299184|US20100106017|WO2010100868|US20110306884|WO2012035723,200
EP2704078,EP2704078,2014-03-05,G06Q|G06F|G07F,US7121460|WO2008131133|US20080208758,200
EP2703463A1,EP2703463,2014-03-05,C09J|C08F|C08K,JPS58125776A|EP2204426|WO2011065341|EP2505628|EP2452990|WO2012063935|EP2639259,200
EP2703265,EP2703265,2014-03-05,B62K|B62J,EP0602590|JP4216965|EP2302716,200
EP2703272A1,EP2703272,2014-03-05,B60R|B60L|B62K|H01M|Y02E|Y02T,EP1961648|JP4875053|EP2223849,200
EP2704236,EP2704236,2014-03-05,H01M|C01G|C01P|Y02E,,200
EP2704255,EP2704255,2014-03-05,H01Q,JPH11355022A|JP2003008321|US20100123632,200
EP2704377,EP2704377,2014-03-05,H04N|H04L|H04W|H04M,US20100304788,200
EP2704378A1,EP2704378,2014-03-05,H04L,EP1619917|US8014273|EP2182686,200
EP2704424A1,EP2704424,2014-03-05,H04N,EP0102030|US6778210|US20060045510|US7386228|EP1689170|US20070035630|EP1784008|US20070229699|US20090244318|US20100053346|EP2387229,200
EP2705798,EP2705798,2014-03-12,A61B|G01S|H04N,JPH0417842A|US5355887|US5515856|JPH11327A|US20010048440|US20080009734|JP2012143332,200
EP2706220,EP2706220,2014-03-12,F16K|F02M,EP1818584|EP2444651,200
EP2704481,EP2704481,2014-03-05,H04W|H04L|H04B,,200
EP2706195A1,EP2706195,2014-03-12,F01D|F05D|Y10T,US2873944|US4252501|EP0182588|US5259730|US5207556|US5516260|EP1674660|EP2492442,200
EP2706295,EP2706295,2014-03-12,F23R|F23D,EP0278699|JPH0586902A|JP2000130757|JP2005241178,200
EP2706386,EP2706386,2014-03-12,B64D|G01W|G01C|G08G,,200
EP2706399A1,EP2706399,2014-03-12,G02F,EP1422601|EP1455264|US20070268243,200
EP2706364A1,EP2706364,2014-03-12,G01R|H04Q,US5117323|EP2116854|WO2011069548|EP2393220,200
EP2706697A1,EP2706697,2014-03-12,H04L,EP1843488|WO2008038895|EP2391045,200
EP2703167,EP2703167,2014-03-05,B41J,JP2008254395,200
EP2708853,EP2708853,2014-03-19,G01C|G08G|B64U|B64C|B64D,US20040217883|US20060087452|EP1906151|DE102009060901|US20120004793,200
EP2708812,EP2708812,2014-03-19,B01J|C01B|F23C|F27D,DE10333854|US20070128091|US20070099141|US20120126177|EP2369229,200
EP2644123A1,EP2644123,2013-10-02,A61B|A61L|F04C|Y10T,US3181708|US5468253|US6325810|US6273897|US7380696|WO2006023578|EP1815804|US20100076489|EP2008595|EP2305135|EP2389928|EP2481359|WO2013043717,200
EP2708364A1,EP2708364,2014-03-19,B41J|H04N,US20090262158|US20100238220|EP2308683|EP2422984|JP2012071474,200
EP2708951A1,EP2708951,2014-03-19,G03G,JPH0772733A|JPH0792813A|JPH07128983A|JPH09251237A|JP3356948|JPH1165247A|JPH11231652A|JP2004077568|JP2005157002|EP1757993|JP2009020145|JP2009175666|JP2009205149|US20090246675|EP2416220|US20110008724|JP2011112960|JP2011150253|JP2011158830|JP2011164225|EP2402820|JP2012058344|JP2012083781,200
EP2709350A1,EP2709350,2014-03-19,H04N|G06T|G08B,US6301440|EP1876828|US8111942|EP2154630,200
EP2711457,EP2711457,2014-03-26,D21F,EP0576115|JPH0657678A|US20070074836|EP2581493,200
EP2711867,EP2711867,2014-03-26,G06V,,200
EP2710874,EP2710874,2014-03-26,A01D,JPS6363306A|JPH09187139A|EP1321021|US20030145572|JP2009050222|WO2012030325,200
EP2709299,EP2709299,2014-03-19,H04W|H04L|H04J,,200
EP2710960,EP2710960,2014-03-26,A61B|G01S|G06F|G06T|G16H,US5482045|US6468212|US20040015079|WO2010051587|US20100145195,200
EP2711628,EP2711628,2014-03-26,F23R|F23D,JP2003148734|WO2009005516|EP1985926|EP2236936,200
EP2711188A1,EP2711188,2014-03-26,B41J|H04N,EP1681168|US6390583|JP2006076086|JP2007160748|JP2011201121|EP2465687,200
EP2712151,EP2712151,2014-03-26,G06F|H04M|H04W|Y02D,,200
EP2712283A1,EP2712283,2014-03-26,F21V|H01R|H05K|F21S|F21Y|H10W|Y02P,US20070247847|US20080057799|US20090029567|US20090045933|US20100053929|EP2295844|US20110090691|EP2397752|EP2413021,200
EP2711901A1,EP2711901,2014-03-26,G07D|H04N,US6970235|EP1785951|US20090310126|EP2256698|US20120218611,200
EP2713282,EP2713282,2014-04-02,H04W|H04M|G06F,,200
EP2713003,EP2713003,2014-04-02,E21B,US4258796|US5040827|WO1996030627|WO2000065193|WO2002079603|US20050173154|WO2011129760,200
EP2713474,EP2713474,2014-04-02,B25F|H02J,JP2011201006,200
EP2713534,EP2713534,2014-04-02,H04H,JPH08130488A|US7061542|JP2007295468|US20110205443|US20110306313,200
EP2712641A1,EP2712641,2014-04-02,A61M,US20020077599|WO2006108809|US20080208139|WO2008022476|WO2009016638|EP2327433|EP2457604,200
EP2713169,EP2713169,2014-04-02,G01C|G01P,US20040211258|US20100089157|IT1395419,200
EP2716317A1,EP2716317,2014-04-09,A61M,US4349712|GB2461088|EP2361647|WO2011010467|EP2301468,200
EP2716248A1,EP2716248,2014-04-09,A61B,US6275786|EP2085044|EP2103269,200
EP2716875,EP2716875,2014-04-09,F01D|F16J|F05D,,200
EP2717124A1,EP2717124,2014-04-09,G06F,WO1999022338|EP2172834|EP2390762,200
EP2716982,EP2716982,2014-04-09,F24F,JPH10259932A,200
EP2713298,EP2713298,2014-04-02,G09G|H04B|G06F|G06V|H04M,US20070280515|US20090083847|US20120081282|US20100232653|US20120046077,200
EP2716477,EP2716477,2014-04-09,B60C,US20060137791|EP2193935|EP2468535|EP2660078,200
EP2717124A9,EP2717124,2014-10-08,G06F,,200
EP2717232A1,EP2717232,2014-04-09,G07C|G07B,DE4335316|US20050060070|EP1333404|US20070250231|EP2360059|EP2498225,200
EP2717136A1,EP2717136,2014-04-09,G06F|G01R,US4495485|EP0093565|US4894620|US20020030666|EP1548409|US7375535|WO2007135663|EP1978642|US20100156839|US20100315363|US20110227865,200
EP2717401,EP2717401,2014-04-09,H02G|H02B|Y10T,GB532067|US20080271803,200
EP2719273A1,EP2719273,2014-04-16,A01G,EP0853873|EP1377153|WO2006087900|EP2044832|WO2010056109|EP2454933,200
EP2717236A1,EP2717236,2014-04-09,G07D|G02B,US6819409|EP1139015|US20020041349|US20040218114|EP1452908|WO2004013817,200
EP2717652A1,EP2717652,2014-04-09,H05B|Y02B,US5977530|JP2000058252|US20040074900|EP1954098|EP2023690,200
EP2717590,EP2717590,2014-04-09,G09G|H04N,US20120198572|US20120218470|WO2012120524,200
EP2719369A1,EP2719369,2014-04-16,A61C|A61K|C04B,DE19619165|EP1486476|US20080303181|EP2025659|EP2505163|WO2013070451|WO2013130553,200
EP2719770,EP2719770,2014-04-16,C12Q,WO2003029924|US7363168|US7788039|EP1798652|US8239137|US8005628,200
EP2720136,EP2720136,2014-04-16,G06K|G06F,,200
EP2719815,EP2719815,2014-04-16,D06F,US4503575|US6349440|WO2006094219,200
EP2720286A1,EP2720286,2014-04-16,H01M|Y02E,FR1218634|EP2058877|US20090246621|EP2405508,200
EP2719339A1,EP2719339,2014-04-16,A61B|H01B,US5074863|US5176142|WO2009039506|EP2316366|US20110174099|EP2446835,200
EP2720444,EP2720444,2014-04-16,H04M|H04W|H04L,US20020129268|US20050221798|US20060009196|US20080273684|EP2378748,200
EP2720387A1,EP2720387,2014-04-16,H04B,US6708004|EP1182806|EP1246377|EP1758279|US20090324249,200
EP2722232A1,EP2722232,2014-04-23,B60R|H04B,JP2000040882|JP2000076838|EP1283132|JP2005206007|JP4242788|EP2181897,200
EP2722744A1,EP2722744,2014-04-23,G06F,US20080316183|EP2045700|EP2306711|WO2012039985|US20120216152,200
EP2720474,EP2720474,2014-04-16,H04N,US20030188313|WO2001058158|WO2004054259,200
EP2722131A1,EP2722131,2014-04-23,B25B,EP1050381|US6431289|EP1762343,200
EP2722614A1,EP2722614,2014-04-23,F25B|F24D|Y02B,JPH109683A|EP1396689|EP1914485|EP2244038|FR2937410|JP2010181088|EP2479519,200
EP2722781A1,EP2722781,2014-04-23,H04L|G06F|H04N,JP2003069923|US20030221011|EP1501016|EP2296349,200
EP2722842A1,EP2722842,2014-04-23,G09G,US20060022899|US20070176861|EP1895496|EP2151814|US20110115832|US20120256936,200
EP2722850A1,EP2722850,2014-04-23,G09G|G11B|G06F|H04N,US20060064716|US20020089516|EP1355270|US20090244320|US20090208118|US20100128986|EP2405437,200
EP2722855A1,EP2722855,2014-04-23,H02K|H01F|F03D|Y02E,JP2002153036|EP1830451|EP2131478,200
EP2722266A1,EP2722266,2014-04-23,F16H|B62M|B62J,EP1447317|EP1568589|EP1693294|EP1752373|EP1757517|EP1818253|EP2112060|EP2399813,200
EP2722832,EP2722832,2014-04-23,G08B|H04W,US5929779|WO2001037004|JP2008503826,200
EP2724793,EP2724793,2014-04-30,B08B|B05B,DE1625240|DE4335368|DE9403641|DE4430293|EP1728565,200
EP2723010A1,EP2723010,2014-04-23,H04L,EP0938207|US20030210668|US20040081123|EP1458128|EP1465369|EP1928130|WO2008073102|US20100083067|EP1976175|WO2008127164|WO2009106395|EP2178239|US20100223524|US20120051305|EP2285033|WO2011028583|US20110206065|EP2403174|EP2458767,200
EP2724805A1,EP2724805,2014-04-30,B23H|C23C|C25D|B21C,US4686153|EP0526361|EP0930131|KR100518733|KR100518727|KR100518731|US20080061038|US20080179296|EP2067560|EP2517817,200
EP2724769A1,EP2724769,2014-04-30,B01D|F01N|F23C|Y02C,US4336035|EP0162536|WO2005007274|EP1790614|WO2009132661|EP2404655|EP2404656|US20120129113|EP2457637|EP2481471|WO2012107953|US20130319040,200
EP2725850,EP2725850,2014-04-30,H04W|G06K|G06V,,200
EP2725875A1,EP2725875,2014-04-30,H05B|Y02B,EP1689212|EP2214457|EP2257130|EP2257129|EP2164300|WO2011065047|US20130127356,200
EP2725474,EP2725474,2014-04-30,G06F|G09G|Y02D,,200
EP2727572A1,EP2727572,2014-05-07,A61H,EP2359785|EP2444041,200
EP2727458A1,EP2727458,2014-05-07,A01G|Y02P,US20100259190|WO2010053341|JP2012070642|EP2468090|US20120218750|EP2500951,200
EP2728063A1,EP2728063,2014-05-07,D06F,EP1666660|WO2008063420|DE202006021080|EP2037032|EP2063011|EP2312049|US20120096902|EP2487290,200
EP2727682A1,EP2727682,2014-05-07,F16H|B23P|B67B,CH586583|GB2129409|EP0292056|DE3938353|DE4113629|JPH05332416A|US5647245|US20020148299|EP1338372|WO2005007556|DE10354395|US20100218647|DE102007057857|WO2011137882,200
EP2724674,EP2724674,2014-04-30,A61B|G05B,US5071052|US5413267|US5397046|US5415335|US5715988|US5718359|US6109500,200
EP2728117A1,EP2728117,2014-05-07,F01D|F05D,EP1059419|EP1298285|EP1422383|EP1445424|US20040179940|US20040197190|EP1762701|US7473073|EP2469030|WO2013180797,200
EP2727855A1,EP2727855,2014-05-07,B29C|B65D,US4702377|WO1996001179|EP0844064|EP1541303|JP2004299748|EP1707498|GB2450366,200
EP2728141,EP2728141,2014-05-07,F01D|F02C|F05D|Y02T,,200
EP2728560A1,EP2728560,2014-05-07,A61J|G07F|B65B,JPH02162794A|EP1701313|EP1700592|EP2168877|US20110172815|EP2500878,200
EP2728452,EP2728452,2014-05-07,H04N|G06F|G06T,WO2012011263|US20130063345,200
EP2728633,EP2728633,2014-05-07,H10H|H10W|H10P,,200
EP2728615,EP2728615,2014-05-07,H10D|H10W,,200
EP2728941A1,EP2728941,2014-05-07,H04W,EP1078541|EP1944997|US20110014892|EP2334120,200
EP2728437,EP2728437,2014-05-07,G06F,,200
EP2728914A1,EP2728914,2014-05-07,H04L|H04W,US20030083046|EP1587332|US20070281689|US20080031203|WO2010038139|EP2242235|US20100317392|US20120221639,200
EP2730244A1,EP2730244,2014-05-14,A61B|F04C,US6716234|US7892256|US20110144699|EP1743586|EP1764053|US8298284|US20070270853|US20080140127|US8439976|US8460379,200
EP2730359,EP2730359,2014-05-14,B23C|Y10T,,200
EP2730669A1,EP2730669,2014-05-14,C22C|F01D|F05D,EP1201778|US6593540|US20050238526|US20050224144|EP1930455|EP2110449,200
EP2731003,EP2731003,2014-05-14,G06F|H04B,,200
EP2731194,EP2731194,2014-05-14,H01Q,US20110001673|US20120157175|EP2498336,200
EP2733173A1,EP2733173,2014-05-21,C08L|C08F,EP1291365|EP1195391|EP1939230|EP2220133,200
EP2732989A1,EP2732989,2014-05-21,B60C|Y10T,EP2455239|EP2607109,200
EP2730236A1,EP2730236,2014-05-14,A61B,US20090134200|EP2236099|US20110215132|US20120074199|EP2311386|EP2462880,200
EP2728647,EP2728647,2014-05-07,H01G|H01M|B23K|Y02E|Y02P|Y10T,,200
EP2732772,EP2732772,2014-05-21,A61B,US4892244|US5752644|EP0754433|US6953139|US7407075|US20120138660|WO2008039238|US20080255607|EP2165654|EP2253280|CA2773414|EP2586382,200
EP2732938,EP2732938,2014-05-21,B25J|Y10S|Y10T,JP2011094749,200
EP2733531A1,EP2733531,2014-05-21,H04N|G06T,EP0856813|US6148103|EP1865711|EP1919209|US7835588|US20100265342,200
EP2733253A1,EP2733253,2014-05-21,D06F,DE4409607|DE19853234|EP1884586|EP2058427|EP2212463|EP2460927,200
EP2730500,EP2730500,2014-05-14,B64C|Y02T,,200
EP2733254A1,EP2733254,2014-05-21,D06F|Y02B,EP2212463|EP2224052|EP2333149|EP2460928,200
EP2733907A1,EP2733907,2014-05-21,H04L,WO2008019056|EP2302863|EP2209283,200
EP2733946A1,EP2733946,2014-05-21,H04N,US20070253680|WO2010064853|EP2384008|US20110285818|EP2519011|EP2405666|US20120249872,200
EP2733785,EP2733785,2014-05-21,H01Q,US20050184921|US20060044195|US20120169550|WO2011101851|WO2013028317,200
EP2733738,EP2733738,2014-05-21,H10W|H04B|H05K|H10D,,200
EP2733917,EP2733917,2014-05-21,G06K|G03G|H04N,JP2000101836|US6603566|JP2004266401|US20070097439|US20110279833|US20110299102|JP2011254350|US20120051768,200
EP2733990A1,EP2733990,2014-05-21,H04W|H04L,WO1999052304|EP1006740|EP1077539,200
EP2734002A1,EP2734002,2014-05-21,H04W|H04L,EP2265049|WO2009002243|US20090310589|WO2010118382|US20110195741|EP2378672,200
EP2735507,EP2735507,2014-05-28,B64D|B64C,US3362255|US5271295|DE202008002249|US20110121127|US20120025032,200
EP2735717,EP2735717,2014-05-28,F02B|F02M|Y02T,,200
EP2735731A1,EP2735731,2014-05-28,F03D|F05B|Y02E|Y02P,EP2182203|EP2444657|EP2497942,200
EP2736099A1,EP2736099,2014-05-28,H01M|Y02E|Y02P,JPH10261428A|EP2330661|EP2410594|EP2439807|US20120237809,200
EP2735994A1,EP2735994,2014-05-28,H04B|G06K,US5371760|EP1394720|EP1533624|EP1840789,200
EP2735495,EP2735495,2014-05-28,B62D,JP2000103349|JP2003170856|JP2003291834,200
EP2735634A1,EP2735634,2014-05-28,D06F|G01R|G01V,EP1959045|WO2009132936|DE102009030329|EP2251481|DE102009027876,200
EP2735907A1,EP2735907,2014-05-28,G03G,EP1223474|EP1396762|EP2287673,200
EP2736102A1,EP2736102,2014-05-28,H01M|Y02E|Y02P|Y02T,US20060051662|US20060008701|WO2009011517|EP2228852|EP2348562|CN202434660,200
EP2736305,EP2736305,2014-05-28,H05B,,200
EP2737930,EP2737930,2014-06-04,A63C,WO1979000311|CH626260|US4322090|DE202010006102|EP2392388,200
EP2738576A1,EP2738576,2014-06-04,G01V|B63B,US6011753|WO2000055649|WO2003100451|US20060227658|EP2166381|EP2343575,200
EP2738373A1,EP2738373,2014-06-04,F02C|F05D,US4380898|EP0727574|EP1387073|EP1788309|US20070203669|US20090192698|US20120079831|EP2450551,200
EP2738374A1,EP2738374,2014-06-04,F02C|F05D,US6490867|EP1788309|US7565805|US20070203669|US7854110|US7950216|US20090071118|US20100275609|US20120079831|EP2450551,200
EP2738786A1,EP2738786,2014-06-04,H01J|G01N,EP1628321|EP2063449|EP2309459,200
EP2738959A1,EP2738959,2014-06-04,H04B,EP2270967|EP2393220|EP2393222,200
EP2738653,EP2738653,2014-06-04,G06F,KR20120018059,200
EP2738614A1,EP2738614,2014-06-04,G03G,EP1223474|EP2287673|US20100178606,200
EP2739050,EP2739050,2014-06-04,B60R|G06T|G06V,,200
EP2739003,EP2739003,2014-06-04,H04L,US20040064738|WO2009039434,200
EP2740409A1,EP2740409,2014-06-11,A61B,US20100030079|EP2208467|EP2524652|US20120245465,200
EP2739101A1,EP2739101,2014-06-04,H04W,WO1993023965|US5875400|EP1534031|EP1434398|EP1643792|EP1838122,200
EP2738930,EP2738930,2014-06-04,B60L|H02M|H05K|H10W|Y02T,,200
EP2740354A1,EP2740354,2014-06-11,A01K|F16F,GB1348283|JPH0610226Y2|JPH11299399A|JP2002039243|JP2004290112|EP1472929|EP2260700|JP2012205517,200
EP2740666A1,EP2740666,2014-06-11,B64D|B01D|Y02C,DE4335152|US5516330|US6093238|US5791982|EP1273515|EP1721653|US20100101251|DE102008053320|DE102010054448|WO2012079756,200
EP2740833,EP2740833,2014-06-11,D06F,US20060265899|DE102006030024|CN201021473|US20070075614|US20090320371|DE202009005678|EP2161364,200
EP2741580A1,EP2741580,2014-06-11,H05B|G05F|H10W,EP2498582|EP2387291|EP2403319|EP2482615|EP2493268,200
EP2741182A1,EP2741182,2014-06-11,G06F|G02F|G09G,US20090289919|US20110102360|US20110298727|EP2477100|EP2503435,200
EP2741077A1,EP2741077,2014-06-11,G01N|F01N|G01M,EP1046906|JP2000304719|EP1471346|US20080028831|JP2008164411|EP2287598|EP2333534|EP2388578,200
EP2742868,EP2742868,2014-06-18,G05F|G06F|A61B|G01S|F04C,US6063030|JPH10248843A|US20020087218|US20090043195|EP1929952|EP2710960,200
EP2743095A1,EP2743095,2014-06-18,B60B|B62K|B60Y,EP2412543|EP2322357|EP2524817,200
EP2743060A1,EP2743060,2014-06-18,B29C|B65B|B29L,GB1216743|EP0967151|EP2283993|EP2447042,200
EP2742888A1,EP2742888,2014-06-18,G01R|A61B,US20040178875|US20070063664|WO2010007017|EP2407116|EP2510895,200
EP2743059A1,EP2743059,2014-06-18,B29C|B65B|B29K|B29L|F15B|Y10T,GB1216743|EP0967151|EP2447042,200
EP2743615A1,EP2743615,2014-06-18,F25D|F25B|Y02B,EP0031945|DE19743073|EP1591736|EP1619456,200
EP2742872,EP2742872,2014-06-18,A61B,US5915616|US5908427|US5964774|US6045560|US5542594|US5766188|WO1997001989|US7128253|US5964394|US6241139|US6330965|EP1064883|EP1256318|US7334717|US20060085034|US20060135992|EP2090252|EP2462880|US20130123816,200
EP2743369,EP2743369,2014-06-18,C23C|F01D|B05D|B32B,WO1999043861|EP1327702|EP1380672|EP1411148|GB2421032|US20080160269|EP1939315|EP2045361,200
EP2743669,EP2743669,2014-06-18,G01R|G01M,US6338029,200
EP2743798,EP2743798,2014-06-18,G06F,JP2000207114|US20050243072|WO2007049253|US20120013530|US20120154340,200
EP2743118,EP2743118,2014-06-18,G06Q|A61B|G06N|B60K|B60W|G07C,US20120209634|US20120089423|US20060053038|US20080319602|US20090024419|DE102011084552,200
EP2744224,EP2744224,2014-06-18,H04R|A61B,US6330339|US20100160714|US20100196861,200
EP2743821A1,EP2743821,2014-06-18,G06F,US7103740|EP1717688|US20100217612|EP2354919|EP2405354,200
EP2741328A1,EP2741328,2014-06-11,H05K|H10H|H10W|F21Y,EP2315284|EP2360417|WO2011109088|US20110279015|EP2390917,200
EP2744021A1,EP2744021,2014-06-18,H01M|C01G|C01P|Y02E,US20090155691|EP2357693|KR20110113241|US20120070725|EP2648250,200
EP2743818,EP2743818,2014-06-18,G06F,US20100235733,200
EP2746108,EP2746108,2014-06-25,B60R|F16M,CH555756|US3920167|JPS59155247U|EP2380777,200
EP2744216,EP2744216,2014-06-18,H04L|G06F|H04N,,200
EP2746295A1,EP2746295,2014-06-25,C08L,EP1358266|EP1659151|EP1801156|EP2075284|EP2174980|WO2011084468|EP2338656|US20110207883|EP2431416|EP2452957,200
EP2745687A1,EP2745687,2014-06-25,A01K,JP2004129571|EP1461999|EP1508275|US20080149750,200
EP2743824,EP2743824,2014-06-18,G06F|B41J|G06K|H04N,JP2011009980,200
EP2746300,EP2746300,2014-06-25,C08F,EP0183538|US4647635|US5055535|WO1992012182|US5391654|EP0713886|WO1996018662|EP0856013|EP0926165|WO2000008074|WO2000008073|WO2000026258|WO2000058374|WO2001055230|WO2003000757|WO2003000754|WO2004029112|EP1415999|EP1489110|US20050176900|EP1780225|EP1862480|EP1862481|WO2011157742|EP2415790|EP2495266,200
EP2746306,EP2746306,2014-06-25,C08F,EP0183538|US5055535|WO1992012182|US5391654|EP0688794|EP0835887|WO1996018662|WO1999051646|WO2000044795|WO2000058374|WO2001055230|WO2004055068|EP1780225|EP2246368|WO2011087841|WO2011157742|EP2495266|EP2610273,200
EP2746550A1,EP2746550,2014-06-25,F01N|F02D|Y02T,EP1903200|EP2128392|WO2011087431,200
EP2746322A1,EP2746322,2014-06-25,H10F|C08G|C08J|C09D|Y02E,US20090151774|EP1938967|WO2007072826|EP2309551|US20100120946|US20100120947|EP2369637|EP2416381|EP2426729|EP2479026|EP2524802|US20120298196|WO2011118844|JP2011222575|US20110284075|US20110306747|WO2012120260,200
EP2746575,EP2746575,2014-06-25,F03D|F05B|Y02E,,200
EP2746774A1,EP2746774,2014-06-25,G01N,US7141213|EP1873531|GB2440269|US20080044311|US20090220379|US20110293475|EP2495571,200
EP2747314,EP2747314,2014-06-25,H04R|H04H,EP1227608|US20020115418|EP2355381,200
EP2746780,EP2746780,2014-06-25,G01P,GB2251693|US6109114|US5583290|US20020189355|US6966225,200
EP2746381,EP2746381,2014-06-25,C11D|B65B,US3880765|US4246612|US4810410|US4765916|US4972017|US5114611|EP0458397|EP0458398|US5227084|WO1994022800|WO1995001416|US5856164|WO1995029982|WO1996023873|WO1997000324|US6093562|WO1999006521|WO1999023211|EP1022334|WO2001061099|WO2001083667|WO2002008380|US7153818|WO2002042401|WO2002102955|WO2004111178|WO2004108876|WO2006002643|WO2008010925|WO2009095645|WO2011076769|WO2011133483|US20120225450,200
EP2747192A1,EP2747192,2014-06-25,H01P,US4185252|US6326865|US20070063794|EP1906484|EP1962367,200
EP2747370,EP2747370,2014-06-25,H04L|H04B|H04W,EP1513288|US20080222711,200
EP2747445A1,EP2747445,2014-06-25,H04N,US20030112974|US20040098603|US20100040228|US20100128871|EP1968316|US20100208891|EP2204979|EP2391125|WO2012143880,200
EP2747446A1,EP2747446,2014-06-25,H04N,US20030112974|US20040098603|US20100040228|US20100128871|EP1968316|US20100208891|EP2204979|EP2391125|WO2012143880,200
EP2749352,EP2749352,2014-07-02,B01J|B01D|F01N,,200
EP2747499A1,EP2747499,2014-06-25,H04W|H04L,EP1798947|US20070285390|EP1903748,200
EP2747375,EP2747375,2014-06-25,H04L|H04W,US8407759|US20130254519,200
EP2750091A1,EP2750091,2014-07-02,G06Q|H04W|H04M,EP2197167|US20120030121|EP2378748,200
EP2749240,EP2749240,2014-07-02,A61B|A61M,,200
EP2749517A1,EP2749517,2014-07-02,B65H,GB2083090|EP2366817|EP2213773,200
EP2750096A1,EP2750096,2014-07-02,G06Q|G06K|G09G|H04L,US7073081|US7152040|EP2036462|WO2010004349|EP2372619|US20120161932,200
EP2749392A1,EP2749392,2014-07-02,B29C,US6379141|US20010010172|EP1147874|EP1205291|US20050082708|DE102010034451|US20110177187,200
EP2749682,EP2749682,2014-07-02,D06F|Y02B,DE4216106|EP1217849|US20090223077|EP2096203|EP2206824|EP2224049|EP2471434,200
EP2750160,EP2750160,2014-07-02,G03F|H01J,,200
EP2752155A1,EP2752155,2014-07-09,G06F|A61B,EP1371326|EP1437576|US20040171956|WO2008020376|JP4840147,200
EP2750425,EP2750425,2014-07-02,H04W|G06F|H04L,US20060251256|EP2448134|US20120156993,200
EP2752473,EP2752473,2014-07-09,F24F|H02S|H10F|C09J|Y02E,,200
EP2752571,EP2752571,2014-07-09,F02D|F01L|F02M|Y02T,GB969297|DE3213565|DE3313313|US5228423|EP0560126|US5713335|US5666913|JPH1136833A|US6431134|EP1273795|EP1477638|DE10359087|DE102004057438|JP2006153009|US20090235886|EP2136054,200
EP2752674A1,EP2752674,2014-07-09,G01R|H02H|Y04S,EP1195875|EP1331715|US20080211511|WO2011029464,200
EP2752766A1,EP2752766,2014-07-09,G06F,EP2034405|EP2469813|US20120198480,200
EP2752153A1,EP2752153,2014-07-09,A61B|A61M,US5391199|US5443489|US5480422|US5546951|US5568809|WO1995002995|US5558091|WO1996005758|US5980517|WO1997024983|WO1998029033|US6024739|US6064905|EP1484011|US20080319436|EP2641556,200
EP2753011A1,EP2753011,2014-07-09,H04B|H04J,US20020057477|EP1322046|EP1598960,200
EP2753011A9,EP2753011,2014-09-03,H04B|H04J,,200
EP2753086,EP2753086,2014-07-09,G06T|G09G|H04N,,200
EP2754746A1,EP2754746,2014-07-16,D06F|B29C,WO2002034994|EP1386994|DE202009005678|EP2302127|DE102009047595,200
EP2755411,EP2755411,2014-07-16,H04W|H04M,US20050096084|US20120208462,200
EP2752615,EP2752615,2014-07-09,B60Q|F21V|F21S|F21Y,,200
EP2755148,EP2755148,2014-07-16,G06F,US20100185643|EP2420944,200
EP2757128A1,EP2757128,2014-07-23,C09J|B60C|C08L|B29D|Y10T,US3342238|US3421565|US3514423|US3335041|US4474908|EP0104812|US4463120|US4539365|US5780538|US6127468|US6573324|KR20040018006|JP2006241346|JP2006265391|EP2213477|EP2457741|US8143338|EP2463333,200
EP2757251A1,EP2757251,2014-07-23,F03D|F05B|Y02E,EP1612414|US20070057517|EP2177754|EP2481916,200
EP2757252A1,EP2757252,2014-07-23,F03D|Y02E,WO2008006020|EP2253838|EP2292928|GB2479415|EP2479426,200
EP2757470A1,EP2757470,2014-07-23,G06F|H04N|Y02D,EP2299677|EP2302520,200
EP2757146,EP2757146,2014-07-23,C11D,US3516941|US3929678|US6494920|US20030104969|US20040229769|US20040204337|US20080227675|EP1797947|US20080263780|US20100029539|US20100029537|US20100080831|US20110111999,200
EP2757616A1,EP2757616,2014-07-23,H01M|Y02E,US5885544|US20040120882|US20020127473|EP1391950|EP1903627|EP2418719|EP2429020|EP2492996|WO2013052494,200
EP2757614,EP2757614,2014-07-23,H01M|Y02E,EP2355210|EP2410595,200
EP2759368,EP2759368,2014-07-30,B23K|Y10T,GB1012931|US3571905|US5653377,200
EP2759318,EP2759318,2014-07-30,F02C|A62C|Y02T,,200
EP2756809,EP2756809,2014-07-23,A61B,EP0101310|US5752644|US5651491|US6953139|US7407075|EP1813209|US20120255986,200
EP2760032A1,EP2760032,2014-07-30,H01F|B22F|C22C,JPH0757914A|EP1408518|EP2187410|EP2472535,200
EP2760215A1,EP2760215,2014-07-30,H04N|H04H,JPH117453A|WO2001024047|US20030084450|US20100058390|EP2207348|EP2242259,200
EP2759765,EP2759765,2014-07-30,F21V|F21S|F21Y|H01R,JP2003068130|WO2012026420|CN201934954|DE202012008617,200
EP2759676,EP2759676,2014-07-30,F01D,US7452182|EP1731718|EP1731717|US7540709|US20080145216|EP1939397,200
EP2759986,EP2759986,2014-07-30,G07D,JPH09161123A|US20020189919|JP2007179412|EP1811467|JP2008040742,200
EP2762068A1,EP2762068,2014-08-06,A61B,US4336810|JP2834057|US20040127805|US20040215090|EP1486165|EP2540222|US20120184858,200
EP2760255A1,EP2760255,2014-07-30,H05B|Y02B,US20070182347|US20090167203|EP2330869|WO2011137646|US20120049752|EP2536252,200
EP2759946,EP2759946,2014-07-30,G06F,US20080247636|US7859655|US8044991|US20090112820|US7873494|US20110087463|EP2482538,200
EP2762257,EP2762257,2014-08-06,B32B|B23K|B23P|F01D|F05D|Y10T,JPS5441251A|US6540015|EP1238742|US20030180143|US20070163684|US20090261825|US20100059573|US20120063911|EP2353763,200
EP2762689A1,EP2762689,2014-08-06,F01K|F28B|Y02E,EP1666699|WO2009037516|US20100287935|EP2305364|US20120210874,200
EP2762116,EP2762116,2014-08-06,A61F,EP0674499|GB2287888|EP0955028|US6843134|US7062983|US20060009746|US7918838|US8168853,200
EP2762502,EP2762502,2014-08-06,C08L|C09D|C08F|C08J,EP0609756|US20100063171|US20070043159|EP2143742,200
EP2762431A1,EP2762431,2014-08-06,B65H,EP1288150|WO2006087428|EP1964799,200
EP2763000,EP2763000,2014-08-06,G08B|G06F,US8031172,200
EP2762957,EP2762957,2014-08-06,G09F|G02F|G02B|H10H,JP2005228630|US20120069248|US20120133689,200
EP2763022A1,EP2763022,2014-08-06,G06F|G09G,US20050071761|EP1990707|EP2333650|US20110181520|US20120274547|KR101212364|KR101218294,200
EP2763075,EP2763075,2014-08-06,G06K|B64D,,200
EP2763410,EP2763410,2014-08-06,G02B|B62J|H04N|A42B|B60R,US20030122930|US20080239080|WO2010080610,200
EP2763334A1,EP2763334,2014-08-06,H04B,EP0684709|EP1229012|EP1230618|EP2249493|EP2552037,200
EP2763353A1,EP2763353,2014-08-06,G06Q|H04L|G06F|G11B|H04N|Y10S,EP1267275|JP2002077855|EP1213720|WO2002061596|WO2002084638|WO2002086799,200
EP2765071A1,EP2765071,2014-08-13,B62K|F16H,FR2748702|EP0953501|EP1619112|EP2287031|EP2221243,200
EP2764898A1,EP2764898,2014-08-13,A63F|G06F,JPH09305788A|US20110227913|EP2228109|EP2497546|EP2497545|EP2529811,200
EP2764975,EP2764975,2014-08-13,H05K|H04M|B29C|H01Q|H04B|B29L|Y10T,,200
EP2765337A1,EP2765337,2014-08-13,F16H,GB1011870|US4909776|JP2548258|JP3194641|EP1070878|EP1225371|US20120100944,200
EP2767150A1,EP2767150,2014-08-20,G05D|A01D|B60L|Y02T,US20060059880|EP1933467|EP2412223|EP2702850,200
EP2767159,EP2767159,2014-08-20,A47J|H05B,EP2354738|EP2407703|KR20120049118,200
EP2767177,EP2767177,2014-08-20,A24D,US2796810|GB1261448|US3716443|EP2057908|EP2210509,200
EP2765651A1,EP2765651,2014-08-13,H01Q,WO1990007130|US5126751|US5583511|EP1686651|JP2008244620|EP2312358|JP2011091489,200
EP2767698,EP2767698,2014-08-20,F01D|B32B|C04B|F05D|Y02T,,200
EP2767415,EP2767415,2014-08-20,B60C,JP2009214775|JP2010149599,200
EP2767710,EP2767710,2014-08-20,F03D|F05B|Y02E,,200
EP2768134A1,EP2768134,2014-08-20,H02P,EP1748549|US20080150285|EP2043255|WO2010032954,200
EP2767941,EP2767941,2014-08-20,G06Q|H04L,US20080294730,200
EP2770278A1,EP2770278,2014-08-27,F25B,JPS5897461U|JPS6259337A|US5772113|EP1132457|KR20110013844|JP2011069572|EP2362164|DE102012208139,200
EP2770197,EP2770197,2014-08-27,F03D|F05B|Y02E|Y02P,EP1154537,200
EP2769687A1,EP2769687,2014-08-27,A61B,US5915616|EP1994890|US20110174099|EP2604195|EP2604197,200
EP2770373A1,EP2770373,2014-08-27,H10P|G03F|H10D,EP1035442|WO2005001901|EP2048700,200
EP2770342,EP2770342,2014-08-27,G01T|G01V|G01N,US4074136|US5321269|JPH0420893A|WO2004109331|WO2011087861|GB2482024|US20120061580|WO2012146415|GB2490513,200
EP2770740A1,EP2770740,2014-08-27,H04N,EP1021042|EP1333682,200
EP2770804A1,EP2770804,2014-08-27,H05B|Y02B,EP1479988|US20070109142|US20080136356|WO2010010491|EP2362714,200
EP2772939,EP2772939,2014-09-03,H10F|H10W,DE10156465|US7248297|US20050173064|US20070249095|US20100314762|WO2009084701|US20090218560|US20090256216|WO2010006916|WO2010081603|US20100327383|US20110024858|WO2011039167|WO2012007147,200
EP2775024,EP2775024,2014-09-10,D06F|H02K,GB190251|DE1460890|DE29708588|EP1029963|EP1426476|EP1424427|DE102005060362|DE102006027440|EP1995365|EP2388365|DE102011005315|DE102012214684,200
EP2774706,EP2774706,2014-09-10,B23C|Y10T,,200
EP2774762,EP2774762,2014-09-10,B41J,JP2008254204,200
EP2775261A1,EP2775261,2014-09-10,G01C,EP1122626|EP1471329|EP1536394|US20080208450|EP2192554,200
EP2775685,EP2775685,2014-09-10,H04L,EP1645926|US20060120304|US20070220124,200
EP2775377,EP2775377,2014-09-10,G08B|G06F|A63F,,200
EP2775382A1,EP2775382,2014-09-10,G06F|G05B,EP1475701|EP1965301|US20100251150,200
EP2775731A1,EP2775731,2014-09-10,H04N|G11B,EP0142178|WO2004025508|WO2005057931|US7831112|US20080052612|EP1968066|US7983442|GB2452315|EP2216788,200
EP2777381A1,EP2777381,2014-09-17,B65B|A01F|B23P|Y10T,EP0807380|US6247291|EP1382239|EP1872648,200
EP2777506,EP2777506,2014-09-17,A61B|G06F|G06T|G01S,JP2007097816|WO2009109585|KR20120036420|CN202235453|WO2013148730|CN102793565,200
EP2764827,EP2764827,2014-08-13,A61B,,200
EP2777569A1,EP2777569,2014-09-17,A61B,EP0649636|US20100185243|EP2052689|US20090204118|EP2316363|US20110106185|US20110301644|WO2012176096|WO2013001180|US20130041410,200
EP2777584A1,EP2777584,2014-09-17,A61B,WO2004010883|US7621909|US20040199156|EP2457532|EP2537480,200
EP2777573,EP2777573,2014-09-17,A61B,US20040147937|US20040267275|US7955355|US8002798|US20050228392|WO2006036324|US20060200132|US8177817|US20070233079|US20090228053|US20120022594|WO2012091737,200
EP2777916A1,EP2777916,2014-09-17,B29C,EP2116356|EP2390087,200
EP2777959,EP2777959,2014-09-17,B60C|B29D|C08K|C08L|Y10T,WO2007134556|EP2543524|EP2567834,200
EP2778261A1,EP2778261,2014-09-17,C25D|C23C|H05K,EP1152071|EP1122989|EP1249861|US20090277867|US20070235343|EP2366692,200
EP2778268,EP2778268,2014-09-17,D03D,JP2007177341|EP2014808|EP2226416,200
EP2778339,EP2778339,2014-09-17,E21B,US20020050930|US20080236819|WO2009064655|WO2011119157,200
EP2778342,EP2778342,2014-09-17,F02B|F01C|Y02T,US5522356|US5524587|US7775044|US7753036|US20140020380|US20140020381,200
EP2778368A1,EP2778368,2014-09-17,F01K|F02C|Y02E,US3879616|EP2189637|EP2196651|EP2535542,200
EP2778501A1,EP2778501,2014-09-17,F21K|F21V,EP1705421|FR2944853|US20100315823|US20120155080|US20120236532|EP2551583,200
EP2778511,EP2778511,2014-09-17,H10H|F21S|F21K|F21Y|H10W,,200
EP2778830,EP2778830,2014-09-17,H05K|H01Q|G06F|H04M|Y02E|Y10T,,200
EP2778845,EP2778845,2014-09-17,G06F|G08B,,200
EP2778831,EP2778831,2014-09-17,G06F|H04M,US20020086702|EP2296355|US20110175747|US20120212430,200
EP2778850,EP2778850,2014-09-17,G06F|B25J|H01H,US20120229400|US20120229401|EP2701037,200
EP2778870,EP2778870,2014-09-17,G06F,US20120293421,200
EP2779021,EP2779021,2014-09-17,G06K,US20100328045,200
EP2778992,EP2778992,2014-09-17,B23P|B22F|C23C|G05B|G06F|Y02P,US20110311389,200
EP2779121A1,EP2779121,2014-09-17,B07C|G07D,WO1998005006|US20050040225|US20090087076|EP1785953|US20080079211|JP2009134607|EP2169638,200
EP2779140,EP2779140,2014-09-17,B64D|G08G,US6092009|US20040160341|US20050258979|US20110246065,200
EP2779204A1,EP2779204,2014-09-17,H01J,EP1207545|EP1455380|EP2385542|EP2492949,200
EP2779277,EP2779277,2014-09-17,H01M|Y02E,US20100015530|US20110229768|WO2012150838|WO2013005796,200
EP2779278A1,EP2779278,2014-09-17,H01M|Y02E,JP2002075329|EP2372808|EP2424004|EP2544265,200
EP2779279A1,EP2779279,2014-09-17,H01M|Y02E|Y02P,JP2005267945|JP2009087753|US20100266894|US20100323239|EP2325924|EP2538467|EP2506358,200
EP2779598,EP2779598,2014-09-17,H04M|H04B,US20100016041|US20100053301|US20120212430,200
EP2779717,EP2779717,2014-09-17,H04W,US20060126501|WO2012158578,200
EP2781231,EP2781231,2014-09-24,A61M|A61L,JPS5722766A|JP2006181027,200
EP2781203A1,EP2781203,2014-09-24,A61F|A61M|D04B|D10B,FR2601371|US4931546|US6596002|US7331199|US20040116774|US7021086|US20100189764|US20090318752|US20090105731|FR2953709|EP2404571|EP2543339,200
EP2781560,EP2781560,2014-09-24,C09D,US20050031877|US20110076410,200
EP2781644A1,EP2781644,2014-09-24,D06F,FR1439185|FR1557616|EP0163265|JPH01212599A|DE19638865|EP1811077|EP1884586|EP2034084|WO2008086933|DE202008002641|EP2460926,200
EP2781562,EP2781562,2014-09-24,C09D|B22F|H05K,EP0166617|EP0803551|WO2004085165|US20060264518|EP1683592|US7931941|WO2006076603|EP2012952|EP2010314|US20090321689|EP2087490|US20080220155|EP2139007|EP2147733|WO2008151066|EP2030706|US20090142482|US8197717|EP2119747|WO2009152388|WO2009157393|US20100084599|US20100090179|US20100143591|EP2468827,200
EP2781962,EP2781962,2014-09-24,G03G,JPH0540367A|JP2006337579|JP2007057943|JP2007271663|EP2116904|JP2008310104|US20090176170|JP2009175666|EP2085828|JP2009244837|JP2009244572|US20110195357,200
EP2644124,EP2644124,2013-10-02,A61B,US3181708|US5285945|US5468253|US6325810|US7380696|US7083075|WO2006044490|US20080190989|EP1815804|US7780685|WO2012148667,200
EP2782021A1,EP2782021,2014-09-24,G06F,US20070136458|EP2146286|US20120072633|EP2515241,200
EP2782158A1,EP2782158,2014-09-24,H01Q|H01M|Y02E|Y02P,EP1439487|EP2200111|EP2226869|US20110151284|CN201590480|CN101820461|US20110312382,200
EP2783644,EP2783644,2014-10-01,F04B|A61B|B05B,US5989212|JP2008082202|US20100082054|US20100111708|US20110006127|US20120046681,200
EP2782314A1,EP2782314,2014-09-24,H04W|G06F|H04L,US20020111139|EP1860863|JP2007259958|EP1906627|JP2008219375|US20090208076,200
EP2783645A1,EP2783645,2014-10-01,A61B,JP2008082202|EP2022419|EP2286745|JP2013047519,200
EP2784310A1,EP2784310,2014-10-01,F03D|E04H|E04B|E04G|F05B|Y02E|Y02P,EP1788242|EP2060706|WO2009155927|EP2187050|US20110140447,200
EP2784140A1,EP2784140,2014-10-01,C09J|Y02P|Y10T,JPH11176476A|EP2423287|EP2463347|EP2514793,200
EP2784351,EP2784351,2014-10-01,F16H|B62D|Y10T,US4953419|JPH03165152A|EP1318332|JP2007147028|JP3165152,200
EP2784470A1,EP2784470,2014-10-01,G01N,JPH06341950A|JPH10104134A|EP1333270|EP1936371,200
EP2784525A1,EP2784525,2014-10-01,G01R,WO1999016159|EP1681575|EP2506408,200
EP2784588A1,EP2784588,2014-10-01,G03G,EP1260874|EP1553460|JP2008040271|US20120032204,200
EP2784484,EP2784484,2014-10-01,G01N,JP2001099710|JP2007044104|JP2013036973,200
EP2784556A1,EP2784556,2014-10-01,G02F|G02B,US20100060818|EP2241800|EP2312660,200
EP2784801A1,EP2784801,2014-10-01,H01K,US3510719|JPS58155689A|EP0316986|EP0328733|EP0522632|JP2003077624|EP2058839,200
EP2784657,EP2784657,2014-10-01,G06F|H04M|H04W|G06V|H04L,US20100265204,200
EP2784630A1,EP2784630,2014-10-01,G06F,US3838397|EP1965291|WO2005071438|US20090160792|EP2175344|EP2194444|US20110007021|US20130002565,200
EP2784987A1,EP2784987,2014-10-01,H04L|H04M,US6690786|EP2533436|US7065072|EP2023536,200
EP2784838A1,EP2784838,2014-10-01,B41J|H10N,EP1170862|EP1671794|US20110050809|DE102012213892,200
EP2784982A1,EP2784982,2014-10-01,H04L,EP1054529|EP1725007|US20110047256,200
EP2786960A1,EP2786960,2014-10-08,B67D|G05D,DE19802291|EP1170247|GB2348185|EP1648813|EP1737759|WO2007019851|WO2007019848|WO2007019850|WO2007019849|WO2007019853|KR20090070553|WO2010070531|EP2336077|EP2371759|WO2011157786,200
EP2787055A1,EP2787055,2014-10-08,H10H|C09K|H05B|H10W|Y02B,EP1710291|US20070228949|US20090058256|EP2426745|US20120056224,200
EP2785114A1,EP2785114,2014-10-01,H04W|H04L|Y02D,US20040190467|EP1589702|US20050249227|EP1954078|WO2009107916,200
EP2787174,EP2787174,2014-10-08,F01D|F05D|Y02T,,200
EP2787192,EP2787192,2014-10-08,F02M|F02B|F02D|F16K|F02F|Y02T,,200
EP2787338A1,EP2787338,2014-10-08,B23K|G01N|H01J,EP0927880|US20020166976|US7002152|US7095024|DE102004001173|EP1879011|US20110248006|EP2413126|DE102011111190,200
EP2787362A1,EP2787362,2014-10-08,G01R|H01M|H02J|Y02E,JP2012090638|US20120025770|US20110101911|EP2336796|US20110133697|EP2562895,200
EP2789373A1,EP2789373,2014-10-15,G06T|A63F,JP2002517840|EP2394714|WO2011155068|EP2441504,200
EP2789598A1,EP2789598,2014-10-15,C05F|Y02A|Y02P|Y02W,WO1996005145|EP0722921|WO2000015583|CN1412155|EP1157972|FR2857086|WO2005012815|EP1849756|WO2009101455|CN101486602|CN102153266,200
EP2787557A1,EP2787557,2014-10-08,H01M|Y02E,JP2008010315|DE102010030723|EP2421067|JP2013078795|EP2639891,200
EP2789701A1,EP2789701,2014-10-15,C21D|C22C|F16L,WO2004031420|EP1627931|EP1876254|EP1918395|EP1918397|EP2392681|US20120267014|EP2548987|US20130000790|CN102154593|WO2013002418,200
EP2789700A1,EP2789700,2014-10-15,C22C|C21D|F16L,WO2004031420|EP1627931|EP1876254|EP1918395|EP1918397|EP2392681|US20120267014|US20130000790|CN102154593|WO2013002418,200
EP2789702A1,EP2789702,2014-10-15,C22C|C21D|F16L,WO2004031420|EP1627931|EP1876254|EP1918395|EP1918397|EP2392681|US20120267014|US20130000790|CN102154593|WO2013002418,200
EP2789299A1,EP2789299,2014-10-15,A61B,US6953139|EP2316345|WO2003090630|US20110139851|EP2055243|EP2324776|EP2462878,200
EP2789703A1,EP2789703,2014-10-15,C21D|C22C|F16L,WO2004031420|EP1627931|EP1876254|EP1918395|EP1918397|EP2392681|US20120267014|EP2548987|US20130000790|CN102154593|WO2013002418,200
EP2789713A1,EP2789713,2014-10-15,C23C|B23K|C09D|F01D|F05D|Y02T|Y10T,EP0897020|EP1952932|WO2011036045,200
EP2789844,EP2789844,2014-10-15,F02M,,200
EP2789984A1,EP2789984,2014-10-15,H02K|G01D,EP1978633|EP2052968|WO2009120510|US20120098469,200
EP2790027A1,EP2790027,2014-10-15,G01R|H10P|H10W,US20100155888|EP2372379|US20120097944|EP2541415,200
EP2790099,EP2790099,2014-10-15,G08B|G06F|H04N,US20130131851|US8000825|US20110202155|US20110215913|US8378964|US7979146|US20090096632|US20120206246|US20120206247|US20120306631|US20130207917|US20130265286|US20130335209|US20140064516,200
EP2790401A1,EP2790401,2014-10-15,H04N|G06F,US20020008804|EP2312384|EP2157474|EP2390692|US20110316010|JP2012078546,200
EP2792294,EP2792294,2014-10-22,A61B|A61L,,200
EP2772206,EP2772206,2014-09-03,A61B|G05G|Y02A,US6656177|US6500176|US6533784|US6913579|US6802843|US6773409|US7070597|US6905497|US6929644|US7011657|US7041102|US6770072|US7083619|US6926716|US7087054|US20090036912|US20090076506|US20100036370,200
EP2764836,EP2764836,2014-08-13,A61B,,200
EP2792314A1,EP2792314,2014-10-22,A61B,US5542594|US6704210|WO1999045849|EP1064883|US6273897|EP1759640|WO2003105698|EP1621141,200
EP2792402A1,EP2792402,2014-10-22,B01J|B01D|F01N,WO1997010892|JPH10151348A|EP1166855|JP2006298759|EP1872851|CN100493697|EP2543638|JP2012239982|JP2012245452|JP2013027858|FR2977582|WO2014138397,200
EP2792561,EP2792561,2014-10-22,B60W|B60K|Y02T|Y10S,,200
EP2792562,EP2792562,2014-10-22,B60W|B60K|Y02T|Y10S,,200
EP2792315A1,EP2792315,2014-10-22,A61B,US5542594|US6704210|US7128253|WO1999045849|EP1064883|US6273897|EP1759640|WO2003105698|EP1621141,200
EP2792574,EP2792574,2014-10-22,B62D,JP2004182138|JP2008168659|JP2010162954|JP2012021890|JP2012025262,200
EP2792634,EP2792634,2014-10-22,B67C,EP1182165|EP2604571,200
EP2792724A1,EP2792724,2014-10-22,C09J|C08L|H10K|Y10T,GB1265489|GB1426796|EP0063475|EP1229181|EP2133395|EP2479230,200
EP2792843A1,EP2792843,2014-10-22,G01V|E21B,US20030076107|EP1795920|US20090091328|EP2270420,200
EP2793293A1,EP2793293,2014-10-22,H01M|Y02E|Y02P,EP2372808|EP2393145|EP2521207|EP2575189,200
EP2793492,EP2793492,2014-10-22,H04W,,200
EP2796317A1,EP2796317,2014-10-29,F03D|B60P|E04H|F05B|Y02E|Y02P|Y10T,JP2002147340|EP2006471|US20120285118|US20110148115|EP2161162|US20120090501,200
EP2796593,EP2796593,2014-10-29,F01D|C25D,US3677789|US5102509|US5261963|US5264245|US5788823|US6793966,200
EP2796625,EP2796625,2014-10-29,E02F,,200
EP2796678,EP2796678,2014-10-29,F01M|F02M,,200
EP2796983,EP2796983,2014-10-29,G06F,EP2192750|US20100231367|US20110261002|US20130076649,200
EP2796984A1,EP2796984,2014-10-29,G06F,JP2005050303|EP1727033|JP2008269338|EP2120138,200
EP2797100,EP2797100,2014-10-29,H01J,US20110174971,200
EP2797088A1,EP2797088,2014-10-29,H01F,US3201728|US3452311|US3644786|US3621428|JPS5720418A|US4586015|US5516992|DE19510809|US6445269|JP2005158857|EP2369601|DE102010020138|WO2012136302|EP2518739,200
EP2797164,EP2797164,2014-10-29,H01Q,JP2011135405|EP2485325|EP2581983,200
EP2797249,EP2797249,2014-10-29,H04L|Y02D,US6718493|EP1901470|EP2068481|US20090177938|US20130021931,200
EP2797249A1,EP2797249,2014-10-29,H04L|Y02D,US6718493|EP1901470|EP2068481|US20090177938|US20130021931,200
EP2764826,EP2764826,2014-08-13,A61B,US20100087840|US20120241492|US20120241491|US20120241499,200
EP2797286A1,EP2797286,2014-10-29,H04W|H04L|H04M,EP1708467|EP2312821|EP2472997|US20120269185,200
EP2797331A1,EP2797331,2014-10-29,G06Q|H04N|G06V,US20090254236|US20090097712|US20110274405|EP2472862|EP2469843|WO2012117278|US20120304206|US20130051615,200
EP2797334A1,EP2797334,2014-10-29,H04N|G06T,US20030112974|US20040098603|US20100128871|EP1968316|US20100208891|EP2391125|WO2012143880,200
EP2797335A1,EP2797335,2014-10-29,H04N|G06F,US20030112974|US20040098603|US20100128871|EP1968316|US20100208891|EP2391125|EP2458890|WO2012143880,200
EP2799613A1,EP2799613,2014-11-05,D06F|Y02B,EP1426480|EP2270274|EP2395145|EP2471998,200
EP2799456,EP2799456,2014-11-05,C08F,EP1481994,200
EP2799769A1,EP2799769,2014-11-05,F23B|F23K|F24B,US4557248|DE3740257|DE9015559|DE4324277|EP1865254|EP2071238|EP2469164|EP2489941,200
EP2799709A1,EP2799709,2014-11-05,F03D|F05B|Y02E|Y10T,US20110142628|EP2444658|US20120151769|US20110268558|EP2484895|EP2532510|DE102012000431,200
EP2800313A1,EP2800313,2014-11-05,G06F|H04L|H03K,EP1569126|EP1739568,200
EP2801396A1,EP2801396,2014-11-12,B01D|B01J|C07C|C22C|F28D|F28F|C21D|Y02P,WO1995000674|WO2003087043|EP1577632|US20060027628|EP2505581|WO2012152645,200
EP2801606,EP2801606,2014-11-12,C11D,US4637890|DE19853893|US20050187131|US20110147967,200
EP2800369,EP2800369,2014-11-05,H04N,,200
EP2801608A1,EP2801608,2014-11-12,C11D,BE680847|EP0289311|WO2004055150|EP1566431|EP1754779|US20110257066|EP2380964,200
EP2801609,EP2801609,2014-11-12,C11D,BE680847|EP0289311|EP1566431|EP1914297|EP2336289,200
EP2801695A1,EP2801695,2014-11-12,E21B|H02H,US4410925|GB2332220|GB2460170|GB2463487|EP2339359|EP2390675|EP2390460|WO2011151158|WO2012038237,200
EP2801716A1,EP2801716,2014-11-12,F02M|G01M,DE19502775|US7004013|EP1457661|EP1510804|WO2008110381|US20100288021|EP2333290|US20110295482,200
EP2801720,EP2801720,2014-11-12,F03D|F05B|Y02E|Y10T,US20110142637|WO2013060722,200
EP2801892,EP2801892,2014-11-12,G06F,JP2010009321|JP4994489,200
EP2801879,EP2801879,2014-11-12,F03B|G05B|F05B|Y02E,KR20010056616|US20120072029|EP2525087,200
EP2801963,EP2801963,2014-11-12,G08G,EP2040137|EP2482269,200
EP2803329A1,EP2803329,2014-11-19,A61B,WO1996005768|US5964757|US6500167|US6064902|US6468260|US6371955|EP2263588|US6522933|US20100222851|US20050033135|US20070027679|US20100168548|EP2380518|US20120116382,200
EP2803492,EP2803492,2014-11-19,H04N|B41J|G01B,US20070070099|JP2007136764|JP2007309660|US20090120249|US20120256995,200
EP2803844A1,EP2803844,2014-11-19,F02K|F03G|F05D|Y02T,US6100463|EP1130243|US7458221|US20050198777|EP1878877|US20110030380,200
EP2803847,EP2803847,2014-11-19,F02M|F02B|Y02T,US4538556|DE3820607|DE4215416|EP0569714|US6267092|JP2001123902|DE10217760|EP1362997|JP2011241787,200
EP2803945A1,EP2803945,2014-11-19,G01C|B60W|Y02T,WO2000007150|US20070027593|GB2432437|EP1973078|EP2320387|US20120078496,200
EP2803488,EP2803488,2014-11-19,B41J,JP2008137376,200
EP2804171,EP2804171,2014-11-19,G09G|G06V,,200
EP2804313A1,EP2804313,2014-11-19,H03F,EP0390226|US6121818|WO2007034403|US20080001661|US20090251217|EP2200176|US20110316632,200
EP2804388A1,EP2804388,2014-11-19,H04N,US20040260823|EP1662361|EP2328306,200
EP2804223,EP2804223,2014-11-19,H10F|B32B|C08L|C09K|Y02B|Y02E,,200
EP2804401A1,EP2804401,2014-11-19,H04R,US20060274747|EP2337377|EP2528358,200
EP2804426A1,EP2804426,2014-11-19,H04W,US20060126584|US20080064406|EP2104379|EP2112786,200
EP2805786,EP2805786,2014-11-26,B23C,EP1795288|EP1872889|WO2011047126|WO2011089552,200
EP2806156,EP2806156,2014-11-26,F01D|F03D|F05B|Y02E,WO2008003330|US20080187442|WO2011157849|US20110211954|US20130071253,200
EP2806384A1,EP2806384,2014-11-26,G06Q,US20020178013|EP1501034|US20050218217|EP2290595,200
EP2806331A1,EP2806331,2014-11-26,G06F|H04M|G02F,US20110298691|EP2458829|EP2508960|US20130010405|EP2660678,200
EP2806408A1,EP2806408,2014-11-26,G07D,DE3542015|EP0957455|EP1164552|JP4407996,200
EP2806594,EP2806594,2014-11-26,H04L|H04M,US20060221849,200
EP2806661A1,EP2806661,2014-11-26,H04R|H04S,WO2004028204|WO2005120133|EP1879426|US8208642|EP2101517|US20120020503,200
EP2808110A1,EP2808110,2014-12-03,B23B|B25J|Y10T,EP0187409|JP2004009228|EP2492065|GB2492866|DE202011052431,200
EP2808572A1,EP2808572,2014-12-03,F16C,EP0317946|JPH0571533A|US6057619|EP1223357|EP1522749,200
EP2808283A1,EP2808283,2014-12-03,B65H,EP0004781|US4553709|EP1457447|EP1460015|JP2004277949|JP2010077576|JP2012197135,200
EP2808352A1,EP2808352,2014-12-03,C08L|C08F|B32B|C08J,WO1992012182|EP0887379|WO2003000757|WO2003000754|US20040181024|WO2004029112|EP1428854|US20050113517|EP1829919|WO2007077027|WO2010104739|EP2251361|EP2487199|EP2487203|EP2527593,200
EP2810675A1,EP2810675,2014-12-10,A61F|A61M,EP1857130|WO2008084063|US20090036842|EP2578191,200
EP2808603A1,EP2808603,2014-12-03,F21K|F21V|F21Y,WO2009036198|WO2011141846|EP2461094|EP2481973,200
EP2808833A1,EP2808833,2014-12-03,G06F|G06Q,US20030163513|WO2007030467|EP1860602|US20080126953|EP1975782,200
EP2810877,EP2810877,2014-12-10,B65B|C11D,BE1010942|US6176277|WO2007111888|WO2008073302|WO2010034736|WO2010141301,200
EP2811251,EP2811251,2014-12-10,F28D|F28F|H05K,JPS60106633A|US5704415|JP2000356480|JP2001168254|JP2002261217|JP2004020093|JP2008286428|AT505413|EP2031332|US20110080711|EP2383779|EP2444770|EP2568789,200
EP2810783A1,EP2810783,2014-12-10,C09D|B41M,EP1772498|EP1829682|EP1958788,200
EP2811543A1,EP2811543,2014-12-10,B63G|H01M|B63H|Y02E,WO2005036678|US8137834|EP2077592|EP2262048|WO2012090048|US20130040172,200
EP2811542A1,EP2811542,2014-12-10,H01M|Y02E,US20060091891|EP2056374|JP2011129668|US20110305930|EP2408042,200
EP2811264A1,EP2811264,2014-12-10,B60Q|G01D|G12B,JPH10332439A|EP1055916|DE10025244|EP1213565|US7207117|US20090223436,200
EP2811746,EP2811746,2014-12-10,G02B|H04N,,200
EP2813199A1,EP2813199,2014-12-17,A61F,EP1707168|EP2345395,200
EP2811695A1,EP2811695,2014-12-10,G06F|H04L,EP0511744|EP0728621|US7266077,200
EP2813510A1,EP2813510,2014-12-17,C07F|C07D|C08K,WO2003014248|JP4692885|EP2147685|EP2524923,200
EP2813894A1,EP2813894,2014-12-17,G03G,EP2148245|JP2010049241|US20110129776|EP2322993|US20110123215|EP2328031|US20120201570,200
EP2813325,EP2813325,2014-12-17,B25B,JP4457170,200
EP2814251A1,EP2814251,2014-12-17,G09G|H04N|G06F,EP2393302|EP2600623,200
EP2814242A1,EP2814242,2014-12-17,G06F|G09G|H04N,US20060209892|US20080005310|JP4822972|JP4182997|EP1988541|US20090201423|EP2091246|US20100132001|US20100138887|US20100194983|WO2011002141|EP2485480|US20130076989,200
EP2815937A1,EP2815937,2014-12-24,B60S,US4103869|DE20003180|EP2371637|EP2479075|WO2012155280,200
EP2816151A1,EP2816151,2014-12-24,D06F|E05B|E05D|E05Y,EP0616069|EP1333118|US20030172692|EP2107152|DE102009007920,200
EP2816342,EP2816342,2014-12-24,G01N|G01Q,EP1482297|JP2004271318|US7685868|US20080028840,200
EP2816404,EP2816404,2014-12-24,H04N|G03B,,200
EP2816442,EP2816442,2014-12-24,G06F|G09G|Y02D,EP2175344,200
EP2816554,EP2816554,2014-12-24,G10L|H04N,,200
EP2815705,EP2815705,2014-12-24,A61B|F16H|Y10T,US20080237296|US20080308603|WO2009039506|US20090090763|US20120143002|US20110121049,200
EP2816585A1,EP2816585,2014-12-24,H01J,US4465934|EP1577926|US8003952|JP2009134926|US20130032729|EP2378537,200
EP2816619A1,EP2816619,2014-12-24,H10H|H10W,JPH06296041A|US20040012030|EP1553640|US20040256631|US20060124954|US20090039359|DE102007046743|US20100148185|EP2207211|EP2369646|EP2375459|JP2013048200,200
EP2816781A1,EP2816781,2014-12-24,H04L|H04M|H04W,US20070182532|EP1729090|EP2466262|US20130046510,200
EP2816837A1,EP2816837,2014-12-24,H04W,EP2229036|US20100329210|EP2393324,200
EP2816776A1,EP2816776,2014-12-24,H04L|G06F|H04W,WO1999057863|JP2008227577|EP2175613|EP2563046|EP2575032,200
EP2818128,EP2818128,2014-12-31,A61B|A61M,US5127907|US6226542|US6301496|US6892091|US6814733|US6997924|US7156816|WO2004108206|US7536218|US7756576|WO2009044220|US20120282126|EP2604211,200
EP2818592A1,EP2818592,2014-12-31,D06F|G01G,EP2322705|US20110219551|EP2594677,200
EP2818695A1,EP2818695,2014-12-31,F03D|F05B|Y02E,WO2001071183|EP2003335|EP2141355|EP2525084,200
EP2818327A1,EP2818327,2014-12-31,C09D|B41J|B41M,US4880465|US20060014848|EP1621348|WO2007007074|EP1770132|EP1902849|EP1911814|WO2008074548|EP2157163|EP2053101|EP2053099|EP2065362|EP2098372|EP2161264|WO2011069943|EP2599841,200
EP2819318A1,EP2819318,2014-12-31,H04B|H04W,EP1143641|EP1109332|US20020077151|WO2006033094|WO2010105210|EP2496045,200
EP2819330A1,EP2819330,2014-12-31,H04H,US6181921|US6282412|EP1659711|US20100220818|EP1874046|US20080211661|US20110281538|WO2012146474|US20130030645,200
EP2819388,EP2819388,2014-12-31,G06F|H04N,WO2007021318|US20080282160|EP2202630|US20110221766|EP2557770|EP2584454,200
EP2819108A1,EP2819108,2014-12-31,G06F|G08B|H04R,EP1526756|WO2008016360|EP2288139|EP2276007|US20110082690|JP2012186551|US20120300022,200
EP2821434,EP2821434,2015-01-07,C08L|C08K,EP0395083|EP0572028|US6441094|WO2007042375|WO2008068113|WO2008074715|EP2092015|EP2092004|EP2121829|WO2010069998|EP2308923|EP2592111,200
EP2821695A1,EP2821695,2015-01-07,F21V|F21K|F21S|F21W|F21Y,GB2120024|EP1672277|US20060245186|US20130049591|EP2413028,200
EP2822003A1,EP2822003,2015-01-07,H01F|C01B|C01P,JPS62206801A|EP0481224|JPH1072603A|US6317020|JP2005223263|JP2007039794|EP2228808|WO2010071111|JP2012069962|EP2631918|EP2680280,200
EP2821970,EP2821970,2015-01-07,G07C|H04W,EP1321901|WO2004070664|US20110140838|WO2012097917,200
EP2822046A1,EP2822046,2015-01-07,H10H|H10W,EP1605028|JP2005322937|EP2535954|US20110260184|EP2482346,200
EP2819463A1,EP2819463,2014-12-31,H04W|H04L,EP1509056|US20060034225|EP1933584|EP2131603|WO2008137354|WO2008153474|WO2009053933|EP2200366,200
EP2822195A1,EP2822195,2015-01-07,H04L|H04W,JP2003525533|WO2003081938|EP1372350|EP1509056|EP1530385|US20060063531|US20060146745,200
EP2822286,EP2822286,2015-01-07,H04N,WO2003021949|EP1988709|US20110058102|US20120320271,200
EP2823757A1,EP2823757,2015-01-14,A61B,DE8604749|US6226542|US6301496|US6892091|EP1169976|US6814733|US6997924|US7156816|WO2004108206|US7536218|US7756576|FR2909003|WO2009044220|US20120282126|US20120046562|WO2012173697|EP2604211,200
EP2824275A1,EP2824275,2015-01-14,H05K|E21B,US6134892|WO2001013692|US20080302115|EP2467005|EP2487327,200
EP2824473A1,EP2824473,2015-01-14,G01R,US5345178|US5450010|EP0735379|EP0818689|EP1199578|JP2007181587|EP2158842,200
EP2823773,EP2823773,2015-01-14,A61B|F16B|F16D,US5083883|US5865361|US20070031184|EP1952769|US20110108605,200
EP2824972A1,EP2824972,2015-01-14,H04W,US20080188228|EP2563073|EP2560448,200
EP2824544,EP2824544,2015-01-14,G06F|B43K,,200
EP2826920A1,EP2826920,2015-01-21,B60L|B60K|B60W|E02F|F15B|Y02T|Y10S,JP2000283107|EP1834854|JP2007247230|EP2597207|EP2463137,200
EP2827080A1,EP2827080,2015-01-21,F25B|C09K,EP1162412|EP1275912|JP2009222033|EP2267309,200
EP2777539,EP2777539,2014-09-17,A61B|G01D,,200
EP2827180A1,EP2827180,2015-01-21,G02B,JP4729269|EP1830215|EP2163935|EP2360505,200
EP2827603A1,EP2827603,2015-01-21,H04N,EP1215902|US20050172315|US20070101385|US20090172736|EP2482555|WO2011102886|US20120216228|EP2590425,200
EP2827271A1,EP2827271,2015-01-21,G06F,EP2362292|EP2584753,200
EP2826689,EP2826689,2015-01-21,G06F|B60K|B60W|G09G,,200
EP2827613,EP2827613,2015-01-21,H04R|Y10T,US20050244024|EP1681903|US20080186241|US20110051965|US20120163644,200
EP2830206,EP2830206,2015-01-28,H02H|H02M|H02P,,200
EP2829458A1,EP2829458,2015-01-28,B62D|Y10T,DE19822478|EP0943842|EP1452419|EP1571067|JP2004301263|JP2007270943|EP2450262|JP2012101649,200
EP2829813A1,EP2829813,2015-01-28,G05D|F24F|G05B,US20020029096|EP1335166|EP2056032|EP2093510|EP2455677,200
EP2832985A1,EP2832985,2015-02-04,F02M|B62K|B62J|Y02T,JP4128639|EP1081369|US20050051375|US20070012274|EP2045462|EP2289787,200
EP2833187,EP2833187,2015-02-04,G02B|G01N|H04N|F01D|F05D,US4659195|US5028117|JPH04267213A|DE19513930|JP2007163723|EP2597273,200
EP2833190,EP2833190,2015-02-04,G01N|F01D|G02B|F05D,DE19513930|US20050014996|US20060149126|JP2007163723|EP2485079|US20130008233|WO2013045108,200
EP2833131A1,EP2833131,2015-02-04,G01N,JPH05141999A|EP1063525|EP1947450|WO2010038285|EP2369338,200
EP2833250A1,EP2833250,2015-02-04,G06F,EP2000896|US20100079490|EP2343637|US20130055059,200
EP2833211A1,EP2833211,2015-02-04,G03G,JP2003337443|US20030224278|JP2007058135|JP2008203779|EP2237111|JP2010107673|WO2012046811|EP2626745,200
EP2833302,EP2833302,2015-02-04,G06Q|B64F,EP1965361|US20100078475|US20120030108|EP2369554|WO2012012841|US20120170728,200
EP2835171A1,EP2835171,2015-02-11,B01D|F01N|Y02A|Y02T,EP0223732|US20060118409|US20040229031|WO2007125394|EP2063481|EP2103719|EP2380663|WO2010099275|WO2012037526,200
EP2835109A1,EP2835109,2015-02-11,B05B|A61C|B05C,US4993948|JPH08207942A|EP1825927|DE202006007492|EP1741405,200
EP2777520,EP2777520,2014-09-17,A61B|G01D,EP2042107|WO2013188130,200
EP2835276A1,EP2835276,2015-02-11,B60C|D02G|D10B|Y10T,EP0329590|DE102005030819|EP1745945|US20100065179|EP2380755|EP2439084|EP2604448|EP2806057,200
EP2835267A1,EP2835267,2015-02-11,B41M,JPS6110483A|JPH07232473A|JPH07101142A|JPH08132731A|JPH0976628A|JPH0966664A|JP2004050811|EP2138320|JP2010030291|EP2332734|JP2011140214,200
EP2833385A1,EP2833385,2015-02-04,H01R|H02B|H01H,FR1126110|DE29723298|EP1632969|EP2434508|EP2551869,200
EP2835516,EP2835516,2015-02-11,F02C|F01N|F23N|F23R|F05D,EP0718470|US20110037276|CH700796|US8434312|EP2600063,200
EP2835847A1,EP2835847,2015-02-11,H01M|Y02E,JPH05325943A|EP2515363|EP2575189,200
EP2835800A1,EP2835800,2015-02-11,G06F|G11B,US5864868|EP2249260|US6248946|US20020089529|US20040027931|US20050002283|JP2005027159|EP1970909|EP2560361,200
EP2835911,EP2835911,2015-02-11,H04B|H04L|H04M,EP2136477|US20100202554,200
EP2837728A1,EP2837728,2015-02-18,D06F,GB1554725|EP2140058|EP2248937|EP2339063|EP2415925,200
EP2837337,EP2837337,2015-02-18,A61B,US4805823|US5415334|US5465895|US5597107|US5632432|US5673840|US5704534|US5814055|US7143923|US6978921|US7380695|US7380696|US7000818|US7434715|US7303108|US7367485|US7404508|US7721930|US20100264193|US8070036|US20120239012|WO2013043721,200
EP2837465A1,EP2837465,2015-02-18,B24B,US3284961|EP1293296|US20090117834|EP2596908,200
EP2837730A1,EP2837730,2015-02-18,D06F,JP2002119788|US20040089029|WO2006087735|WO2006101345|EP1852542|WO2007137857|EP2080832|EP2135988|EP2436827|KR20130080105,200
EP2837796,EP2837796,2015-02-18,F01D|F05D|Y02T|Y10T,,200
EP2838104A1,EP2838104,2015-02-18,H01H,US1462489|US3450948|EP2492947|EP2495746|EP2565899,200
EP2838051,EP2838051,2015-02-18,G06V,,200
EP2837733A1,EP2837733,2015-02-18,D06F,DE10200317|US20050178164|EP1990698|WO2011085940|EP2415925,200
EP2838137,EP2838137,2015-02-18,H01M|Y02E,US20070082261|US20090246614|EP2133941,200
EP2838188,EP2838188,2015-02-18,B60L|H05K|H02M|B60K|Y02T,,200
EP2839778A1,EP2839778,2015-02-25,A61B,JPS55120858A|EP0941694|EP2016890|WO2012110955,200
EP2840326,EP2840326,2015-02-25,F24F,JPH09145096A|JP4559326|JP2007247984|JP2009250459|JP2012007777|JP2013133969,200
EP2840492A1,EP2840492,2015-02-25,G06F,EP1887731|US7603707|EP2492833|WO2013064799,200
EP2842405A1,EP2842405,2015-03-04,A01D,EP0981943|EP1321021|EP1469714|US20030196423|US7574852|EP2710874,200
EP2840749,EP2840749,2015-02-25,H04L,WO2012168926,200
EP2842508A1,EP2842508,2015-03-04,A61B,US6241724|US6915149|US6226542|US6301496|US6892091|US6695808|US7306593|US7536218|US20070100332|US20080275465|US20080288038|WO2007098494|US20090093806|EP2449996|EP2462869|EP2529667|EP2537551|EP2574278,200
EP2842775,EP2842775,2015-03-04,B60C|Y10T,EP2607110|EP2679413,200
EP2842744A1,EP2842744,2015-03-04,C08J|G03F|B23K|B41C|B41N,JPS4643946B1|JPS4943191B1|JPS4841708B1|JPS5147334B1|JPS5617654B2|JPS4864183A|JPS5230490B2|JPS5849860B2|JPS5137193A|JPS6239418B2|JPS6239417B2|JPH0140336B2|JPH0140337B2|JPH0216765B2|JPH0232293B2|JPS57196231A|JPS595241A|JPS595240A|JPS6122048A|JPH01105238A|JPS63277653A|JPS63260909A|JPH01165613A|JPH0225493A|JPH02226149A|EP1424210|JP2005047947|JP2008063554|JP2008233244|EP2045660|JP2009172658|JP2009178869|JP2009203310|EP2095947|JP2009204962|JP2009214334|JP2011148299|JP2011245818|JP2012045801|EP2617773,200
EP2843124A1,EP2843124,2015-03-04,D06F|Y02B,EP1541745|JP2006061353|EP1811077|JP2008113944|EP2527520,200
EP2843297A1,EP2843297,2015-03-04,F21K|F21S|F21V|F21Y,EP2381157|US20110310604|US20130155683|EP2525135|WO2013018177|US20130176718,200
EP2843198,EP2843198,2015-03-04,F01D|F04D|F05D,US4849895|EP0481150|US20010001845|EP2604806,200
EP2843530A1,EP2843530,2015-03-04,G06F,US20020063737|US7100119|US20070058210|JP2007110677|US20080062141|US20090282362|JP2012044474|EP2530677|EP2530676,200
EP2843725A1,EP2843725,2015-03-04,H01M|Y02E|Y02P,EP2317586|EP2381507|EP2575193|EP2624330,200
EP2843917A1,EP2843917,2015-03-04,G06F|H04M,WO1998019292|EP2256610|EP2285077|US20110041102|US20120319959|CN102968262|EP2752748,200
EP2843919A1,EP2843919,2015-03-04,G06F|H04M|H04N,EP2178282|EP2242240|US20130162502|EP2629193,200
EP2844007,EP2844007,2015-03-04,H04B|H04N|H04W|G06Q|Y02D,US20030163287|WO2013120723,200
EP2845620,EP2845620,2015-03-11,A61M|D07B|F16C,JPH1099442A|US20040054301|EP1468707|EP2402051|DE102011081445,200
EP2845726,EP2845726,2015-03-11,H05K|H10K|Y02E,US20040192082|US20040243204|WO2010086034|WO2012131352,200
EP2845646,EP2845646,2015-03-11,B01D|B01J|C04B,US7601662|WO2011061835,200
EP2846221,EP2846221,2015-03-11,G08B|G06F|A63F,US20090096632|US20120206247|US20120306631,200
EP2846330,EP2846330,2015-03-11,G08B|G06F|G11B,GB2226718|US20090096632|US20130038792|US20120306631,200
EP2846554A1,EP2846554,2015-03-11,G06F|H04N,EP2509005|EP2533242,200
EP2846618A1,EP2846618,2015-03-11,H05K|H10W,EP1091499|EP1411756|WO2009129447|EP2285200|EP2405731,200
EP2848901A1,EP2848901,2015-03-18,G01F|G01G|G01N,EP2365297|EP2458344|EP2667176,200
EP2848946,EP2848946,2015-03-18,G01R|G01J,JP2000241463|US20070033989|US20080036448|US20120119761|US20120197558,200
EP2849047A1,EP2849047,2015-03-18,G06F,US20100309147|EP2325739|EP2631738,200
EP2849169,EP2849169,2015-03-18,B64D|G01C|G08G|G10L,US20080045198|US20100027768|US7809405|EP2199894|US20120022774|US20110282522,200
EP2848266A1,EP2848266,2015-03-18,A61B|A61L|C10M|C10N|C23C,US5505363|US5465895|US5762256|US6330965|US20040120783|EP1543798|DE102005054132|EP2092897|WO2013010049,200
EP2849237A1,EP2849237,2015-03-18,H10H|H10W,US20110164402|EP2355190|EP2515355|US20130015478|EP2562834|EP2562832|US20130078411,200
EP2850965A1,EP2850965,2015-03-25,A45F|A01D|B27B,US5913464|US6247624|JP2005143453|EP1661446|WO2008076010|WO2008147256|EP2653063,200
EP2851001,EP2851001,2015-03-25,G06F|A61B|H04M|H04Q|H04R,US4066068|WO2005092177,200
EP2851457A1,EP2851457,2015-03-25,C30B,EP0666338|EP0989211|EP0918100|WO2006100559|WO2012084655|GB2497665,200
EP2851517,EP2851517,2015-03-25,F01D|F05D|Y02T,EP0690205|EP1162346|US20110171013,200
EP2851701,EP2851701,2015-03-25,H01M|H02J|Y02E,,200
EP2852092A1,EP2852092,2015-03-25,H04L,EP1868363|WO2009133426|EP2418847|US20120182384,200
EP2851009A1,EP2851009,2015-03-25,A61B,US5071052|US5413267|US5397046|US5415335|US5715988|US5718359|US6109500|US20120223121|US20110017801|US20110290855|EP2245994|EP2377472,200
EP2852094A1,EP2852094,2015-03-25,H04L|Y04S,EP2101237|US20110022245|EP2202914|US20100198535|EP2624375,200
EP2852218A1,EP2852218,2015-03-25,H04W,EP1816794|WO2005125232|EP1744581,200
EP2852125A1,EP2852125,2015-03-25,H04L,US6832253|US20020169890|EP1322094|US20110035497|EP2461547,200
EP2853282A1,EP2853282,2015-04-01,A61M,WO1997048330|US5840046|EP0820782|EP1243283|EP1498152|EP1875941,200
EP2853328A1,EP2853328,2015-04-01,B23B|Y10T,US4776732|US5056963|EP0349871|US5302060|US5350261|JPH08318411A|EP0775547|US6039515|EP1066903|EP1902799|US20110268519|JP2007216384,200
EP2792308,EP2792308,2014-10-22,A61B|Y02A,US988650|US4633874|US5104025|US5292053|US5285945|US5205459|US5292503|US5309927|US5415334|US5403312|US5704534|US7000818|US6988650|US7134587|US7670334|US7464849|US7845537|US20070175955|US7422139|US8360297|US8308040|US7753245|US20100264194|US8561870|US7980443|US8210411|US8608045|US8353439|US8220688|US20120074198|US8393514|US20120298719|US20130334278,200
EP2853222A1,EP2853222,2015-04-01,A61B,EP2409661|EP2457532|EP2620115,200
EP2853679,EP2853679,2015-04-01,G02B|E21B|H01R,EP0162543|EP0235365|WO1998045899|US20030007738|EP2520757,200
EP2853694,EP2853694,2015-04-01,F01D|F05D,,200
EP2853680,EP2853680,2015-04-01,H01R|E21B|G02B,EP0162543|EP0235365|WO1999031540|US20030007738|GB2389466|GB2402560|EP2520757,200
EP2853822,EP2853822,2015-04-01,G05D|F24D|Y02B,FR1427641|DE19912588|EP1323986|DE102007058211|DE102011012211,200
EP2854000,EP2854000,2015-04-01,G06F|H05K,US20130038572|US20110291966,200
EP2854477A1,EP2854477,2015-04-01,H05B,US4686340|EP1793653|EP2034801|EP2440010|US20120285946,200
EP2853708A1,EP2853708,2015-04-01,C04B|F01N|B01D|B28B|Y02T|Y10T,JPH11277653A|JPH11270334A|JP2000238153|WO2002011884|EP1384507|EP2130606|EP2236205,200
EP2792306,EP2792306,2014-10-22,A61B|Y02A,US4633874|US5104025|US5205459|US5285945|US5292053|US5292503|US5309927|US5415334|US5403312|US5704534|US7000818|US6988650|US7134587|US7670334|US7464849|US20070175955|US7845537|US7422139|US8360297|US8308040|US7753245|US20100264194|US8561870|US7980443|US8210411|US8608045|US8353439|US8220688|US20120074198|US8393514|US20120298719|US20130334278,200
EP2792310A1,EP2792310,2014-10-22,A61B|Y02A,US4633874|US5104025|US5205459|US5285945|US5292053|US5292503|US5309927|US5415334|US5403312|US5704534|US7000818|US6988650|US7134587|US20060278680|US7670334|US20070175955|US7422139|US7845537|US7464849|US8360297|EP1997439|US8308040|US7753245|US8561870|EP2090239|US7980443|US8210411|US8608045|US8353439|US8220688|EP2340771|US20120074198|US8393514|US20120298719|US20130334278,200
EP2854018A1,EP2854018,2015-04-01,H04L|G06F,JPH06250795A|JP2004199697|EP1635251|JP2006108955|JP2010097526|US20120311602|EP2608011,200
EP2856936A1,EP2856936,2015-04-08,A61B,EP1020161|EP2095763|JP2012020134,200
EP2857789,EP2857789,2015-04-08,F41A,,200
EP2857603A1,EP2857603,2015-04-08,E02F|F01N|F02D|Y02A|Y02T,JP2002371831|EP1688599|JP2006283656|EP2022954|EP2151528,200
EP2857994,EP2857994,2015-04-08,G16Z|G06F|G01R|G06N|H02J|Y02E|Y04S,US20110040786|WO2013078541|US20130204836,200
EP2857955,EP2857955,2015-04-08,G06T|G06F|G06K|G09G,WO2001016652|EP1895400|EP2031499|JP2012033055|EP2431861,200
EP2858144A1,EP2858144,2015-04-08,H01M|H01H|Y02E|Y02P,JPH09153355A|EP2306485|US20120214031|EP2521207|EP2533326,200
EP2858255,EP2858255,2015-04-08,H04B|H04L,US20060029147|US20060078044|WO2006102125|CN101453245|EP2107692,200
EP2858000A1,EP2858000,2015-04-08,G06F|G16H|A61B|G06T|G09G,US6310631|EP0913807|US20040037468|WO2004034910|WO2010096438|EP2484275|US20110157154,200
EP2858351A1,EP2858351,2015-04-08,H04N|G06F|H04H|H04L|G06V,EP1534010|WO2008031216|US20090010485|US20120026274|EP2472452,200
EP2858334A1,EP2858334,2015-04-08,H04B|H04M,EP2302881|EP2533506|EP2613402,200
EP2858404A1,EP2858404,2015-04-08,H04W|H04L,WO2000074401|WO2002025506|WO2004066077|US20050059405|WO2008004955|EP2224254|US20110032826|EP2456251,200
EP2859835A1,EP2859835,2015-04-15,A61B,EP1665978|US20070027360|US20110112363|JP2011120863|EP2491848|EP2494909|JP2012179221,200
EP2860132A1,EP2860132,2015-04-15,E04D|B65D|Y10T,DE10054186|WO2003000567|EP1333128|WO2003066984|EP1384678|DE102008004018,200
EP2859839,EP2859839,2015-04-15,H01Q|H04B|A61B|G08C,US6577893,200
EP2860359,EP2860359,2015-04-15,F01D|F05D,DE4443864|DE69601029|EP1249591|WO2004035992|EP1517008|CA2644099|WO2008100306|WO2010009997|EP2369135|US20110255989,200
EP2860201A1,EP2860201,2015-04-15,C08L|C08F|F16L,US3242150|US3405109|US3324093|US3374211|US4532311|US4621952|US4543399|US4578879|US4933149|EP0188125|US4582816|EP0250169|US4855370|US5026795|US4803251|EP0428054|EP0479186|US5391654|EP0560035|EP0579426|EP0600414|EP0696293|EP0699213|WO1994025495|EP0707513|EP0684871|EP0688794|WO1996019503|EP0721798|WO1996032420|EP0891990|WO2000029452|WO2001055230|EP1146079|EP1310295|EP1415999|WO2005087261|EP1591460|EP1781712|WO2006063771|WO2007025640|EP1760096|EP1922342|EP2186833|EP2570455|EP2583998|EP2599828,200
EP2858073,EP2858073,2015-04-08,H10H|C08K|H01C|H10W,,200
EP2856947A1,EP2856947,2015-04-08,A61B,US5263205|US5688270|US5709680|US5465895|US6978921|US6964363|US20050006431|US20050006434|US6786382|US6981628|US6905057|US20070175964|US20110174862|EP2044890|US20110155781|EP2462878|US12465508,200
EP2860389A1,EP2860389,2015-04-15,F02M,WO2004025113|EP2241746|EP2375052|WO2013034450,200
EP2860329,EP2860329,2015-04-15,E04H|B60L|B62D|B66B|G05D|H02J|A47L|B60Y|B66C|Y02T,US4675922|FR2742351|US20010034906|US20090057238|EP2251102|US20100170032|WO2012000031|US20130092779,200
EP2860548,EP2860548,2015-04-15,G01S|G01W|H01Q|Y02A,,200
EP2860786,EP2860786,2015-04-15,H01M|Y02E,GB2330234|US20030087146|EP2343755|US20100143792|EP2461393|WO2012133654|EP2568518|EP2579357|US20130089759|EP2757614,200
EP2860707A1,EP2860707,2015-04-15,H04L|H04W|G05B|G07C|G08C|Y04S,WO2001033900|EP1233602|EP1536087|EP1806703|US20070197236,200
EP2860462A1,EP2860462,2015-04-15,F25D|F24F,US20010054493|EP1271065|EP2023049|EP2498018,200
EP2860608A1,EP2860608,2015-04-15,H04N|G06F|H04B|H04M,EP1858238|US20110221777|EP2485120,200
EP2860786A1,EP2860786,2015-04-15,H01M|Y02E,GB2330234|US20030087146|EP2343755|US20100143792|EP2461393|WO2012133654|EP2568518|EP2579357|US20130089759|EP2757614,200
EP2862506A1,EP2862506,2015-04-22,A61B|G06T,EP0714629|US6322516|EP1332715|EP1488739|EP1374760|JP2006320701,200
EP2863111A1,EP2863111,2015-04-22,F21V|F21S|F21Y,US20080030974|EP2461086|EP2357399,200
EP2862536A1,EP2862536,2015-04-22,A61B,US5391199|WO1996005768|US6456864|US20020065455|US6690963|US5983126|US6618612|US6332089|US5944022|US6351667|US6239724|EP1229829|US6484118|US20030120150|US20040068178|WO2008115745|US20090093806|US20090138007|EP2248480|EP2529667|US20120310116,200
EP2860939,EP2860939,2015-04-15,H04L,US20130086279|US20130091249,200
EP2863180A1,EP2863180,2015-04-22,G01C,EP1890108|JP2009014680|EP2015025|WO2010116513|EP2650648,200
EP2863214A1,EP2863214,2015-04-22,G01N,US5549870|EP1762851|EP2339334|EP2645091,200
EP2862826A1,EP2862826,2015-04-22,B65H,DE4338283|JP2004001980|JP2011037608|EP2570375|EP2641859,200
EP2863561A1,EP2863561,2015-04-22,G06F|H04H,EP1630989|EP2341421,200
EP2865634A1,EP2865634,2015-04-29,F02D|B60W|B66F,EP1666711|JP2008105532|US20110308879|WO2011115290|EP2568148,200
EP2865482A1,EP2865482,2015-04-29,F01D|B22C|B22D|B22F|B23P|F05D|Y10T,US20080115358|EP1978208|US20080304974|EP2058474|EP2230382|US8408446|EP2650474,200
EP2865742,EP2865742,2015-04-29,C11D,US2438091|US2528378|US2658072|GB870994|US3915903|US3929678|US4234627|USRE32713E|US4514461|US4565647|US4514552|US4917920|US4882220|US5192592|EP0686691|US5942217|US5955093|US5968404|US6106738|US6645479|US6093769|US6033679|US6200949|US6579839|US7217443|US20040106536|US20020193256|US20040087477|US20030165692|US20030158344|US20030195133|US20030216488|US20030215417|US20030203829|EP1393706|US20040071742|US20040072720|US20040072719|US20040071746|US6787512|US7135451|WO2007107215|US20090124528|WO2009087524|WO2009087034|WO2011163371|WO2013095996,200
EP2865697A1,EP2865697,2015-04-29,C08G,EP0995768|US6583258|JP2003335853|JP2004315747|WO2005092951|EP2540758,200
EP2865531A1,EP2865531,2015-04-29,C09D|B41J|B41M|B44C,EP1044822|EP1338632|EP1700689|US20050233097|WO2005113249|WO2006012142|EP2535382|EP2574476,200
EP2866236A1,EP2866236,2015-04-29,B65H|H01F,EP0424770|EP0926090|EP2031610|EP2617670,200
EP2865741,EP2865741,2015-04-29,C11D,US2438091|US2528378|US2658072|GB870994|US3915903|US3929678|US4234627|USRE32713E|US4514461|US4565647|US4514552|US4882220|US4917920|US5192592|EP0686691|US5942217|US5955093|US5968404|US6106738|US6645479|US6033679|US6200949|US6579839|US7217443|US20040106536|WO2002018528|US6903061|US20040087477|US20030165692|US20030158344|US20030195133|US20030216488|US20030215417|US20030203829|EP1393706|US20040071742|US20040072720|US20040072719|US20040071746|US6833344|US6787512|US7135451|US20050271595|US20090124528|WO2009087524|WO2009087034|WO2011163371|EP2441791|WO2013095996,200
EP2865953,EP2865953,2015-04-29,F24F|F25D,JPH05323044A|EP0787961|JP2003074911|JP2006300447|JP2013057553|KR20130090517|KR20130101362,200
EP2866295A1,EP2866295,2015-04-29,H01M|Y02E,GB2249865|EP1333521|US20090286143|EP2410590,200
EP2866435A1,EP2866435,2015-04-29,G06F|H04N,WO1996041478|US6094239|US20110019088|US20090324202|EP2501127|EP2515526,200
EP2865389A1,EP2865389,2015-04-29,A61K|A61P|C07K,EP0020416|US4469863|EP0092574|US5023243|US4722840|US5792463|US5374426|US5071651|EP0263655|GB2220221|WO1990003184|WO1990014837|EP0421635|WO1991018926|WO1992011291|WO1993005810|EP0761231|EP0689454|WO1995001363|EP0735898|US5658738|US5668265|US6207646|US6194388|US6239116|WO1996002555|WO1996011711|WO1996030523|EP0835318|WO1997031948|WO1998015631|WO1998016247|WO1998018810|WO1998036772|WO1998037919|US6214806|WO1998040100|WO1998052581|US6339068|WO1998055495|WO1998057659|WO1999011241|US6231864|WO1999044636|US6218371|US20030229021|EP0957111|WO1999052549|WO1999067293|WO2000007621|WO2000017158|WO2000023105|WO2000023955|WO2000025722|WO2000026385|WO2000032227|WO2000041720|WO2000048630|US20030170229|WO2000050461|WO2000056358|WO2000062800|WO2001021207|WO2001021152|WO2001022990|WO2001085208|WO2001098333|WO2002005690|WO2002010416|WO2002014478|US20020064525|US20040146504|EP1195161|US20060062782|WO2002034288|WO2002056905|WO2003024481|WO2003024480|WO2003102165|WO2003092714|WO2004007538|WO2004053091|WO2004058799|WO2004084940|WO2005075504|WO2006134423|WO2007026190|WO2007095316|WO2008020331|US11491802,200
EP2866427A1,EP2866427,2015-04-29,H04M|G06F|H04W,EP1111884|US7145998|US20050041793|US7647042|EP2120436|US20090290696|US20100162169,200
EP2868274A1,EP2868274,2015-05-06,A61B|B64D|G06V,WO2001003583|EP2296008|US20060253001|US20110148665|EP2357626|EP2434465,200
EP2868273,EP2868273,2015-05-06,G01C|A61B|A63B|G06Q,US20120245716|US20130179110|US20130290427,200
EP2866509,EP2866509,2015-04-29,H04W|H04B,EP2557876,200
EP2868465,EP2868465,2015-05-06,B29D|B29C|B32B|B64C|B29L|Y02T|Y10T,,200
EP2868532A1,EP2868532,2015-05-06,B60R|B60K|B60W,EP1002709|US6904350|EP1346883|WO2004016484|US20070185623|WO2008123984|WO2013162446,200
EP2868556,EP2868556,2015-05-06,B62J|B60Q,US5198798|EP1568584|WO2006016872|US20070229250|US20080088423|US20080290999|US20100283590|EP2340985|EP2505466|CN202368719,200
EP2868578A1,EP2868578,2015-05-06,B64D|B64C,US5083727|EP1174340|US20070228216|US20090278429|US20090289146|WO2010108775|DE102009021969|WO2011080414|EP2465774,200
EP2868599,EP2868599,2015-05-06,B65F,DE9418696|EP0911293|DE29905551|EP1916218,200
EP2868793A1,EP2868793,2015-05-06,D06F,EP0618323|EP0781881|EP2075362|EP2128323|EP2602373,200
EP2868599A1,EP2868599,2015-05-06,B65F,DE9418696|EP0911293|DE29905551|EP1916218,200
EP2869052,EP2869052,2015-05-06,G08B|G01M|B60Q,US5270628|JPH11160203A|EP1048944|EP2045592|US20130211686|US20130190997,200
EP2869052A1,EP2869052,2015-05-06,G08B|G01M|B60Q,US5270628|JPH11160203A|EP1048944|EP2045592|US20130211686|US20130190997,200
EP2869247,EP2869247,2015-05-06,G06Q|B64D|G01C,WO2000063806|US8301368|US20040226996|US7512714|US20070055416|US20070127460|US7840770|US20080154446|US7835734|EP2196775|EP2378676|WO2013050505,200
EP2869247A1,EP2869247,2015-05-06,G06Q|B64D|G01C,WO2000063806|US8301368|US20040226996|US7512714|US20070055416|US20070127460|US7840770|US20080154446|US7835734|EP2196775|EP2378676|WO2013050505,200
EP2869240,EP2869240,2015-05-06,G07D|G06V,US7680306,200
EP2869133,EP2869133,2015-05-06,G06F|G03G|Y02D,US20060093383|JP2006165708|US20060153578|EP2568344|JP2013218199,200
EP2869350,EP2869350,2015-05-06,H10F|Y02E,EP2320477|US20120103389|EP2575184|WO2013161030,200
EP2869602A1,EP2869602,2015-05-06,H04L|H04W,US20120135715|EP2268090|WO2011041913|US20110117909|EP2384061|WO2012160201,200
EP2869517,EP2869517,2015-05-06,H04L,US6028857|US20030214921|US20060104298,200
EP2870897,EP2870897,2015-05-13,H05K|A47B,US20010040203|US20040079712|US20040104184|US20090101603,200
EP2869510,EP2869510,2015-05-06,H04L,EP2214356|EP2323346|US20110271007|EP2654269,200
EP2869539,EP2869539,2015-05-06,H05K|H01F|H04M,,200
EP2871432A1,EP2871432,2015-05-13,F25B|D06F|F28D|F28F,EP1593770|EP1632736|WO2008004802|US20110209484|US20100154248|EP2244044|EP2261416|WO2011080045|EP2418448|WO2012065916|EP2468948|WO2013023958|WO2013060626|EP2644768|WO2013144780|WO2013153972,200
EP2871520,EP2871520,2015-05-13,G03F,JPH07140635A|JPH10171096A|JP2004133029|JP2007033469|JP2007233179|JP2007241065|JP2008276002|US7941767|JP2010009038,200
EP2871861A1,EP2871861,2015-05-13,H04R|H01Q,US6380896|EP2200120|EP2458674|EP2645478,200
EP2873920,EP2873920,2015-05-20,F23Q,JP2004264013|JP2011038720|EP2410243,200
EP2873953,EP2873953,2015-05-20,G01J|G02B,US5550373|US20030038938|US20110216315|JP2011220770|US20130037700|US20120208130,200
EP2873927A1,EP2873927,2015-05-20,F25D|F24F|F21V|F21Y,JPH11148698A|EP1326055|JP2002228183|JP2003065558|EP1533577|EP1813875|EP2363653,200
EP2870932,EP2870932,2015-05-13,A61B|A61F|A61L,US20130161374|US20120083835|US20120080335,200
EP2873380,EP2873380,2015-05-20,A61B,US20040087977|US20070272722|US7364060|US20090082785|US8109426,200
EP2873452,EP2873452,2015-05-20,A61H|A45D|A46B|B01F,US3906574|JPS5822555A|US20070293794|EP1972317|JP2008296965,200
EP2874015A1,EP2874015,2015-05-20,G03G,JPH0731454B2|EP1531369|US20090233776|EP2348367,200
EP2873970,EP2873970,2015-05-20,G01R|B32B|B64F|G01N,JP2013050306|JP2013053858|JP2013178999,200
EP2874133,EP2874133,2015-05-20,G10L|G08G,US20070241936|US7809405|EP2674926,200
EP2874363,EP2874363,2015-05-20,H04L,US20100054115,200
EP2875909A1,EP2875909,2015-05-27,B25F,US20050061524|EP1382421|EP1674213|US20100244592|EP2008776|EP2322327|EP2311607|EP2500144|DE102010003545|US20120061117,200
EP2875717A1,EP2875717,2015-05-27,A01F|E05F,US5622104|US6295797|US6272825|US6688092|US6644006|EP1444882|US20050247215|US6877304|EP2100498|EP2183957,200
EP2876198A1,EP2876198,2015-05-27,D06F,GB758944|EP1690972|EP2003237|WO2010076176|WO2010076206,200
EP2875907A1,EP2875907,2015-05-27,B25D|B25F,WO2002006015|WO2007068535|WO2008097555|EP2233252|EP2444206,200
EP2876199A1,EP2876199,2015-05-27,D06F,EP1266993|EP1925705|US20110050059|US20110296630,200
EP2876196,EP2876196,2015-05-27,B29C|D06F|H03K|B29L,DE4407508|DE10305364|EP1357774|EP1672797|DE102005039086|EP1786107|US7741858|EP2053745|DE102009036161|WO2011119696|EP2541771|WO2013064572,200
EP2876400,EP2876400,2015-05-27,H10W|F28D,US5836383|CN1946276|US20090101308|CN101533810|CN101566331|US20130077245|KR20110090491|CN103000737,200
EP2876537A1,EP2876537,2015-05-27,G06F|Y02D,EP2034388|EP2447819,200
EP2876527,EP2876527,2015-05-27,G06F,US8059105|US20100245254|US20110227849,200
EP2876815,EP2876815,2015-05-27,H04B,,200
EP2876491A1,EP2876491,2015-05-27,H04N|G02F|G09F|H05K,US6538709|EP2570844|EP2639632,200
EP2878954A1,EP2878954,2015-06-03,G01N|B01L,JP2007278978|US20070292313|EP2330426|EP2555000,200
EP2878523A1,EP2878523,2015-06-03,B62J|B62K,JPH057230B2|EP1245442|US20070216524|EP1790557|JP2012240425,200
EP2879407A1,EP2879407,2015-06-03,H04R|H01R|Y10T,US2424422|EP1317163|EP2063694|WO2008116499|EP2160047|EP2200348|US20130187594|EP2663097,200
EP2878727,EP2878727,2015-06-03,D06F,US20040154346|DE102006029953|WO2013032224,200
EP2881566A1,EP2881566,2015-06-10,F02N|F02B|F02D|B62K|F02M|Y02T,EP1321667|US6499455|EP1357286|WO2004072457|JP2005248921|EP1591658|EP1803905|EP1840369|DE102006016889|WO2009086957|EP2719883,200
EP2879398A1,EP2879398,2015-06-03,H04N,US20110119702|EP2400445|US20120019732|EP2461577|US20130271477|US20130291003,200
EP2879470A1,EP2879470,2015-06-03,H05B|G06F|G08C,WO2006100650|JP2011519128|EP2519081|GB2494537|US20130068832|EP2651190,200
EP2881853A1,EP2881853,2015-06-10,G06F|H04N,US20060044572|JP2007304937|JP2007304936|EP2085873|EP2549373,200
EP2883506A1,EP2883506,2015-06-17,A61B,US20090099597|US20120277770|EP2404557|EP2662032,200
EP2881972A1,EP2881972,2015-06-10,G01N|G06T|G06F|H01J,EP2282197|EP2546638,200
EP2883998A1,EP2883998,2015-06-17,D06F|F26B,EP1813705|EP1666655|WO2008123695,200
EP2881947,EP2881947,2015-06-10,G10L,,200
EP2884016A1,EP2884016,2015-06-17,E03F,EP1518969|EP2674537,200
EP2884095A1,EP2884095,2015-06-17,F03D|F05B|Y02E,US20030147753|EP1855000|EP2157314|EP2592266,200
EP2884274A1,EP2884274,2015-06-17,G01N,EP0348826|WO1997005482|EP1120648|WO2011081939,200
EP2884619A1,EP2884619,2015-06-17,H02J|H02M|B60L|Y02B,EP2340961|US20130088196|EP2620315,200
EP2881046,EP2881046,2015-06-10,A61B|H01R|Y10T,US20090314821|WO2009039506,200
EP2884738A1,EP2884738,2015-06-17,H04N|G02B|G09F|A47F,DE19943355|DE10031965|EP1372092|EP1376207|US20050018140,200
EP2885986,EP2885986,2015-06-24,A24B|A24F|B65D,EP2443946|EP2489391|WO2013159245|GB2502052,200
EP2886466,EP2886466,2015-06-24,B64F,EP0770546|US20020126110|US20050109843|US20100044157|CN203325029|EP3055211,200
EP2886400A1,EP2886400,2015-06-24,B60R,EP0957015|EP2130726,200
EP2886684A1,EP2886684,2015-06-24,C25D|F01D|F05D,US3677789|GB2181744|US5102509|US5261963|US5264245|US5788823|EP1179615|US6793966|EP2796593,200
EP2886775A1,EP2886775,2015-06-24,E06B,EP1795686|EP2299043|ITTV20100011A1,200
EP2886857A1,EP2886857,2015-06-24,F03D|F05B|Y02E,WO2003019004|WO2004090326|EP2505822|US20120027602|EP2623772,200
EP2886705,EP2886705,2015-06-24,D06F|Y02B,KR20030061190|KR200305578|US20060101589|US20060169006|KR20090118762|EP2206821|US20120242205|KR20120056705|EP2471994|WO2013073340|KR20130112643,200
EP2887185A1,EP2887185,2015-06-24,G06F|G09G,EP2267791|EP2492784|US20130090873|CN202443218|US20130321296|CN202939388,200
EP2887197A1,EP2887197,2015-06-24,G06F,EP1990711|EP2302497|US20110141146|US20130268877,200
EP2887192A1,EP2887192,2015-06-24,G06F|H04M|G09G,US6845408|US20090100384|EP2071441|EP2175343|US20130036430|US20130283283,200
EP2886346,EP2886346,2015-06-24,B41J,JP2013141804,200
EP2887303,EP2887303,2015-06-24,G05B|G05F|G06Q|H04L,US20040162642|US20100228373|WO2006065661|US20090076749|US20120310559|US8588991,200
EP2887252A1,EP2887252,2015-06-24,H04L|G06F,US20130117813|EP2455883|WO2012154367|US20120323700|US20130031640|EP2610775,200
EP2887455A1,EP2887455,2015-06-24,H01Q|F41G,US3439550|EP1134839|US20020030631|US20100039341|EP2175520,200
EP2887569,EP2887569,2015-06-24,H04H,US20070238436|US20100088729|US20130230078,200
EP2887198A1,EP2887198,2015-06-24,G06F|H04B|H04M,US20060197753|US20070004451|US20090197635|EP2592548|EP2631759|US20130271360,200
EP2887788,EP2887788,2015-06-24,B23P|F28D|H05K|Y10T,,200
EP2889421A1,EP2889421,2015-07-01,D06F,EP1236824|EP1655407|EP1731656|EP2458061,200
EP2889426,EP2889426,2015-07-01,D06F,DE2017394|EP0816552|WO2008007200|EP2826911,200
EP2889492A1,EP2889492,2015-07-01,F16H|F28F|F15B,US20070074515|EP2034380|EP2050970,200
EP2889576A1,EP2889576,2015-07-01,G01S|G01C,EP0716288|US20060066836|EP2103905|US20120057174|EP2503284,200
EP2889210A1,EP2889210,2015-07-01,B62K,US3938609|EP2196386|EP1572526|US20040188167|EP2046589|GB2444250|EP2300308|EP2151367|CA2652789|WO2011029795|JP2011195100|EP2810861,200
EP2891584A1,EP2891584,2015-07-08,B60R|G07C,JPS6294443A|JPH076299A|JPH07123042A|JPH08136639A|JPH117599A|WO2000055827|EP1170714|US20020016673|EP1414002|EP1577180,200
EP2889620A1,EP2889620,2015-07-01,C12Q|G01N|Y02A,EP1406088|JP2006292738|JP2006304774|EP1746407,200
EP2892078A1,EP2892078,2015-07-08,H10W|F21S|F21V|H05K|H10H,DE10308917|EP2017892|JP2009194026|EP2290690|US20110084612|DE102012104494,200
EP2891900A1,EP2891900,2015-07-08,G08G|G01S|G06F,US3086200|US3206745|US20070053551|EP1835369|US20080316089|US7609200|EP2045133|US20120200433|US20120268262|EP2669706|WO2013181334|EP2892041,200
EP2892045,EP2892045,2015-07-08,G06F|G09F|H04M|H04N|G02F|G09G|H10K,EP2674807,200
EP2894028A1,EP2894028,2015-07-15,B32B|B60R|B62D|Y10T,US6287678|WO2004056565|EP2025558|EP2631066|KR101280354,200
EP2890223A1,EP2890223,2015-07-01,G08C|G06F|H04W|H05B|G05B|Y02B,JP2011519128|WO2010140107|EP2515610|WO2012166369|WO2013121311|WO2013132416|EP2651190,200
EP2894136,EP2894136,2015-07-15,B28B|B29C|C04B|B29L|B32B|B64C|Y02T|Y02W|Y10T,WO2005121224|WO2006125287|DE102008059770|EP2463083,200
EP2894195,EP2894195,2015-07-15,C08L|C08K|F16L,US3405109|US3324093|US4532311|US4582816|US4855370|US5026795|US4803251|EP0479186|US5391654|EP0560035|WO1996019503|WO1996032420|DE19604196|EP0810235|WO2000022040|WO2004055068|WO2004055069|EP2583998,200
EP2894587,EP2894587,2015-07-15,G06F,,200
EP2894627A1,EP2894627,2015-07-15,G09G,EP0692728|JPH10161629A|EP1056261|US20050195280|US20070024608|EP1814098|US20080074568,200
EP2894337A1,EP2894337,2015-07-15,F04C|Y10S|Y10T,US20080019856|EP2628949|EP2669520|US20130309117,200
EP2894944A1,EP2894944,2015-07-15,H03M|H05B,EP0780986|EP1050969|US20090080267|US8421659|EP2642823|EP2894943,200
EP2894943A1,EP2894943,2015-07-15,H05B|G06F|H03M|Y02B,EP0780986|EP1050969|US20090080267|US8421659|EP2642823,200
EP2896331A1,EP2896331,2015-07-22,A23C|A47J|A23G|B65D,WO1998014069|GB2374816|WO2006043102|EP1985213|EP2168468,200
EP2896494,EP2896494,2015-07-22,B29C|B64F|B29K|B29L,,200
EP2897310,EP2897310,2015-07-22,H04B|G01D|G01K|G01L|G01M,EP0907073|WO2013013712,200
EP2897081A1,EP2897081,2015-07-22,G06N|G06V,JP2006012165|EP1975558|EP2214122|WO2013173911,200
EP2898831A1,EP2898831,2015-07-29,A61B|G01S|G06T,EP2030570|US20110063288|EP2333576|US20120116219|US20120184849|EP2705798,200
EP2899119,EP2899119,2015-07-29,B64C|Y02T|Y10T,US5310138|US5381986|US6260799|US20100019080,200
EP2899387A1,EP2899387,2015-07-29,F02M|F02D,US5803049|WO2003081007|EP1995440|US20100145597|EP2236809|EP2453122|EP2554825,200
EP2899664A1,EP2899664,2015-07-29,H04L|G06F,EP1577780|EP1959370|US20120131353,200
EP2899770A1,EP2899770,2015-07-29,H01M|Y02E,EP2372814|EP2475031|EP2523238,200
EP2898836,EP2898836,2015-07-29,A61B,US7988713|US6074391|US7955355|US8002798|US8177817|WO2007092056|US20070233079|US8157809|US8231635|WO2010121291|WO2013178940,200
EP2899787,EP2899787,2015-07-29,H01M|Y02E|Y02P,US20090176136|EP2608304|JP2013131329|EP2624352,200
EP2899787A1,EP2899787,2015-07-29,H01M|Y02E|Y02P,US20090176136|EP2608304|JP2013131329|EP2624352,200
EP2902083A1,EP2902083,2015-08-05,G06F|A63F|H04M,EP1672973|US20070202956|EP1691263|US20080068356|WO2009126480,200
EP2902221A1,EP2902221,2015-08-05,B60G,BE670273|FR2058788|US5080392|EP1123894|EP1541773|US20080088107|US20080100017|EP2444304,200
EP2899697A1,EP2899697,2015-07-29,G07F|G07D,US1721511|JP2514825|JPH08320961A|EP2131333|JP2007200369|EP2463829|EP2830025,200
EP2839786A1,EP2839786,2015-02-25,A61B|G06F|G06T|G09G|G16H|G16Z|H01M|H02J|H03K|Y02E,US7959050|EP1785097|US7431188|WO2009039506|EP2044890|US20090090763|EP2055243|US20110278344|US8201721|EP2218409|EP2263568|US20120298719,200
EP2901948,EP2901948,2015-08-05,A61B|F16D,,200
EP2902528,EP2902528,2015-08-05,C23C,US5137774|US5654035|US5980988|US5863640|US5876860|US6333103|US6869668|US7094447|US7201956|US7442432|US7442431|US7455900|US7993742|US7763346|US7923101|US7597511|US20120003452|WO2013038000,200
EP2902624A1,EP2902624,2015-08-05,F03D|Y02E,EP1790851|EP2093420|US20110140428|EP2679812,200
EP2902541A1,EP2902541,2015-08-05,D06F,US3696521|US6671978|EP1634987|EP2415920|EP2602378,200
EP2903386A1,EP2903386,2015-08-05,H04W|H04L,US20100130219|GB2472791|EP2448325|EP2675213|WO2012134567|US20130201960|WO2013140243,200
EP2903030,EP2903030,2015-08-05,H10F|H10P|Y02E,US7468485|US20070256728|US20100186808|DE102009018112|US20120060904|US20120138135|WO2015048192|EP2871682,200
EP2904892A1,EP2904892,2015-08-12,B01D|A01C|C01B|C05B|C05F|C02F|Y02A|Y02E|Y02P|Y02W,US20050051495|EP1849751|DE102005040018|EP2514294|WO2013055279|WO2013133703|WO2014003554,200
EP2905000A1,EP2905000,2015-08-12,A61F|Y10T,US4940464|US5092861|US5246433|US5562646|EP0691133|US5569234|US6120489|US5957908|US5897545|US6120487|JP2002065718|US20030233082|WO2008155699|US20100051166|EP2532329|EP2679209,200
EP2905075,EP2905075,2015-08-12,B01J|B01D,,200
EP2902287A1,EP2902287,2015-08-05,B60W|B60K|Y02T|Y10S,US20040204286|EP1122109|US20020088291|WO2008092353|US20110203859|US20120245783|EP2517938|EP2439094|WO2013014510|WO2013031491|US20130096749,200
EP2905149,EP2905149,2015-08-12,B60C,JP2012116245,200
EP2905143,EP2905143,2015-08-12,B41J,JP4012200|JP2007136764|EP1839884|JP2007309660|EP2508347|EP2803492,200
EP2905371A1,EP2905371,2015-08-12,D06F,WO2003095320|EP1593768|EP1826308|EP2458065|DE102011055090,200
EP2839787,EP2839787,2015-02-25,A61B|G06F|G06T|G09G|G16H|G16Z|H01M|H02J|H03K|Y02E,US20090057369|US7959050|EP1813207|US7431188|US20090090763|US20110278344|US8201721|US20120298719|US20130175318,200
EP2905178,EP2905178,2015-08-12,B60R,EP2426013|DE102011053604,200
EP2905323A1,EP2905323,2015-08-12,C10M|C10N,JPH0322438B2|JP2003252887|JP2004002866|JP4965228|EP2112217|JP2010280821|EP2439256,200
EP2905424A1,EP2905424,2015-08-12,F01D|F04D|F05D|Y02T,JPS61164002A|EP0965391|JP2004084524|EP2022942|US20090238686|WO2014133546,200
EP2839790A1,EP2839790,2015-02-25,A61B|G06F|G06T|G09G|G16H|G16Z|H01M|H02J|H03K|Y02E,EP1411626|DE202004012389|US7959050|US20070270784|US7431188|EP2044890|US20090090763|US20130214025|US20110278344|US8201721|US20110295269|EP2165664|US20110241597|US20120298719,200
EP2905445A1,EP2905445,2015-08-12,F02B|F01D|F16C|F05D|Y02T,DE4331789|EP0972918|EP0976919|US20110099999|DE202011101119|WO2013048687,200
EP2905630,EP2905630,2015-08-12,G01R|H02H|H02P,,200
EP2905666A1,EP2905666,2015-08-12,G05B|F02C|F05D,US4215412|DE4023663|US6466858|EP1418481|EP1420318|US6892127|US8050843|US20070214796,200
EP2905770,EP2905770,2015-08-12,G09G,,200
EP2907796,EP2907796,2015-08-19,C04B,DE4441567|WO2005092990|US20120037838|EP2256099|FR2955102,200
EP2907978A1,EP2907978,2015-08-19,F01D|F02C|F05D|Y02T,EP1526251|EP2264282|US20110079019|EP2573329|WO2014175969,200
EP2911194A1,EP2911194,2015-08-26,H10W|H10H,JP2002261325|US20020158578|US20070080636|WO2009158313|EP2388838|EP2535640|WO2013179625,200
EP2910381A1,EP2910381,2015-08-26,B41J|B41M|D06P,EP0705707|JPH08311782A|EP1577101|EP1674275|DE102012101872|EP2754559,200
EP2912998A1,EP2912998,2015-09-02,A61B,EP1887372|EP2465428,200
EP2907660A1,EP2907660,2015-08-19,B05C|H10P|B41F|H10D|H05K,WO2006081511|EP1713311|US20070068404|JP2007268715|EP2506330|WO2013011788,200
EP2913461,EP2913461,2015-09-02,E05B,DE3731877|DE4126681|EP2027791|EP2525024,200
EP2913384A1,EP2913384,2015-09-02,C10M|C10N,US3219666|US3172892|US3202678|US3024195|US3024237|US3254025|US3087936|US3154560|US3216936|WO1989004358|EP0330522|WO1992019703|EP1104800|EP1428866|US20050107269|EP1526169|EP2692840,200
EP2911206,EP2911206,2015-08-26,H10F|Y02E|Y02P,,200
EP2913499A1,EP2913499,2015-09-02,F02C|F01K|F02G|G05B|F05D|Y02E,US20110037276|US20130158731|EP2562372|EP2657468,200
EP2913918,EP2913918,2015-09-02,H02P,,200
EP2913501A1,EP2913501,2015-09-02,F02C|G05B|F05D,US20040088060|EP1420153|US20080243352|EP2617967,200
EP2905679A1,EP2905679,2015-08-12,G06F|H04R,US20060197750|US20100026656|EP2450775|US20120229380|EP2595043|US20130300668,200
EP2915729A1,EP2915729,2015-09-09,B62K|B62J,EP1081036|EP2039600|WO2012029687|EP2447138|EP2703265,200
EP2916506A1,EP2916506,2015-09-09,H04L|H04B|H04J|H04W,EP2200244|EP2348655|EP2608474,200
EP2915465A1,EP2915465,2015-09-09,A47J,US5755149|EP1219217|EP1859714|EP2265156|EP2405790|EP2250950|WO2010149468|US20130239820|EP2606779,200
EP2916277A1,EP2916277,2015-09-09,H04L|G06Q|H04W,EP1982464|US20080132215|EP2537568,200
EP2918692A1,EP2918692,2015-09-16,C22C|B22F|F16C,EP0962541|US20030209103|EP1808503|EP2048253,200
EP2916566A1,EP2916566,2015-09-09,H04R,EP2229008|EP2528138,200
EP2918510A1,EP2918510,2015-09-16,B65D,EP0270343|FR2668129|WO1993017924|GB2389842|EP1947020|EP2647581,200
EP2918693A1,EP2918693,2015-09-16,C22C|B22F|F16C,EP0962541|JP2005133736|EP2048253|JP2010031373,200
EP2913715A1,EP2913715,2015-09-02,G03G,JPS62121463A|JPH04198946A|JPH07104522A|JPH09127736A|EP0974873|EP1065571|JP2001075315|EP1237051|JP2009139707|EP2416220,200
EP2916604,EP2916604,2015-09-09,H04L|H04W|H04B|H04J,US3898390|WO2007059448|US8265126|WO2009120126|US20120014298|WO2013190258,200
EP2918816A1,EP2918816,2015-09-16,F02M|F16K|F02D,DE102009046474|EP2375036|WO2012172351|EP2538061|DE102011089337,200
EP2918975A1,EP2918975,2015-09-16,G01C|F03G|G01D|H02J,US5797201|US6438193|JP2007004577|US20100090477|EP2458338|EP2530822|US20120307538|US20130191069,200
EP2919235A1,EP2919235,2015-09-16,H04N|G11B|G06F,EP1394802|EP1523009|US20060067171|JP2007232920|EP2141705|JP2009276466|JP2010009469|EP2787506,200
EP2919092A1,EP2919092,2015-09-16,F04B|F04D|G06F|H05K|H10W|F28F,EP2096517|EP2650751|US20130301218,200
EP2919155A1,EP2919155,2015-09-16,G06T|B07C|B25J|G06V,WO1994006093|US6633686|US20080013836|EP2058761|EP2249289|JP2013156094|US20140067317,200
EP2918906A1,EP2918906,2015-09-16,F21V|F16B|F21Y,US4728235|US5827026|US20050180157|US20080130275|US20110031864|WO2011015168|EP2295844|WO2011124974|EP2413021|US8568001,200
EP292056,EP292056,,,,200
EP2919208A1,EP2919208,2015-09-16,G06Q|G06F|G07F|G07G|G09G,US5757369|EP1001388|EP1615161|WO2002011039|JP2003016536|EP2065783|WO2014023447,200
EP2919571A1,EP2919571,2015-09-16,H05K,WO2008055515|EP1998344|EP2487327|EP2666956,200
EP2921729,EP2921729,2015-09-23,F16C,,200
EP2921573A1,EP2921573,2015-09-23,F16B|C23C|B05D|B23P|Y10T,EP0599662|US5760338|EP1413642|EP2626166,200
EP2919558A1,EP2919558,2015-09-16,H05B|Y02B,WO2006102355|WO2010011971|US20120112638|EP2515611|EP2587891|EP2635092|EP2701461,200
EP2921647,EP2921647,2015-09-23,F01D|F04D|F05D,US5525038|EP1524405|EP1754859|EP2022988|US20100054946|US20130017094|GB2490127,200
EP2921779A1,EP2921779,2015-09-23,F23M|F23R|F02C|F05D,CH259927|EP0321809|DE19547913|WO2002088601|US20040211186|EP1508680|US20090272124|EP1983266|US20120060504|US20120247111|EP2527738,200
EP2886063A1,EP2886063,2015-06-24,A61B|Y10T,US4874122|US8317070|US7845537|US20110226837|US7980443|EP2371296|EP2116192|US20100133316|US20120074198|US20120080336|US20120080344|US20120080498|US20120298719|WO2013016633|EP2649949,200
EP2922306A1,EP2922306,2015-09-23,H04N|H04W,EP1501038|US20110271301|EP2490419|US20120210364|US20130041938|US20130225151|JP2013187589|US20130304817,200
EP2919283A1,EP2919283,2015-09-16,H10H|H10F|H10K,EP2393133|WO2013005646|US20140220714|WO2013137356|US20150050760|EP2642534|EP2667423,200
EP2921965A1,EP2921965,2015-09-23,G06F,JPH07311661A|WO2003090089|EP2610755|JP2013140446|EP2634696|US20130346369,200
EP2922113A1,EP2922113,2015-09-23,H01M|Y02E,US20100323234|EP2284932|EP2357685|EP2500959|EP2544264,200
EP2921943A1,EP2921943,2015-09-23,H04L|G06F|H04M,EP1705881|EP1785851|US20100050092|WO2011085248|US20130254708,200
EP2923997A1,EP2923997,2015-09-30,B67D,GB1537821|GB2359065|WO2004101424|EP1662218|WO2008012915|WO2008129018|WO2008129013|WO2008129012|WO2008129016|EP2025640,200
EP2923927A1,EP2923927,2015-09-30,B62J,EP1291274|JP5095250|EP2082951|JP2010070168,200
EP2923839A1,EP2923839,2015-09-30,B41J,US20070052764|EP1997637|US20100156997|EP2535189,200
EP2924162A1,EP2924162,2015-09-30,D06F,US6166117|US20040107742|US6787512|US20060213801|US20050178169|EP1607507|EP1690969|EP2390402|WO2010119022|US20110188784,200
EP2924279A1,EP2924279,2015-09-30,F03D|F05B|Y02E|Y02P|Y10T,EP2514965|EP2647835,200
EP2924082A1,EP2924082,2015-09-30,C09D,JP2003201412|WO2005097912|WO2005108502|WO2006001274|WO2006051850|EP1810999|WO2007077931|JP2013072061|EP2650334|EP2674462|EP2695920,200
EP2924361A1,EP2924361,2015-09-30,F24F,JPH0674537A|US20030061828|EP1925886|KR20120016202|EP2413449,200
EP2924530,EP2924530,2015-09-30,G05D|G08G,EP0637787|US20100114407|US20100131125,200
EP2924295A1,EP2924295,2015-09-30,F04C|F25B,EP0935106|WO2003060324|EP2042740|JP2013245837,200
EP2924661,EP2924661,2015-09-30,G07B,US20110153495|US20120296828|ITTO20110575A1|US20130030964|ITTO20110861A1|EP2575098|ITTO20130459A1,200
EP2924572,EP2924572,2015-09-30,F22B|G06F|G05B,,200
EP2924570,EP2924570,2015-09-30,G05B|G06F|Y02P,,200
EP2924695,EP2924695,2015-09-30,G01L|H04R|H05K,,200
EP2924682,EP2924682,2015-09-30,G09G,,200
EP2924934A1,EP2924934,2015-09-30,H04L,EP1530328|US20080043768|WO2011053488|EP2629459,200
EP2925010A1,EP2925010,2015-09-30,H04N,EP1199887|EP1429552|EP1569445|US20090158162,200
EP2926700A1,EP2926700,2015-10-07,A47J|H05B,DE102010060650|EP2354738|EP2540199|KR20100124243|US20130220143|EP2767159,200
EP2926741A1,EP2926741,2015-10-07,A61B,WO1996003925|WO1998011814|US20020009275|US20110276062|US20030225312|EP1825803|EP2143390|WO2011082350|US8518055|US20130304091,200
EP2924950A1,EP2924950,2015-09-30,H04L,EP1705869|EP2573976,200
EP2927061A1,EP2927061,2015-10-07,B60R,US20060219776|EP1564690|US20060061458|EP2068535|US20080147304|WO2009009316|FR2965434|EP2590146,200
EP2926972A1,EP2926972,2015-10-07,B29C|H02H|Y02P,EP1933449|US20100102770|EP2552010|JP2013027987|EP2664439,200
EP2927125A1,EP2927125,2015-10-07,B64D,GB903956|US4185799|EP0708018|EP0850833|EP1118537|EP1125520|DE102008031021|DE102011109390,200
EP2927404A1,EP2927404,2015-10-07,E05C|E05B,EP1229194|DE20112136|EP1577472|EP1785562|EP1997990|EP2105569|DE102008049319|US20130192027|US20130031840|EP2586943|EP2647784,200
EP2927301,EP2927301,2015-10-07,G02F|C09K,,200
EP2927483A1,EP2927483,2015-10-07,F03D|F05B|Y02E,EP2000665|US20100074748|US20120171036|WO2012146252|EP2543876,200
EP2927428,EP2927428,2015-10-07,F01D|F05D|Y02T,US4798515|EP2105580|US20100129196|EP2236751|EP2620592,200
EP2927565A1,EP2927565,2015-10-07,F21S|F21V|F21Y,EP0508239|US5951151|US20030007354|WO2004076918|EP1455135|EP1860369|US7311422|US7559677|EP2314909|WO2011148294|CN102155654|EP2759765|GB2505337,200
EP2927504,EP2927504,2015-10-07,F02C|F01D|F04D|F05D|Y02T,US20070235373|EP2006511|EP2305963,200
EP2927643A1,EP2927643,2015-10-07,H04W|G01C|H04L|H04M,US20030163283|EP2015029|US20130325399|EP2612595,200
EP2927707A1,EP2927707,2015-10-07,A61B|G01S,EP1793343|EP2702946|EP2710960,200
EP2927740,EP2927740,2015-10-07,G02B|G02F|G09F|H05K,EP2664957,200
EP2930433A1,EP2930433,2015-10-14,F24C,EP1028604|JP2001099615|DE102006005874|DE102008042804|EP2149755|WO2012063135|EP2530387,200
EP2927750,EP2927750,2015-10-07,G03G,JPH0540367A|JP2006337579|JP2007057943|EP1962143|JP2008203476|EP1975732|JP2008242348|JP2009086093|US20090176170,200
EP2930150,EP2930150,2015-10-14,B03D|B01D|B01F|C02F,US20070040051|US20140083845|KR101348591,200
EP2930577A1,EP2930577,2015-10-14,G05B|Y02P,US7127320|WO2006125771|EP2365410|EP2592515,200
EP2930815A1,EP2930815,2015-10-14,H02J|H02M|B63H,DE19519424|US5790394|EP2192681|EP2451041|EP2482425,200
EP2930847A1,EP2930847,2015-10-14,H03L|G06F,WO2000046927|EP1890382|EP1950886,200
EP2930783,EP2930783,2015-10-14,H01P,US2702371|US3624566|JPS6083402A|US20050030117|US20130271232,200
EP2930698A1,EP2930698,2015-10-14,G07C,EP0735219|EP2341359|EP2469478|EP2612795,200
EP2932879A1,EP2932879,2015-10-21,A01K|A47L|B08B,US5197673|EP0567208|EP1486158|EP2366465,200
EP2930587,EP2930587,2015-10-14,H05K|B22F|B33Y|F28D|G06F,US20020021556|US20090040726|WO2009120613|DE102011086786,200
EP2932919A1,EP2932919,2015-10-21,A61B,US20090314821|US20070112361|EP2236097|EP2462880,200
EP2933369A1,EP2933369,2015-10-21,D06F|H01H|F21V|G02B|G05G|F21Y,US20050077166|EP2039821|CN201245779|EP2650422,200
EP2933472A1,EP2933472,2015-10-21,F02M,WO2005113973|EP1602824|EP1988278|EP2149699|EP2246554,200
EP2932913,EP2932913,2015-10-21,A61B,EP1943956|US20080255413|EP1997439|US20120089131|US20120253329|US20130018400|EP2684529,200
EP2932913A1,EP2932913,2015-10-21,A61B,EP1943956|US20080255413|EP1997439|US20120089131|US20120253329|US20130018400|EP2684529,200
EP2933008,EP2933008,2015-10-21,B01D|F23J|Y02C|Y02E,US20090199709|FR2900843|US20100104490|US20100132551,200
EP2934019A1,EP2934019,2015-10-21,H04N,WO2007078738|EP2242258|EP2393303|WO2014083303,200
EP2933860A1,EP2933860,2015-10-21,H01M|Y02E|Y02P,US20060024578|EP2309569|EP2328204|EP2410594,200
EP2937543A1,EP2937543,2015-10-28,F02C|F02K|F05D,US3819008|US4104002|EP1715158|EP1783346,200
EP2933795A1,EP2933795,2015-10-21,G01S|B06B|G10K|A61B,WO1999040847|US20040102700|US20050015009|EP1779784|US20110077524|US20100251823|EP2690462,200
EP2937108,EP2937108,2015-10-28,A61M|A61B,JP2001190680|JP2005230318|JP2007244492|US20080255507,200
EP2937806A1,EP2937806,2015-10-28,H04L|G06F,WO2005020041|EP1582950|US20090222901|EP2120175|EP2228942,200
EP2937999,EP2937999,2015-10-28,H03K|G06F,WO2003067379|WO2005078608,200
EP2937863,EP2937863,2015-10-28,G06F|G11B,,200
EP2938173A1,EP2938173,2015-10-28,H05K,US4858069|US6175494|US7038910|EP2629592|EP2661166,200
EP2939529A1,EP2939529,2015-11-04,A01G|A01B|E02F,EP1889537|SE1350220|WO2013137801|EP2674828|EP2719274|WO2014133435,200
EP2939580A1,EP2939580,2015-11-04,A47L,WO2002074150|EP2420171|EP2420170,200
EP2939608A1,EP2939608,2015-11-04,A61B,US4498796|US5332142|US5915616|US5542594|US5908427|US5964774|US6045560|US5964394|US6241139|US6330965|EP1064883|US7819896|US20060135992|US20060085034|US7823592|US7938307|EP2005895|EP2008595|US20100092710|US8157151|EP2543339|US20130062391|US20130112731|US20130123816|WO2014004209,200
EP2940070,EP2940070,2015-11-04,C08J,JPH0116125B2|JPH0429522B2|JPS60185816A|JPH0323858B2|EP1378538|JP2011213906|EP2573133|EP2657279,200
EP2937047,EP2937047,2015-10-28,A61B,US6239732|WO2008008178|WO2008020964|WO2009039506|WO2010112609|US20110121049|US20120253326|CA2824590,200
EP2939786,EP2939786,2015-11-04,B64F|G01S|G05B|B23Q|B60Y|E05Y|Y02P,US20020066192|US20050172470|US20090112349|US20110054694|US20130158697,200
EP2940283A1,EP2940283,2015-11-04,F01D|F02K|F05D,EP2290199|EP2305985|EP2600008|EP2620653,200
EP2940635,EP2940635,2015-11-04,H04N|G06Q|G06F,WO1999045521|US20090014514|US20130311519,200
EP2940789A1,EP2940789,2015-11-04,H01Q,EP1950834|EP2117074|US8054231|EP2648276|US20140001274|US20130082884|EP2621017|US20140078008,200
EP2940674A1,EP2940674,2015-11-04,G05D|G01C|G08G,US20100274417|US8164487|EP2544163|EP2696171,200
EP2940490A1,EP2940490,2015-11-04,H04W|G04R|G01S,EP1229344|US20070066231|WO2006042810|EP2634593,200
EP2942490,EP2942490,2015-11-11,F02C|F01D|F05D|Y02T,US6612114|US20050022535|EP1923539|EP2615275,200
EP2942508,EP2942508,2015-11-11,F02C|F01D|F02K|H05K|H10N|F05D|Y02T,EP1905986|EP2581554|US20130319016|EP2631452,200
EP2942672A1,EP2942672,2015-11-11,G03G,JP2003173109|EP1385119|EP1613052|JP2006198804|EP2228714,200
EP2939840A1,EP2939840,2015-11-04,B41J,US3596275|US3946398|US4490728|US5218754|US5367326|EP1190862|JP2002211056|US20050163553|EP1602499|US20090073221,200
EP2940990A1,EP2940990,2015-11-04,G01T|A61B|H04N|H10F,WO2001076228|EP1227662|EP1341375|EP1746442|US20100294942|JP2011174908|JP2012015913|US20140061496|WO2014045835|US20150182182,200
EP2944455A1,EP2944455,2015-11-18,B29C,EP1859922|WO2007137814|EP1870228|EP1972429|EP1985538|EP2108504|EP2540484|EP2517865,200
EP2944432A1,EP2944432,2015-11-18,H02P|B25F|Y02E,US7714538|US20060222930|EP2127824|DE102008040061|EP2495843|US20110198103|WO2013014914|EP2713474,200
EP2944839A1,EP2944839,2015-11-18,B62D|F16D,US2706897|JP2002518242|JP2004149070|EP1752671|JP4491716|EP1830090|EP2518358|JP2013173440|WO2014069060,200
EP2942028,EP2942028,2015-11-11,G01L|A61B,US7044353|US8256656|US6953139|US20070088340|US7407075|US20120089131|US20110017801|US20100250000|US20110174099|US20130098965|US20140012289|US20140110453|EP2724674,200
EP2942830,EP2942830,2015-11-11,H01M|Y02E,,200
EP2945398A1,EP2945398,2015-11-18,H04M|H04R|G08B,WO2005099301|WO2006075275|EP2375775|EP2387251|US20130133431|US20130051567,200
EP2946704,EP2946704,2015-11-25,A47J,EP1092378|EP1491120|EP2036471|WO2011064702,200
EP2945087,EP2945087,2015-11-18,G06Q|G16H,US20080114212|US20080114214|US20090125840|US8355928|US20100022849,200
EP2946809A1,EP2946809,2015-11-25,A61N|G21K|H05H,US3014132|DE2363490|WO1992012415|EP1329938|EP1895819|EP2110844|WO2012014671|EP2600356,200
EP2946802A1,EP2946802,2015-11-25,C08G|A61M|B32B|A61J|Y10T,JPS58174419A|JPH0314882A|JPH03122137A|JPH0463807A|JPH05300939A|JPH05317411A|JPH08127641A|JP2000504770|JPH10100351A|JP2001240661|JP2003138074|EP1442762|JP2004229750|JP2004298220|JP2004323058|EP1489132|JP2007238856|WO2008075639|EP2095837,200
EP2947012A1,EP2947012,2015-11-25,B64D|B60H|Y02T,EP1860026|US20100101251|DE102008053320|DE102010054448|WO2012079756|EP2591999,200
EP2946925A1,EP2946925,2015-11-25,B32B|H05K|B29C|F02C|H01B|Y02T|Y10T,EP2437363|EP2457723|EP2759318,200
EP2947447,EP2947447,2015-11-25,G07C|G01M,JP2001108580|JP4173112|JP2013140178,200
EP2947546,EP2947546,2015-11-25,G06F,US20120105486|EP2642752,200
EP2947637A1,EP2947637,2015-11-25,G08G|G05D,EP2040137|EP2667273|EP2685440,200
EP2945143A1,EP2945143,2015-11-18,A63B|G09B|G16H,EP1637192|US7740551|GB2429411|US8517869|US20120254934|EP2650807|US20130274040|EP2657924,200
EP2947643A1,EP2947643,2015-11-25,G09G|G06F|G09F,EP2538400|US20050040962|US20120204453|EP2546721,200
EP2947759A1,EP2947759,2015-11-25,H02M|H02P,EP0987813|EP1404013|EP2043240,200
EP2947538,EP2947538,2015-11-25,G06F|H04M,,200
EP2947777A1,EP2947777,2015-11-25,H04L|H03M|H04N|Y02D,US20100091709|EP2362650|WO2011139266|EP2645709,200
EP2949362,EP2949362,2015-12-02,A61K|A61Q|A61P,JP2002179592|JP2004091398|JP2004250445|JP4255432|JP2007099650|JP2008308505|JP2010248150|WO2011004733,200
EP2947800A1,EP2947800,2015-11-25,H04W|H04B|H04L,EP1569492|EP1761097|EP1986349|EP2020822|EP2020823|EP1928095|US20080274742|EP2242301,200
EP2949376,EP2949376,2015-12-02,B01D|F23J|F26B|Y02A|Y02E|Y02P,,200
EP2949377,EP2949377,2015-12-02,B01D|B04B|C02F|F23J|F26B|Y02P,,200
EP2949805A1,EP2949805,2015-12-02,D06F|B23K|B23P|B32B|Y10T,US5289703|EP1990462|EP2213778|EP2602376,200
EP2949799A1,EP2949799,2015-12-02,D04B|D10B,US4487040|US4802346|JPH1181096A|EP1152079|US6949201|KR20020001924|US20020184925|EP1403411|WO2003023105,200
EP2949486A1,EP2949486,2015-12-02,B60C,EP1398184|US8284390|EP1515129|EP1714807|EP2110270|US8613303|US8387675|EP2524821|EP2692553,200
EP2949431A1,EP2949431,2015-12-02,B23Q|B25F|Y10T,EP1132179|EP1454710|US20050048884|EP2338644|US20130008677|EP2639015,200
EP2950309A1,EP2950309,2015-12-02,G11B|G06F,EP0903744|US20040150663|US20080193100|US20090123124|EP2680117,200
EP2950294A1,EP2950294,2015-12-02,B60W|G06V|G08G,US20120130561|US20120288151|DE102011106176|EP2562060|DE102012005272|EP2654028|EP2693416|DE102013005362,200
EP2949962A1,EP2949962,2015-12-02,F02M|B62K|F02B|Y02T,EP1464825|EP1707483|US20070149105|JP2010059923|JP2010095244|JP2012001035,200
EP2949986A1,EP2949986,2015-12-02,F16H|F03D|F16N|F05B|Y02E,US5611411|US20110150655|US20120211307|EP2535633|US20130336764|DE102011080359|EP2541057,200
EP2952745A1,EP2952745,2015-12-09,F01D|F04D|F05D|Y10T,US5860787|EP0971096|EP1312756|US20100034659,200
EP2952151A1,EP2952151,2015-12-09,A61B,US5391199|WO1996005768|US20020065455|US6690963|US6618612|US6332089|US6239724|EP1070480|US6484118|US20030120150|US20040068178|US20040147920|US7001383|US20080172049|US20130116881|EP2662049,200
EP2952233A1,EP2952233,2015-12-09,A63F,EP2030661|US20120007882|EP2475178|EP2497545|JP2012252468|JP2013069301,200
EP2952710A1,EP2952710,2015-12-09,F02C|B60T|F01D|F04D|F05D|G16Z|Y02B,US20040123600|EP1538319|EP1571509|US20080229754|US20130158680,200
EP2950614,EP2950614,2015-12-02,F24C|H05B,WO1997037515|JP2004047283|US20110253693|EP2579680|EP2876976,200
EP2953325A1,EP2953325,2015-12-09,H04L,EP2120419|EP2432187,200
EP2952747A1,EP2952747,2015-12-09,F04C|F04B|F04D|F16L,EP1291570|DE102011002869|EP2495426|WO2014051937,200
EP2954828,EP2954828,2015-12-16,A47L|B08B,EP1566477|EP1762169|DE102011051356,200
EP2952815A1,EP2952815,2015-12-09,F23R,JPH0586902A|EP2551596|EP2634486|EP2706295,200
EP2955028A1,EP2955028,2015-12-16,B41J,EP1348727|WO2004002746|JP2004188891|EP1627746|US20070206083|EP2095968|EP2522515,200
EP2955199,EP2955199,2015-12-16,C08F|C09D|C08L,EP2567990|WO2013116318|WO2014088873|EP2845870,200
EP2955326,EP2955326,2015-12-16,F01D|F02C|F05D,EP2604794,200
EP2955327A1,EP2955327,2015-12-16,F01D|F05D,EP1004750|EP1101947|EP1717419|US20100329875,200
EP2957723A1,EP2957723,2015-12-23,F01D|Y02T,EP1795703|EP1867837|EP2009247,200
EP2955925A1,EP2955925,2015-12-16,H04N,JP2000236308|DE10060060|EP1463320|EP1631072|WO2007088482,200
EP2955940A1,EP2955940,2015-12-16,H04L|H04W|Y02D,WO2013004905|EP2557854|EP2658301,200
EP2954854,EP2954854,2015-12-16,A61B|G06F|Y02A,US7044353|US6953139|US8256656|US7407075|US20120089131|US20110174099|US20130098965|US20140012289|US20140110453,200
EP2959996A1,EP2959996,2015-12-30,B23C,US3037264|JPH07171707A|EP1072345|WO2012111004|EP2730359,200
EP2957998A1,EP2957998,2015-12-23,G06F,EP1615109|JP2010012158|EP2237563|EP2437147|US20110084934|JP2011203861,200
EP2960267,EP2960267,2015-12-30,C09D|C08F|B32B|C09J|H05K|C08G,,200
EP2960358A1,EP2960358,2015-12-30,H01J|C23C|H05H,JP2002018276|US8328982|WO2008038901|WO2008082297|WO2010047593|EP2362411|EP2666544,200
EP2960409A1,EP2960409,2015-12-30,E05C|E05B,US3498657|EP0322266|DE9012506|EP1621833|EP2322382,200
EP2960279A1,EP2960279,2015-12-30,C08K|C08L,EP0316187|US5234879|EP0491566|WO1992012182|EP0586390|WO1992019658|EP0591224|WO1992019653|EP0991684|EP0887381|EP0887379|EP0887380|WO1999024479|WO1999024478|WO1999033843|WO2000006831|WO2000068315|WO2004000899|WO2004055101|WO2004111095|EP1514893|WO2007017360|EP1801155|EP2186834|WO2012007430|EP2610270|EP2610271|EP2610272,200
EP2960434A1,EP2960434,2015-12-30,F04D|F01D,EP0317432|EP1013878|EP2378075,200
EP2960467A1,EP2960467,2015-12-30,F02C,EP2557038|EP2613035,200
EP2960468A1,EP2960468,2015-12-30,F01D|F02C|Y02T,FR2851295|EP2613035|EP2620616|US20140165588,200
EP2963183A1,EP2963183,2016-01-06,E02D|E02B|E04H|F03D|Y02E,EP1867790|EP2508677|WO2013153395|EP2662495|WO2014027212,200
EP2962920A1,EP2962920,2016-01-06,B62H,DE2519068|DE8004739|DE3308977|NL8303428|EP0550795|US5802889|NL1021598|EP1686049|EP1834864,200
EP2963402A1,EP2963402,2016-01-06,G01K|H04M,EP1301014|US20130099008|US20110119018|US20110273378|CN202231764|EP2682715|EP2793450,200
EP2962647A1,EP2962647,2016-01-06,A61B,US4576167|US4646745|US4473077|US5119983|US5005749|US6053390|US5588579|WO2003105698|WO2006044490|EP1702570|EP1825820|US20090001122|EP2189121,200
EP2963429A1,EP2963429,2016-01-06,G01R,GB2381322|EP1953890|EP2461026|DE102011007222|US20120319660|CN202110220|EP2677330|CN102751894,200
EP2963584,EP2963584,2016-01-06,G06V|G06F,,200
EP2965641,EP2965641,2016-01-13,A24F,EP2260733|EP2489391|CN202276831|WO2013159245|CN203105624,200
EP2963714A1,EP2963714,2016-01-06,H01M|C01B|Y02E,JP2004116934|EP1850415|EP2237352|US20130316258,200
EP2960768A1,EP2960768,2015-12-30,G09G|G06F|H04M,EP2148268|EP2226713|US20120278727|US20130169510|US20140068469,200
EP2923661,EP2923661,2015-09-30,A61B|H01M|Y02E,US3157308|US5403312|US7845537|US8360297|US8210411|US20100089970|US20120298719,200
EP2965641A1,EP2965641,2016-01-13,A24F,EP2260733|EP2489391|CN202276831|WO2013159245|CN203105624,200
EP2966288A1,EP2966288,2016-01-13,F02C|F01D|F02K,EP1728992|EP2275655|EP2392776|EP2415992|EP2722509,200
EP2965926A1,EP2965926,2016-01-13,B60C,EP2374636|JP2012025307|EP2529954|EP2657048,200
EP2966357A1,EP2966357,2016-01-13,B23P|B22F|F23R|Y02P,WO2001020534|EP1685923|US20090255102|US20120227408|EP2664410|WO2014043537,200
EP2966523A1,EP2966523,2016-01-13,G05B|G06Q|Y02P,EP1519254|EP1923760|EP2169495,200
EP2966559A1,EP2966559,2016-01-13,G06F,EP2065796|EP2693725,200
EP2966406A1,EP2966406,2016-01-13,G01C,EP2428767|EP2701250,200
EP2966368,EP2966368,2016-01-13,F24F,JP5472364,200
EP2966710A1,EP2966710,2016-01-13,H01M|C01B|C01P|Y02E,EP1833109|US20090305129|WO2012000858|EP2648249|US20130295446,200
EP2966774A1,EP2966774,2016-01-13,H02G|H02S|Y02E,JPH1126035A|US20120012162|EP2330634|EP2423978,200
EP2923653,EP2923653,2015-09-30,A61B|A61L|B25F|H01M|H01R|H02J,US5403312|US8210411|US20100089970|US20120298719,200
EP2975259,EP2975259,2016-01-20,F03D|F05B|Y02E|Y02P,US4884772|WO2007140771|US20120151769|US20120257977|DE102011122140,200
EP2923657A1,EP2923657,2015-09-30,A61B|A61L|B25F|H01M|H01R|H02J,US3157308|US5403312|EP1884201|US20080179375|EP2090245|US8210411|US20130126581|US20100089970|US20120298719|EP2823773|EP2845545,200
EP2966841A1,EP2966841,2016-01-13,H04R|H04M|H03G,WO2000074350|EP2048659|EP2278356|US20110194713|EP2592816,200
EP2975531A1,EP2975531,2016-01-20,H04N|G06F,EP0949781|EP1189391|WO2005107367|US20060195873|US20070171198,200
EP2975626A1,EP2975626,2016-01-20,H01H|H01F,US20090284335|WO2010108878|EP2365508|EP2442342,200
EP2975841A1,EP2975841,2016-01-20,H04N|H04M,EP1318658|EP1631084|EP1689155|US20070039025|US20070230794|WO2008033649|US20080291261,200
EP2975686A1,EP2975686,2016-01-20,C22B|H01M|Y02E|Y02P|Y02W,US3679395|EP1041659|EP1049190|EP1215742|US20070134546|WO2008102240|WO2012026061|EP2450991|US20130287654|EP2650961|WO2012169073|WO2013023640|US20130256198|CN202585684,200
EP2977487A1,EP2977487,2016-01-27,C23C|F01D|F05D,EP1088908|WO2009030049|EP2236650|EP2287129,200
EP2974949,EP2974949,2016-01-20,B62J|B62K,JP2009202825|JP2013112296|TW201339025,200
EP2977986A1,EP2977986,2016-01-27,G10L|B64C,EP0332890|GB2377805|EP2337024|EP2405422|US20130030803|US20140079234,200
EP2975881A1,EP2975881,2016-01-20,H04W,WO1993019537|US6201795|US20030109257|EP2375809|EP2237583,200
EP2977867A1,EP2977867,2016-01-27,G06F,EP1821175|US20060201931|US20100253638|EP2503435|KR101330320|KR20130129620|KR20130132061|KR20130132197|US20130342478,200
EP2978157A1,EP2978157,2016-01-27,H04L,EP2385654|EP2466940,200
EP2978228A1,EP2978228,2016-01-27,H04N|H04H,GB2360164|WO2002102078|US20040143785|EP1526735|US20060053446|EP1763236|US20070266419|US20070296864|US20120180102|EP2384011,200
EP2978189A1,EP2978189,2016-01-27,H04W|H04L,EP1578153|US20070232242|EP1973070|EP2219396|EP2239973|WO2010140907|EP2566290,200
EP2978024A1,EP2978024,2016-01-27,G09G|H10K|G02F,US20040256996|EP1717789|KR100846591|KR100846970|US20090102758|KR20090046983|KR20100047505|EP2194425|US20100289994|KR20110057534|KR101073226|KR20120042084|KR20120045252|KR20120069481|KR20120076215|KR20120075828|KR20130066450|KR20130066449|KR20130074147,200
EP2979874A1,EP2979874,2016-02-03,B41J,JP2002079681|JP2007163751|US20080278538|EP2060395|EP2418087,200
EP2979755,EP2979755,2016-02-03,B01J|B01D|F01N|Y02T,,200
EP2980362A1,EP2980362,2016-02-03,F04D|F01D|F05B,EP2236757|US20120292860|EP2586968,200
EP2980297,EP2980297,2016-02-03,D06F,US20020042957|US20100064736|US20110265524|EP2857569,200
EP2980552A1,EP2980552,2016-02-03,F16F|G05B|G01M|F16C,JP2007264746|EP2184595|EP2305420,200
EP2980413A1,EP2980413,2016-02-03,F04D,GB992651|US4676717|EP0484111|US5529457|EP1302668|EP1441130|EP1837527|WO2008043527,200
EP2980982,EP2980982,2016-02-03,H02N|G06F,US6294859|US20070247031|US20090115292|US20100320870,200
EP2982432A1,EP2982432,2016-02-10,B01J|B01D|F01N,JPH10216518A|JP2001104804|EP1944082|EP2682206|EP2749352,200
EP2983397A1,EP2983397,2016-02-10,H04W,EP2528270|EP2701409|US20130128756,200
EP2980503,EP2980503,2016-02-03,F24F,EP1215446|JP2002071164|WO2008136379|EP2568225,200
EP2979821A1,EP2979821,2016-02-03,B25C|B25F,WO2004052595|US6971567|US20090095787|EP2127819|EP2230050|US20110139478,200
EP2982907A1,EP2982907,2016-02-10,F23R,JP2003148734|JP2013024507|EP2551596|EP2634486|EP2711628,200
EP2985084A1,EP2985084,2016-02-17,B05D|B01J|B05C|C04B|F01N,EP1273344|EP2415522|DE102010007499|EP2537655,200
EP2982738A1,EP2982738,2016-02-10,C11D,US2220099|US2477383|US4565647|US4483779|US4483780|US5332528|WO1992006162|WO1993019146|WO1993019038|WO1994009099|US6008181|US6060443|US6020303|US6153577|US6093856|US6166117|WO1999005243|WO1999005244|WO1999005241|WO1999005242|WO1999005082|WO1999005084|US6482994|WO1999007656|US6869923|US6150322|WO2000023548|WO2000023549|US6521587|US6521586|WO2001042408|US20070001673|US20050239908|US6787512|US7135451|US20060213801|US20080021152|WO2006037469|WO2006131846|EP2088187|WO2010119022|US20110188784|EP2399979|EP2757146,200
EP2985166,EP2985166,2016-02-17,B60K|F01N|B60Y,US3933216|US6499561|EP2752327|US20140124283,200
EP2987959,EP2987959,2016-02-24,F01D|B23P,,200
EP2985424A1,EP2985424,2016-02-17,F01D|B22F|B23K|C23C|F02C|B33Y|F05D|Y02P|Y02T,EP1087105|EP1726788|WO2014130158,200
EP2988001A1,EP2988001,2016-02-24,F03D|F05B|Y02E|Y02P,EP2177756|US20100032959|EP2365216|EP2503148|US20130076042|EP2687720|US20130319631,200
EP2983073A1,EP2983073,2016-02-10,G06F,EP2148497|US20120174009|EP2549717|US20130263002|US20130311922|US20140115455|EP2731003|US20140155111,200
EP2985982A1,EP2985982,2016-02-17,H05K|G06F|H04M,EP1919267|EP2552086,200
EP2985322A1,EP2985322,2016-02-17,C09D,US5571311|US5630868|JPH09286939A|US5707432|JPH11343439A|WO2000039226|EP1088860|JP2001207104|JP2003231831|EP1493785|JP2005042098|JP2005042005|JP2006111691|US20070100024|WO2007067686,200
EP2988287A1,EP2988287,2016-02-24,G06T|G01C|G06F|G08G,WO2001011383|US20070005199|EP2149783|EP2169355|EP2228626|EP2533123,200
EP2988311A1,EP2988311,2016-02-24,H05K|F28D|H01F|H02M,EP0025794|WO2008000055|WO2008055515|US20100139544|EP2487327|EP2666956|EP2717401|WO2014071985,200
EP2988122A1,EP2988122,2016-02-24,G01N|H10D,WO2002031481|EP1607739|WO2009066992|EP2565635|US8633047,200
EP2990490A1,EP2990490,2016-03-02,G01N|C12Q|G16B,US20030148302|EP1518935|US7788039|EP1798542|EP1798652|US20080154511|US20140095080|EP2719770,200
EP2990520A1,EP2990520,2016-03-02,D06F,US20090211309|EP2230349|EP2581488|EP2682515,200
EP2990524,EP2990524,2016-03-02,D06F,EP1209277|EP2343410|EP2549007|EP2392725|EP2733254|DE102012223437,200
EP2988277A1,EP2988277,2016-02-24,G06T|G06F|G09G,US20020143443|US7859655|US8044991|US7873494|EP2664548|EP2674826|EP2759946,200
EP2990601A1,EP2990601,2016-03-02,B23P|F01D|F04D|F05D|Y02T,EP1243797|EP1712738|EP1930598|US20110299979|EP2484913,200
EP2989973,EP2989973,2016-03-02,A61B,US20090048540|US20140135612|US20130072765|WO2013075246|EP2929837,200
EP2990702,EP2990702,2016-03-02,F16K|F24D,US5533549|DE20218913|US6675832|WO2005031200|DE202009001923|FR2981720|WO2013142833|GB2510119,200
EP2954857,EP2954857,2015-12-16,A61B,US5700583|US5698213|US20050059997|US7143925|US20080140115|US20060257458|US7772352|US8317070|US8551058|US20110192882|EP2008595|US20130153641|US20090234193|US20090270686|US20120024934|US20120080335|US8393514|US20130256377|US20120083835|US20130256372|US20130256376|US20130256365|WO2014016819,200
EP2990809A1,EP2990809,2016-03-02,G09G|G01R,WO1997044677|EP0822416|EP0947840|EP0962781|US20030152266|DE102007001043|US20090309879,200
EP2990912A1,EP2990912,2016-03-02,G06F,US20050243072|EP2407863|EP2743798,200
EP2993508A1,EP2993508,2016-03-09,F21V|G02B|G02F,EP1653254|EP2023038|US20120287375|US20130155690,200
EP2990999A1,EP2990999,2016-03-02,G16B|G06F|G06N|G06V,KR20070099775|EP2113867|EP2584491,200
EP2991134,EP2991134,2016-03-02,H01M|Y02E|Y02T,,200
EP2992914A1,EP2992914,2016-03-09,A61M|A61B,US4664660|US5509909|EP0943356|US5997486|EP1358904|US20050054983|WO2006090148|DE102006052686|AT505614|WO2009068661|DE202013103397,200
EP2990926A1,EP2990926,2016-03-02,G06F|H04M,US20100295789|EP2587356|EP2743818|US20140207616|US20140245202,200
EP2993828A1,EP2993828,2016-03-09,H04L,US5838920|US6041352|WO2003096729|US20050025062|EP1681799|WO2006128137|EP2680637,200
EP2993099A1,EP2993099,2016-03-09,B60K|F16H|B60W|Y02T|Y10S,DE19645975|JPH09308012A|US6131680|JP2000002327|WO2005054719|JP2006051842|US20070103106|JP2008101742|US20080147284|JP2009126450|US20100241297|DE102009035779|EP2428709|EP2623384,200
EP2991048A1,EP2991048,2016-03-02,B65G|G07D,US3949364|EP0034940|US4775783|EP0644511|EP0690423|WO1999003071|WO1999010845|EP1001387,200
EP2995641A1,EP2995641,2016-03-16,C08L|C08F|B29C|C08J|C08K|H01G,EP0142724|EP0177961|EP0190889|EP0384431|EP0450342|EP0574801|EP0574804|EP0678527|EP0682066|EP0688817|EP0879830|EP1892264|US20100047544|EP1952970|EP2103426|EP2410539|EP2415791|EP2684676|EP2701165|EP2565221,200
EP2995967,EP2995967,2016-03-16,G01R|H02P,EP0306319|CN102636751,200
EP2995710A1,EP2995710,2016-03-16,D06F,WO2009142355|EP2196574|WO2014037123|EP2719815,200
EP2996009,EP2996009,2016-03-16,G05D|B64C|B64D|G01C|G01S|G08G,US20100039294,200
EP2993796,EP2993796,2016-03-09,H04W|H04B,,200
EP2995863A1,EP2995863,2016-03-16,F23R|F02C|F23M|F05D|Y02T,EP1435489|EP2511475|EP2584150,200
EP2996450A1,EP2996450,2016-03-16,H05K,US6574100|US20050259397|US20070133167|EP1975940|EP2490097|US20120252344|US20140016265,200
EP2993567,EP2993567,2016-03-09,G06F|G02F|H04L|H10K,US20120144293,200
EP2998557,EP2998557,2016-03-23,F02C|F02K|F05D,US20060185346|US20060254255|US8596036|US8324746,200
EP2997893A1,EP2997893,2016-03-23,A61B|G06F|H04R,US7206423|US7978063|EP2200342|WO2013026481|EP2581038|US20140098981|EP2744224,200
EP2998382A1,EP2998382,2016-03-23,H10H|C09K|H10W,US20060197439|EP2597131|EP2597129|US20130234585,200
EP2998768A1,EP2998768,2016-03-23,G02B,JPH10311907A|JP2001335371|EP1860919|JP2006312579|EP2390240|US20140191223,200
EP2999306A1,EP2999306,2016-03-23,H05B,US4151387|GB2025094|US5329100|EP1592285|US20080179312|EP2209197,200
EP2999303A1,EP2999303,2016-03-23,H05B,US4151387|GB2025094|US5329100|EP1592285|US20080179312|EP2209197,200
EP2999029A1,EP2999029,2016-03-23,H01M|Y02E|Y02P,EP1826843|WO2010030606|EP2325929|EP2535966|EP2363907|EP2728647,200
EP2998984A1,EP2998984,2016-03-23,H10D|H10P,EP1662558|JP2005136386|EP2471981|EP2515336,200
EP2998823A1,EP2998823,2016-03-23,G06F|H04B|H04M,US4847818|US5260915|EP1225751|US20120182677|WO2013063276|US20130120106|EP2698686|WO2014122558,200
EP3000556,EP3000556,2016-03-30,B23P|B23K|F01D|F05D,DE2130128|WO2003043779|JP2003269106|EP1983159|US8408446,200
EP3000640A1,EP3000640,2016-03-30,B60W|B60K|B60L|Y02T|Y10S,FR2847638|EP1526023|US20090166113|EP2529990|WO2014038442,200
EP3000548A1,EP3000548,2016-03-30,B23C,US20130115022|EP2559509|EP2764940|EP2774706,200
EP3001025A1,EP3001025,2016-03-30,F02M|F02B|Y02T,US7111613|EP2573355|EP2677142|EP2752571,200
EP3000970,EP3000970,2016-03-30,F01D|F05D,US3806275|US6168380|EP2228517|EP2258925|WO2013139926|US20130280091,200
EP3000756A1,EP3000756,2016-03-30,B65H,EP2107025|WO2012127939|EP2687468|EP2626323,200
EP3001481A1,EP3001481,2016-03-30,H01M|Y02E|Y02P,US20110177387|EP2461393|EP2551938|EP2660896|EP2757614|EP2860786,200
EP3001295A1,EP3001295,2016-03-30,G06F,US6519566|US20100100849|EP2464100|US20120194428|US20120200497|EP2511811|EP2696271|EP2728452,200
EP3001663A1,EP3001663,2016-03-30,H04W|H04M|H04N|Y02D,JP2003087180|EP1613040|US20070066300|WO2010097965|EP2602945|EP2722832|JP2014082615,200
EP3001711A1,EP3001711,2016-03-30,H04W|H04B,US20120117635|EP2461613|WO2013140025|EP2680628|GB2522044,200
EP3002348A1,EP3002348,2016-04-06,C23C|F01D|F05D|Y02T,EP1428902|EP1806431|EP1806423|EP2233600|EP2766504|US20140065408,200
EP3002087A1,EP3002087,2016-04-06,B25J|Y10S,EP1491300|EP1930129|US20100180710|JP5523429|EP2732938|DE202012011535,200
EP3002188A1,EP3002188,2016-04-06,B62J,EP0644107|DE19520515|JP4153174|EP1621454,200
EP3001957A1,EP3001957,2016-04-06,A61B|B21D|B23P,US20080041916|WO2001091646|US20080142565|US20080110960|US20080105730|EP1785102|US20070114261|EP2165662|US20120080498|EP2732772|US20140224686,200
EP3002433,EP3002433,2016-04-06,F02C|F01D|F02K|F05D|F16H,US2968922|US4271928|EP2327859|EP2518279|US8297916,200
EP3002826A1,EP3002826,2016-04-06,H01Q,EP1189305|JP2005094745|GB2453778|WO2009143216|EP2175521|CN103066379,200
EP3002829A1,EP3002829,2016-04-06,H01R,JPH0564983B2|US5725395|US6217381|EP1003249|EP2178177|US20130023155,200
EP3002944A1,EP3002944,2016-04-06,G06T|G06F|H04N,DE202008015741|US20110006978|EP2333640|US20140187322|WO2013049890|US20130128364|EP2660681|CN102981616,200
EP3002663A1,EP3002663,2016-04-06,G06F|H04M,EP2150031|EP2161645|US20130154951|US20140160078,200
EP3002992A1,EP3002992,2016-04-06,H05B,US5951904|EP2509392|EP2566296|EP2736305,200
EP3006069A1,EP3006069,2016-04-13,A61M|B29C,WO2004044464|JP2014014698|WO2009128265|WO2011125133|JP2012147859|EP2703024|EP2565006|JP2013049236|EP2703025|EP2781231,200
EP3002950A1,EP3002950,2016-04-06,G06F|H04N,EP0740478|US20030002577|US20040001591|US20040181800|US20040260823|EP1662361|WO2007072211|US20080165962|EP2204997|US8385542|EP2541959|US20130185566,200
EP3006592A1,EP3006592,2016-04-13,F01D|B32B|C22C|C23C|Y10T,US6689422|US5716720|EP0821078|US5788823|US6291014|EP1010774|US20020009611|US20030044633|US6793966|US20060127695|EP1767667|EP1767666,200
EP3005875A1,EP3005875,2016-04-13,A23G|A21D|A23D|A23V,EP0300575|US5762990|US20050214435|EP1736059|WO2006136536|WO2007090477|US8182857|EP1862077|WO2008138970|WO2009013473|WO2016038155,200
EP3006839A1,EP3006839,2016-04-13,F24F,EP1326054|EP1548372|EP2199701|JP2010078266|WO2013047240|JP2013164219|WO2013136992,200
EP3006841A1,EP3006841,2016-04-13,G01N|F24F|G01B|G01W,US5326028|JP2003074911|EP1510986|KR20130090515|EP2634512|EP2865953|EP2944886,200
EP3007419A1,EP3007419,2016-04-13,H04B|H04M,WO2010104541|EP2501114|US20120290742|EP2654168,200
EP3006297A1,EP3006297,2016-04-13,B60W|B60K|G06V|G09B,US20070257804|WO2008127465|EP2564765|US20130135090|JP2013030188|EP2743118,200
EP3006750,EP3006750,2016-04-13,B62D|F16C,,200
EP3007007A1,EP3007007,2016-04-13,G06F|G03G|B41J,EP1681814|EP2869133,200
EP3009658A1,EP3009658,2016-04-20,F02M,EP2375051|US20110278368|US20120067982|EP2527637|WO2013085140|EP2789844|EP2634412|EP2706220|EP2851551,200
EP3009663,EP3009663,2016-04-20,F02M,DE19927900|EP1595072|EP2436908|EP2634413|WO2013167597,200
EP3007479A1,EP3007479,2016-04-13,H04L|H04W|G06F,EP2048594|US20100088518|EP2352252|EP2741548,200
EP3010081A1,EP3010081,2016-04-20,H01Q,EP2083472|EP2575208|EP2584649|EP2733785|US20140139391,200
EP3009881A1,EP3009881,2016-04-20,G02B|G02F,US5882774|WO1995027919|EP1376207|EP2407820,200
EP3010082A1,EP3010082,2016-04-20,H01Q,EP2528165|EP2704255|EP2731194|US20150048979|EP2858172|WO2015125383,200
EP3012431A1,EP3012431,2016-04-27,F02M|F02B|F02P|Y02T,JPH0465922U|US7451727|WO2006043818|US8028674|EP2735717|EP2787192|JP2012193747,200
EP3010212,EP3010212,2016-04-20,G06F|H04M,US20080195735|US20100227556,200
EP3012530A1,EP3012530,2016-04-27,F23Q,US5118921|JP2004264013|EP2587156|JP2014137169|EP2873920,200
EP3012738A1,EP3012738,2016-04-27,H04L|G06F,US20010029196|EP2472399|EP2538327|US20130080890|EP2672383|WO2014003610|US20140115514,200
EP3012589A1,EP3012589,2016-04-27,G01C|H04W|G01S|G06Q,EP1160694|US20110131243|US20120208559|EP2469232|US20140012497|US20140280355,200
EP3012719A1,EP3012719,2016-04-27,H04B|G06F|H04M|Y02D,KR20110025939|EP2778831|EP2779598,200
EP3013110,EP3013110,2016-04-27,H04W|H04L|H04M,JP2013123245|JP2014045505|US20130166759|JP2013172275|EP2634999|US20140192681,200
EP2997906A1,EP2997906,2016-03-23,A61B,EP0178941|US4805823|US5878193|US5415334|US5817084|US5465895|US5597107|US5673840|US5704534|US5632432|US5814055|US5792135|US6364888|US6231565|US7806891|US7524320|US20020099372|US6783524|US7691098|EP1464287|US7380696|US7000818|US20120203247|US7380695|US7143923|US6978921|US7434715|US7303108|US7367485|US7404508|US20120138660|US20130012957|US7644848|US20120199630|US20120199632|US7278563|US7721930|US20120211546|US20090134200|US20120132450|US8408439|US20120199633|US20120205421|EP2090253|US8210411|US20120199631|EP2236096|EP2245993|US8167898|US8453914|US20130037596|US20130062394|US20130062393|US20130062391|US20130068820|US20130068816|US20130075445|US20130075446|US20130075447|US20130082086|CN202568350|EP2666417|EP2764836|US20140239042|US20140239043|US20140239038|US20140239040|US20140239037|US20140239036|US20140239041|US20140239044|US20140243801|CN103690212,200
EP3013021A1,EP3013021,2016-04-27,H04M|H05K|B29B|B29C|H01Q|B29K|B29L,EP2670116|EP2764975|EP2778830,200
EP3013129,EP3013129,2016-04-27,H05K|A47B,,200
EP3015268A1,EP3015268,2016-05-04,B41J,WO2002098576|JP2005153378|US20100103212|EP2311638|US20140160195|US20140176627|EP2774762,200
EP3015591,EP3015591,2016-05-04,D06F,DE4216106|US20100083524|DE102007016077|EP2107157|WO2011151204|EP2573253|WO2013182400,200
EP3015287,EP3015287,2016-05-04,B60C,JP2012201335,200
EP3015768A1,EP3015768,2016-05-04,F23D|F04D|F23L,DE20308866|DE102004007123|US20080131283|US20100314469|EP2278224|EP2336638|EP2597370|WO2014019835,200
EP3011915,EP3011915,2016-04-27,A61B,US8590763|US20120253329,200
EP3015771A1,EP3015771,2016-05-04,F23R|F23C|F23D,US4292801|US4389848|JPS6017633A|EP0321809|US5121597|DE19547913|US6427446|WO2003038253|EP2116766|EP2400216|WO2012136787|EP2551598|EP2647911|EP2725302,200
EP3015772A1,EP3015772,2016-05-04,F23R|F23C|F23D,US3973395|EP0321809|US5121597|DE19547913|US6427446|WO2003038253|US20090277182|EP2400216|WO2012136787|EP2551598|EP2647911|US20140123665,200
EP3017944A1,EP3017944,2016-05-11,B41C|C09D|G03F,GB1084070|US4458005|EP0253765|EP0291760|EP0292801|DE4001466|EP0537633|EP0659909|DE4417907|DE4423140|EP1266750|EP1342568|EP1356926|WO2005111727|EP1637322|EP1800890|EP1935652|WO2008074548|EP2033778|EP2199082|EP2223803,200
EP3016151A1,EP3016151,2016-05-04,H10H|H10W,US20070114545|US20070145391|EP2466653|EP2482345|US20140175465,200
EP3018340A1,EP3018340,2016-05-11,F02M,EP1096136|EP1559904|EP1783358|FR2941745|EP2218900|US7942349,200
EP3016429A1,EP3016429,2016-05-04,H04W|H04L,US20020022483|EP2421331|WO2013152305|EP2672758|WO2013184433,200
EP3018419A1,EP3018419,2016-05-11,F24C,US5801362|EP0889672|EP1457740|EP2040005|EP2282128|EP2287533|DE102010028219|WO2014044767,200
EP3018670A1,EP3018670,2016-05-11,H01G|H01M|Y02E,EP0449145|JPH0414209A|JPH0465814A|EP0625787|EP0959482|EP2471869,200
EP3018424A1,EP3018424,2016-05-11,F24F,JP2003078977|EP2023052|EP2031318|EP2309771|US20120158189|EP2667110|WO2014024444,200
EP3018944A1,EP3018944,2016-05-11,H04W,EP1626605|WO2008112255|WO2009057960|EP2111074|US20100093356|US20120322447,200
EP3020827A1,EP3020827,2016-05-18,C12Q|C12P|G01N,EP1138783|WO2003029924|US20060009916|EP2163999,200
EP3020790A1,EP3020790,2016-05-18,C10M|F02B|C10N|Y02T,US3036003|US3172892|US3219666|US3329658|US3449250|US3275554|US3454555|US3438757|US3565804|US3272746|US3666730|US3586629|US3591598|US3980569|US4234435|US5716912|US6165235|US6372696|US6440905|US20040235686|US20070027043|EP2128231|US20090291868|EP2308953|US20150126422|US20150126421,200
EP3020559A1,EP3020559,2016-05-18,B41J|B65H,EP1127698|JP2002144528|JP2007076175|JP2007108550|EP2030923|US20090295894|JP2010250235|FR2954214|EP2612632,200
EP3020928A1,EP3020928,2016-05-18,F01D|F05D|Y02T,US5265412|DE19938449|EP2267279|EP2351910,200
EP3023331A1,EP3023331,2016-05-25,F02C|B64D|F02N|H02K|F05D|Y02T,EP1931015|GB2444838|EP2169804|EP2579449,200
EP3021368A1,EP3021368,2016-05-18,F21V|G02B|F21S|H10H|F21Y,JP2003031011|US20040184280|EP1447616|US20040174712|US20050122736|EP2541129|US20130215634|WO2014121707,200
EP3023666A1,EP3023666,2016-05-25,F16D,EP1610025|EP2256360|WO2013042062|DE102012011233,200
EP3023525A1,EP3023525,2016-05-25,D03D,JPS51124159U|EP2226416|CN201826108|EP2778268|JP2014177725,200
EP3023741A1,EP3023741,2016-05-25,G01C|G08G|G05D,US4940987|US6057786|WO2001020583|US20030156046|EP2151669|EP2189755|EP2199746,200
EP3024062A1,EP3024062,2016-05-25,H01M|Y02E,US20110111280|EP2662912|WO2014041983|EP2897198|EP2779277|EP2838137,200
EP3024207A1,EP3024207,2016-05-25,H04M|H04S,EP1128643|EP1179944|EP1265422|US20030162571|EP1404026,200
EP3023923A1,EP3023923,2016-05-25,G06K|G07F|G06Q|G07B,EP1262930|EP1318470|WO2003107112,200
EP3025813A1,EP3025813,2016-06-01,B23C,US3831237|EP0037691|US20070160431|EP2617505|EP2682215,200
EP3026247A1,EP3026247,2016-06-01,F02C|F02K|F04D|F05D|Y02T,US4998409|EP2112362|US20130277454|EP2447157,200
EP3009080A1,EP3009080,2016-04-20,A61B,US3157308|EP0340803|US4930503|US5403312|US5673841|US7726537|US7000818|EP1550407|US7997469|US7866528|US7635074|US7641091|US7670334|US7422139|US20070175950|US7464849|EP1813209|US7845537|US20070175955|US7794475|US8360297|US20080169332|US20130233905|US7753245|US20130168435|US20100264194|US8308040|US8561870|US20140243865|US7980443|US8210411|US20110087259|US8608045|US8220688|CN101828940|US8733613|US8393514|US20120298719|CN202426586|EP2636377|US20130334278|WO2014080862|US20150150620|EP2756809|CN203564285|CN203564287|EP2954851,200
EP3026099A1,EP3026099,2016-06-01,C11D,US3880765|US4246612|US4810410|US4765916|US4972017|US5114611|EP0458398|EP0458397|US5227084|WO1994022800|WO1995001416|US5856164|WO1995029982|WO1996023873|WO1997000324|US6093562|WO1999006521|WO1999023211|EP1022334|WO2000060060|WO2002008380|US7153818|WO2002102955|WO2004111178|WO2006002643|WO2008010925|WO2009095645|EP2166092|WO2011034701|EP2333040|WO2011130076|WO2014086504|US20140179585|EP2746381,200
EP3026371A1,EP3026371,2016-06-01,F25B,EP1965150|JP2009079842|EP2088391|EP2264379|EP2314958|US20110308267,200
EP3026659A1,EP3026659,2016-06-01,H04N|G09G|G06F|H04R|H04S,EP1804233|KR20080055306|EP2685373|EP2838006|EP2980674,200
EP3026705A1,EP3026705,2016-06-01,H05B|F21S|B60Q|F21V|H10W|F21Y,EP1526581|US20110026266|US20110080753|JP2010040528|US20110235356|US20140098556|JP2013054849|EP2752615|EP2620696|EP2778511|EP2796773|EP2911478,200
EP3026845A1,EP3026845,2016-06-01,H04L|G06Q|G07G,EP2704078|US20140068248|EP2747370,200
EP3026542A1,EP3026542,2016-06-01,G06F|H04N|H04M,WO2010040670|US20100299638|EP2472377|EP2474894|EP2757452|US20140211062,200
EP3026670A1,EP3026670,2016-06-01,G11B|G06F,EP0935248|US20020065841|EP1624446|US20140129777,200
EP3026832A1,EP3026832,2016-06-01,H04B,US20080080872|EP1975693|US20120155880|EP2530855|JP2013088702|WO2013114628,200
EP3021167A1,EP3021167,2016-05-18,B41C|B41N|G03F,GB434875|US2714066|US2800458|US2800457|US2833827|US2850445|GB930422|JPS369163B1|JPS3622063B1|GB967074|US3111407|US3276868|GB952807|JPS3819574B1|US3287154|US3181461|JPS42446B1|US3280734|US3479185|JPS4420189B1|US3418250|US3458311|JPS4643946B1|JPS519079B1|US4153461|US3660304|JPS4943191B1|JPS4841708B1|US3796669|JPS5147334B1|JPS5617654B2|US3881924|JPS4836281A|JPS4864183A|US3905815|JPS5230490B2|JPS5549729B2|US3914511|JPS5849860B2|US3902734|US4069056|US4069055|US4087376|US4089802|US4001140|JPS5137193A|US4025445|JPS53133428A|JPS5463902A|DE2904626|JPS5928329B2|JPS6239417B2|JPS6239418B2|JPS5532070A|US4311783|US4283475|JPH0140336B2|JPH0140337B2|JPH0216765B2|JPH0232293B2|JPS57142645A|US4327169|JPS57196231A|JPS58112793A|JPS58112792A|JPS58125246A|JPS58159533A|JPS58173696A|JPS58181051A|JPS58181690A|JPS58194595A|JPS58220143A|JPS595241A|JPS595240A|JPS58224793A|JPS5941363A|JPS5948187A|EP0104143|JPS5973996A|JPS5984356A|JPS5984248A|JPS5984249A|US4456370|JPS59121044A|JPS59146063A|JPS59146061A|JPS59152396A|JPS59216146A|JPS6063744A|JPS6052940A|JPS6059351A|JPS6078787A|JPH0629285B2|JPS60168144A|US4689272|JPS60239736A|JPS6122048A|US4708925|JPS61151197A|JPS61166544A|JPS61169835A|JPS61169837A|JPH0519702B2|JPS6258241A|JPH0513514B2|US4622286|JPS62143044A|JPS62150242A|JPS62170950A|US4756993|US4734444|DE3604580|DE3604581|EP0233567|JPS62212401A|JPS62226143A|JPS62167253U|JPS62293247A|JPS6341484A|JPS6370243A|US4760013|JPS63260909A|JPH01105238A|JPS63277653A|JPS63298339A|EP0297443|EP0297442|JPH01165613A|JPH02249A|JPH01152109A|US4933377|JPH024705A|JPH0225493A|JPH01304453A|US5148746|EP0370693|JPH02150848A|JPH02226149A|JPH02195396A|JPH02220061A|US5156938|EP0390214|JPH02296514A|JPH03100554A|JPH03296759A|JPH0413149A|JPH04365049A|JP2764769|JPH0545885A|JPH0583588A|JPH0635174A|JPH06157623A|JPH06175554A|JPH06175553A|JPH06175561A|JPH06175564A|JPH06348011A|JPH07128785A|JPH07140589A|JPH07292014A|JPH07306527A|JPH08108621A|JPH08276558A|GB2297719|WO1996034316|US5568768|JP2938397|JPH09188710A|JPH09188685A|JPH09188686A|JPH09236913A|JPH11174685A|JP2000080068|JP2000122272|JP2000131837|JP2000066385|JP2000211262|JP2001133969|JP2001277740|JP2001277742|JP2001253181|JP2001322365|JP2001343742|JP2002029162|JP2002046361|JP2002148790|JP2002079772|JP2002107916|JP2002116539|JP2002137562|JP2002166673|JP2002278057|JP2002244308|JP2002326470|JP2002328465|EP1396756|JP2004294909|WO2006023667|JP2006091485|EP1865378|EP1754597|EP1767352|EP1892572,200
EP3029970A1,EP3029970,2016-06-08,H04L|H04W,EP2424297|EP2661144|EP2725850|EP2747375|US20140342670,200
EP3029707A1,EP3029707,2016-06-08,H01J,EP0263491|EP0327116|EP1870923|JP2007335351|EP2037482|EP2237304,200
EP3028638A1,EP3028638,2016-06-08,A61B|G06F|G16H|G06T,US20140121524|US20130324850|EP2742868|EP2777506,200
EP3029457A1,EP3029457,2016-06-08,G01D|G01N|Y02A,JP3511468|US20080223110|WO2010015445|EP2154524|EP2278316|JP5469553|EP2333534|US20110283775|US20120111092|US20130305809|WO2014192945,200
EP3031620,EP3031620,2016-06-15,B60C|C08L,US5504135|US5395891|US5672639|EP0839891|ES2122917|US6127488|US6146520|US6103808|US6608125|US20010023307|US6248929|US6410816|US20010007049|US6133364|US6207757|US6242534|US6399697|US6372857|US20020000280|US20020045697|JP2002097369|US20030130535|US7342070|US20060041063|WO2007047943|EP2412544|US20120029114|US20140041776|US20140041777,200
EP3031621,EP3031621,2016-06-15,B60C|C08K|C08L,US5504135|US5395891|US5672639|EP0839891|ES2122917|US6127488|US6146520|US6103808|US6608125|US6248929|US20010023307|US20010007049|US6410816|US6242534|US6207757|US6133364|US6399697|US6372857|US20020000280|US20020045697|JP2002097369|US20030130535|US7342070|US20060041063|WO2007047943|US20100186868|US20120029114,200
EP3032554A1,EP3032554,2016-06-15,H01F,EP1746611|EP2254131|EP2369719|US20140007980|DE102014004513,200
EP3032430A1,EP3032430,2016-06-15,G06F|A61B|G01J|G01K|G01N|G06V,JP2001099710|EP1452135|US20030191377|JP2008005920|US20120095303|EP2784484,200
EP3034229A1,EP3034229,2016-06-22,B23K|C22C,EP1486286|EP1803521|EP2759368|EP2762257,200
EP3032583,EP3032583,2016-06-15,H10F|H10W,JP2000357785|US20070040194|WO2010134063|US20140151840|EP2772939,200
EP3032806A1,EP3032806,2016-06-15,H04W|H04L,EP1542409|EP1677462,200
EP3031408,EP3031408,2016-06-15,A61B,US7364060|EP2042108|EP2153781,200
EP3034587A1,EP3034587,2016-06-22,C10M|C10N,US3172892|US3219666|US3024237|US3024195|US3202678|US3087936|US3254025|US3154560|US3216936|BE662875|US3442808|EP0490454|WO1994013709|EP1016706|EP1209218|EP1314773|EP1528099|US20090011966|EP2071009|US20090203559|EP2133740,200
EP3034571A1,EP3034571,2016-06-22,C09D,JP2004070048|JP2008081689|EP2210922|JP2009173853|JP2010270225|JP2011089043|EP2492321|JP2012046671|US20130120492,200
EP3034370A1,EP3034370,2016-06-22,B60L|B60W|B60K|Y02T,DE102009048815|EP2636567|EP2792561|EP2792562|JP2013252853,200
EP3034652,EP3034652,2016-06-22,C23C|B23B,WO2013037998|WO2013037997|WO2014198881,200
EP3034312A1,EP3034312,2016-06-22,C09D|B41M,US6310115|EP1238024|US6767980|WO2005014280|WO2005085371|US20060014848|WO2006050536|WO2007036942|WO2007060255|EP1790696|EP1790698|EP1790697|EP1790695|EP1803784|EP2035511|EP1911814|WO2008074548|US20080206504|JP2009084432|US20100285282|EP2053101|EP2065362|EP2161264|EP2439244|WO2011069943|EP2433807|WO2014048589,200
EP3034906A1,EP3034906,2016-06-22,B29D|F16G,US3981206|DE3823157|EP0511667|US5529545|US5417618|WO2003031700|WO2005080821|WO2006066669|EP1813835|DE102006007509|DE102008012044|EP2322820|EP2570529|EP2570698|EP2677071|WO2014191723,200
EP3034677A1,EP3034677,2016-06-22,D06F,US20060265959|US7559156|EP2147996|EP2740833,200
EP3034823A1,EP3034823,2016-06-22,F01M,JPH08158853A|JP2007009746|JP2009121281|EP2390477|EP2460984|EP2532850|EP2594757|EP2796678,200
EP3034813,EP3034813,2016-06-22,B64D|F01D|F02C|F05D,US6098011|US20120192544|US20130064268|US20130266419|FR3003544,200
EP3034684A1,EP3034684,2016-06-22,D06F,US3203122|EP0253048|EP0324589|EP0816552|EP1159893|WO2008007200|KR20140016093|EP2826911|EP2889426,200
EP3035740A1,EP3035740,2016-06-22,H04W|H04L,WO2005046277|US20070079376|EP2003818|WO2010150052|US20110151833|EP2661113|WO2014056538,200
EP3035579A1,EP3035579,2016-06-22,G06F|H04L,EP2007051|EP2026534|WO2009090255|US20100165931|US20130176864,200
EP3037061A1,EP3037061,2016-06-29,A61F,EP1306061|US20050113938|US8556989|WO2005094694|US8016841|WO2010141321|EP2353545|EP2368521|US20120179176|WO2013142353|WO2014001508|WO2014048922,200
EP3037049A1,EP3037049,2016-06-29,B41J|A61B,JP2005152127|EP2286745|EP2363084|EP2476383|EP2783644,200
EP3037046A1,EP3037046,2016-06-29,B41J|A61B,JP2005152127|EP2286745|EP2363084|EP2476383|EP2783644,200
EP3037627A1,EP3037627,2016-06-29,F01D|F05D|Y02T,US20040086379|EP2599966|EP2759676,200
EP3037658A1,EP3037658,2016-06-29,F03D|F05B|Y02E,JP2004064809|EP2072814|US20110187107|EP2532889|EP2650531,200
EP3037637A1,EP3037637,2016-06-29,F01N|B01D|Y02T,US6574956|US7137248|FR2829526|EP1662101|EP1873369|US7621981|US7684924,200
EP3037161A1,EP3037161,2016-06-29,B22F|C09D|C09K|H05K,US3649336|GB1441591|EP0166617|EP0803551|US20030020768|US20030048314|US20030228124|US20060264518|EP1683592|WO2006076603|US20090258202|EP2012952|EP2010314|US20090321689|EP2087490|EP2139007|EP2147733|WO2008151066|EP2030706|WO2009049072|US20090142482|EP2119747|WO2009152388|WO2009157393|US20100143591|EP2468827|EP2608217|EP2608218|EP2671927|EP2781562,200
EP3037331A1,EP3037331,2016-06-29,B60Q|B62J,CN1769127|EP2641779|EP2657076|JP2013248988,200
EP3037783A1,EP3037783,2016-06-29,G01C|G06F,US20050107949|JP2007263626|WO2007132578|US20070290039|US20080167812|EP2251644|EP2518442,200
EP3037990A1,EP3037990,2016-06-29,G06F,EP2063394|EP2284796,200
EP3038064A1,EP3038064,2016-06-29,G06F|G08B,EP1505550|US20120062371|US20140266692|US20130307786|EP2763000,200
EP3037945A1,EP3037945,2016-06-29,G06F|A63F|H04M,EP0929027|US20130009892|EP2626775|US20130335454|EP2796983|EP2796964|US20140320396,200
EP3040375A1,EP3040375,2016-07-06,C08L|C08F,EP0517868|EP0688794|WO1996018662|WO1997044371|EP0810235|WO2000071615|WO2003039984|EP1565525|WO2004055069|WO2004055068|EP1655339|EP1655336|JP4942525|EP2130860|WO2010022941|WO2013045663|WO2014180989,200
EP3040471A1,EP3040471,2016-07-06,D06F,EP1467015|US20060005581|EP2199453|EP2878727,200
EP3040568A1,EP3040568,2016-07-06,F16C|F01D|F02C|F05D,GB931904|GB965465|JPS5129648A|US4023868|DE10126103|EP1956253|EP2050932|EP2246528|EP2921729|EP2921655,200
EP3040583,EP3040583,2016-07-06,F01D|F16H|F05D,GB2116645|US6223616|EP2322766|EP2505878|US20140000721|US20140182972|US20140256494,200
EP3041208A1,EP3041208,2016-07-06,H04M,EP1093281|EP1801743|EP2192756,200
EP3009082A1,EP3009082,2016-04-20,A61B,US3157308|US5468253|US5403312|US6325810|US7726537|US7000818|US20050059996|EP1621141|US20070034667|US8567656|US7673781|US8464923|US20110147434|US7500979|US20110290851|US7934630|US8317070|US20070194082|US7669746|US20070194079|US7997469|US7641091|US7866528|US7635074|US7670334|US7845537|US7464849|US20070175955|US7422139|US7753245|US8308040|US8496683|EP2039308|US8561870|US20130153641|US20130161374|US7980443|US20130146641|US8210411|US8608045|US8220688|US20120074201|US20120074200|US8733613|US20120074198|US20120080484|US20120080332|US20120080493|US20120080501|US20120080478|US20120083834|US20120080486|US20120080338|US20120083835|US20120080480|US20120083836|US20120083833|US20120080336|US20120080502|US20120080499|US20120080500|US20120080503|US20120080498|US20120080337|US20120080340|US20120080345|US20120160721|US20120080489|US20120080490|US20120241498|US20120241497|US20120241501|US20120241500|US20120241503|US20120241499|US20120241492|US20120241493|US20120241491|US20120241502|US20120241496|US20120241505|US20120253298|US20120248169|US20120080344|US20120080485|US20120080481|US8393514|US20140097227|US20120080482|US20120080488|US20130146643|US20120080479|US20130146642|US20120080496|US20120080335|US20120080483|US8474677|US20120080491|US20130214030|US20130221064|US20130221063|US20130221065|US8529600|US20120080339|US20130256378|US20130256377|US20130256383|US20130256379|US20130256368|US20130256380|US20130256367|US20130256369|US20120298719|US20130075448|US20130075449|US20130075450|US20130256366|US20130256373|US20130256365|US20130256382|US20130256372|US20130292398|US20130334278|EP2764826|US20140224857|US20140224686|US20140263552|US20140263551|US20140291381|US20140291379|US20140291380|US20140291382|US20140166726|US20140166724|US20140166725,200
EP3040810A1,EP3040810,2016-07-06,G06F|G08B|A63F,EP2624099|EP2629178|EP2846221|EP2846330,200
EP3043380A1,EP3043380,2016-07-13,F28D|H05K|F28F|H10W,US20070012245|EP2031332|US20100277870|EP2383779|EP2645040,200
EP3038360A1,EP3038360,2016-06-29,H04N|G02B,US20030016444|US20110285700|US20130278736|KR20140120366|EP2811746|EP2753086,200
EP3045699,EP3045699,2016-07-20,B64D|F01D|F02C|F16K|F05D,GB1295092|EP2423488|WO2014182289,200
EP3042713A1,EP3042713,2016-07-13,A47K|A46B|A61H|B01F|B05B,US20070293794|EP1972317|JP2008296965|EP2873452,200
EP3045925A1,EP3045925,2016-07-20,G01R,US6534954|DE102004046621|US20090037125|EP1873542|EP2233938|GB2478557|US20120310568|US20140244193,200
EP3046017A1,EP3046017,2016-07-20,G06F|H04M|Y02D,US8502800|EP2629181|EP2712151|EP2816442|WO2014134930,200
EP3045581,EP3045581,2016-07-20,D06F,DE19811962|EP2527528|EP2594689,200
EP3048030A1,EP3048030,2016-07-27,B62D,EP1529713|EP2647545|JP2014058200,200
EP3050441A1,EP3050441,2016-08-03,A24D|A24C|B65G,EP1763306|WO2010076653|WO2011107854|WO2014009482|EP2767177,200
EP3048042,EP3048042,2016-07-27,B64D|B64C|Y02T|Y10S,US3194516|GB1024894|GB2400411|EP2581308|WO2014072615,200
EP3048586A1,EP3048586,2016-07-27,G08B|G07C,US6801640|EP1491709|EP1686229|JP2008134729|EP2259226|US20130201286|EP2395451|JP2014218792,200
EP3045974A1,EP3045974,2016-07-20,G03F|B41C,JPS4537377B1|US3615480|JPS4841708B1|JPS5617654B2|JPS5849860B2|JPS5137193A|JPS6239417B2|JPS6239418B2|JPH0216765B2|JPH0232293B2|JPH02304441A|JPH0545885A|JPH0635174A|JPH10282679A|JPH1165126A|JP2001133969|JP2002278057|EP1349006|JP2005238816|WO2005029187|JP2007506125|JP2005125749|JP2007538279|JP2006106700|JP2006215263|JP2006239867|JP2007058170|WO2007057442|JP2007316582|JP2007171406|JP2007206216|JP2007206217|JP2007225702|JP2007225701|JP2007328243|JP2008276166|JP2008203359|EP2040124|EP2168765|EP2226681,200
EP3050514A1,EP3050514,2016-08-03,A61B,US5908391|EP1568323|EP2158845,200
EP3050601A1,EP3050601,2016-08-03,A63C,EP2340876|EP2489415|EP2674203|EP2737930|DE102013003839|EP2815794,200
EP3051125A1,EP3051125,2016-08-03,F03D|F05B|Y02E|Y02P,EP2466122|EP2484897|EP2806156|DE102013210737,200
EP3051206A1,EP3051206,2016-08-03,F23R|F02C|F23M|F05D,DE10312971|EP1669670|EP2385303|EP2725300,200
EP3051074,EP3051074,2016-08-03,F01D|F02C|F05D|Y02T,EP2305986|US20140123673|US20140373553,200
EP3051354A1,EP3051354,2016-08-03,G03G,JP2007034249|JP2009244572|US20100248125|JP2012215858|EP2615499|JP2013250455|EP2696244|EP2781962|JP2014197040|EP2927750,200
EP3053634A1,EP3053634,2016-08-10,A63F|G07F,US20020072410|EP1583317|EP1583321|JP2005288180|EP1681658,200
EP3054097A1,EP3054097,2016-08-10,F01D|F02C|F05D|Y02T,US5522706|EP2388439|EP2540977|WO2014137438|WO2014164859|WO2014143318|DE102014206758|EP2955326,200
EP3054293A1,EP3054293,2016-08-10,B06B|G01N,JPH1147130A|US20080178677|EP2190009|EP2316343|US20110181149|US20130081470,200
EP3048646A1,EP3048646,2016-07-27,H10D|H01B|C08K|H01C|H10H|H10W,US20080210911|EP2124233|EP2667424|EP2858073,200
EP3054441A1,EP3054441,2016-08-10,G09G,EP1959420|EP2669882|US20140002509,200
EP3056751A1,EP3056751,2016-08-17,F16C|F16F,US3384429|JP2005172059|DE102007037287|EP2423521|EP2532847|DE102010045875|EP2667044,200
EP3056971A1,EP3056971,2016-08-17,G11B|G06F,US20130106691|US20080297654|US20090096632|EP2136286|US20110102160|US20130227410|EP2775377,200
EP3059226A1,EP3059226,2016-08-24,C07C|A61K|A61P|C07B,WO2003029205|WO2006041019|EP1806338|WO2007043433|EP2017257,200
EP3056867A1,EP3056867,2016-08-17,H02K|H02P|G01D,EP1424264|US20070126392|EP1942315|US20130249452|US20130262009,200
EP3056943,EP3056943,2016-08-17,G03F|C09J,JPS58219023A|US4861402|JPS6327707A|US5300348|EP0554150|JPH0724390A|JPH11249285A|US20140170535,200
EP3054492,EP3054492,2016-08-10,H10H|H10W,,200
EP3059051A1,EP3059051,2016-08-24,B25F,US20060137144|EP1690649|EP2186609|EP2221150|US20110094764|DE202013105823,200
EP3059298A1,EP3059298,2016-08-24,C11B|A23N,US4522119|EP2248880|EP2535399|EP2596707|WO2014181284,200
EP3059743A1,EP3059743,2016-08-24,H01F|B22F|C22C,WO2006043348|EP1793392|US20070151632|EP1923893|WO2010109760|US20120025651|WO2011004894,200
EP3062020A1,EP3062020,2016-08-31,F23R|F02C,US3048015|EP1111219|EP1975512|US20090235635|US20140352323,200
EP3062482A1,EP3062482,2016-08-31,H04W|H04L|H04N,US7072932|EP1420593|US7908636|US20080235191|US8412798|WO2012113460|US20120317194|EP2595403,200
EP3061383A1,EP3061383,2016-08-31,E05F|A47L|E05Y,EP1529482|EP1894509|EP2092871|EP2407723,200
EP3064055A1,EP3064055,2016-09-07,A01F,EP2545765|EP2548432|EP2636298|WO2014149090,200
EP3064770A1,EP3064770,2016-09-07,F03D|F05B|Y02E,JP2003239843|US20100014969|US20120051907|US20120134807|EP2693049|EP2746575|WO2015048972,200
EP3065092A1,EP3065092,2016-09-07,G05B|G06F|G06Q|G01N,EP1939801|EP2266880|US8452475|EP2801879,200
EP3064538,EP3064538,2016-09-07,C08J|C08F,,200
EP3065292A1,EP3065292,2016-09-07,H03F|H10W,JP2011066782|EP2515435|EP2637302,200
EP3065283A1,EP3065283,2016-09-07,H05K|H02M|Y02B,US20030132041|EP2150098|EP2180776|US20120008286|US20110168476|EP2738930|WO2013065472,200
EP3064723A1,EP3064723,2016-09-07,F01N|Y02T,EP1429059|US20100041287|EP2594760|US20130130576|US20140322997|US20140242858,200
EP3067458A1,EP3067458,2016-09-14,D06F,EP0465800|EP1403415|EP1593767|US20090261697|US20090322195|CN203729113,200
EP3067779A1,EP3067779,2016-09-14,G06F|H04W|Y02D,EP1113561|EP1939711|US20100145643|EP2605489|US20140025322,200
EP3067532,EP3067532,2016-09-14,F02C|B64D,US3338049|US20030196548|EP2466097|US20090139398|US20100236200,200
EP3067912A1,EP3067912,2016-09-14,H01J,US3569698|JP2006162805|US20110192976|EP2667399|EP2750160|US20140252228|EP2797100,200
EP3067884A1,EP3067884,2016-09-14,G10L|G06F|Y02D,EP2669889|US8543834|US20140281628|EP2816554,200
EP3070704A1,EP3070704,2016-09-21,G09G|G02F,EP2163594|US20100171690|WO2010085505|EP2442180|US20120287148,200
EP3069948A1,EP3069948,2016-09-21,B60W|B60K|B60L|B60Y|F02D|Y02T|Y10S,JP2010241396|EP2636567|EP2792561|EP2792562|US20140046518,200
EP3068098A1,EP3068098,2016-09-14,H04W|H04L,JP2005216260|WO2006106393|EP2605176|US20140068719|EP2750425,200
EP3070893A1,EP3070893,2016-09-21,H04L,EP1054544|EP1303083|WO2004051906|WO2011076239,200
EP3069664A1,EP3069664,2016-09-21,A61B,EP0033548|US7237708|US5752644|US6953139|WO2001091646|EP1782740|US20080110958|EP2039308|EP2586379|US20140180281|CN104382626,200
EP3031405,EP3031405,2016-06-15,A61B,US3157308|US5403312|US7726537|US7000818|US7997469|US7866528|US7635074|US7641091|US7670334|US7644848|US20070175955|US7422139|US7464849|US7845537|US20070175950|US7794475|US8360297|US20100264194|US8308040|US7753245|US20130168435|US8561870|US7980443|US8210411|US8608045|US8220688|US8733613|US8393514|US20120298719|US20130334278|EP2687164|EP2745782|EP2767243|EP2772206|US20140263552|US20140263551|US20140263539|US20140303668|US20140305987,200
EP3070851A1,EP3070851,2016-09-21,G06F|G09G|H04B|H04M|H04W|H01H,US6304763|EP1220515|US20080146285|EP2065783|US20110151935,200
EP3072485A1,EP3072485,2016-09-28,A61F,US3637427|US3848594|US3860003|US4808178|US4515595|US4710189|US4909803|US4695278|US4662875|US4699622|US4795454|US4846815|US4963140|US4894060|US4946527|US5151092|US5221274|US5499978|US5507736|US5591152|US5242436|GB2287888|US6432098|US20040067710|EP1982679|JP2008086428|JP2007203096|US20110015606|EP2762116|US20150065973,200
EP3072453,EP3072453,2016-09-28,A61B|A61L,US2642375|US4805823|US5878193|US5415334|US5817084|US5465895|US5597107|US5632432|US5673840|US5704534|US5814055|US5792135|US6364888|US6231565|US7806891|US7524320|US6783524|US7691098|US7380695|US7143923|US7380696|US7000818|US20120203247|US6978921|US7434715|US7303108|US7367485|US7404508|US20120138660|US20130012957|US20120199630|US20120199632|US7721930|US20120211546|US20080169328|US20120132450|US8408439|US20120199633|US20120205421|US8371491|US8210411|US20120199631|US8141762|US8453914|US20120241492|US20120241493|US20130256367|US20130037596|US20130062393|US20130062394|US20130062391|US20130068816|US20130068820|US20130075445|US20130075446|US20130075447|US20130082086|US20130206813|US20140239038|US20140239040|US20140243801|US20140239043|US20140239037|US20140239042|US20140239036|US20140239041|US20140239044|US20140246473|US20140263563,200
EP3072549A1,EP3072549,2016-09-28,A61M,US6258195|JP2007098120|JP2008155052|US20140276074|EP2845620|EP2937108|US20160151078,200
EP3072486A1,EP3072486,2016-09-28,A61F,US3637427|US3848594|US3860003|US4808178|US4515595|US4710189|US4909803|US4695278|US4662875|US4699622|US4795454|US4846815|US4963140|US4894060|US4946527|US5221274|US5242436|US5499978|US5507736|US5591152|US5151092|GB2287888|US6432098|US20040067710|EP1982679|JP2007203096|US20110015606|WO2013095797|EP2762116|JP2013144153|US20150065973,200
EP3072678A1,EP3072678,2016-09-28,B32B,JP2013050306|JP2013053858|JP2014172183|EP2848946|EP2873970,200
EP3072455,EP3072455,2016-09-28,A61B|A61L,US2642375|US4805823|WO1991009079|US5878193|US5415334|US5817084|US5465895|US5597107|US5599852|US5824333|US5632432|US5673840|US5704534|US5814055|US5792135|US6364888|US6231565|US7806891|US7524320|US6355699|US6783524|US7691098|US6978921|US7000818|US7143923|US7380695|US7380696|US20120203247|US7303108|US7434715|US20050070929|US7367485|US7404508|US20120138660|US20130012957|US20120199630|US20120199632|US7721930|US20120211546|US20080169328|US20120132450|US8408439|US20120205421|US20120199633|US8371491|US20120199631|US8210411|US8141762|US8453914|US20120241493|US20120241492|US20130256367|US20130037596|US20130062394|US20130062393|US20130062391|US20130068816|US20130068820|US20130075445|US20130075446|US20130075447|US20130082086|US20130206813|US20140239042|US20140239038|US20140239043|US20140239040|US20140243801|US20140239037|US20140239036|US20140239041|US20140239044|US20140246473|US20140263563,200
EP3072783A1,EP3072783,2016-09-28,B62D|G01B,JP2006322794|EP2159134|US20140208890|EP2792574,200
EP3072782A1,EP3072782,2016-09-28,B62D,WO2002026547|JP2003170856|EP2050655|US20100228441|DE102012204870|EP2735495,200
EP3073405A1,EP3073405,2016-09-28,H04L|H04W|G06F|G06Q,US20040003288|EP2487618|EP2565809,200
EP3073118A1,EP3073118,2016-09-28,F04C|F04D,EP2000671|EP2050960|EP2138722|JP2008248889|EP2330301|JP2010255623,200
EP3073802A1,EP3073802,2016-09-28,H05B,US6304154|EP1453360|US6563096|US6670590|US20050067409|EP2608634,200
EP3073566A1,EP3073566,2016-09-28,H01Q,US20030164800|EP2104178|EP2645479|EP2704252|US20140071005|EP2712025|US20140313089,200
EP3075258A1,EP3075258,2016-10-05,A22C|A22B,US2739345|EP1769681|EP0679336|RU2271670|EP2294922|EP2248428,200
EP3073692A1,EP3073692,2016-09-28,H04B|H04W|H04L,EP2429138|EP2627015|US20140098704,200
EP3073749A1,EP3073749,2016-09-28,H04N,US7735102|US20100281152|WO2008045305|US20080260346|US20100162172|US20120019732|EP2482565|EP2521348|EP2525567|EP2720474,200
EP3075290A1,EP3075290,2016-10-05,A47J,EP1092378|EP1491120|EP2036471|EP2946704,200
EP3075823A1,EP3075823,2016-10-05,C11D,US5352604|WO2005075616|WO2006002643|WO2006090335|WO2007144857|WO2008007320|WO2008087497|WO2009069077|WO2009101593|WO2009154933|WO2009158449|WO2009158162|WO2010056652|WO2011072117|WO2011084412|WO2011140316|WO2012054835|WO2012134969|WO2012166768|WO2013033318|WO2013116261|WO2013169536|WO2013171241|EP2669361|WO2013181205|WO2014040010|WO2014089386|EP2801606|EP2801609|WO2015003638,200
EP3075266A1,EP3075266,2016-10-05,A24C|A24B|A24D|A24F,US4054145|EP0846424|EP0872189|EP1839506|US20070084476|EP1993388|US8430106|EP1929888|US20080216854|EP2443947|WO2011076407|WO2013098410|WO2013098395|WO2013098405|WO2013098409|WO2013178766|WO2013178768|WO2013178767|WO2013190036|WO2014048745,200
EP3075957,EP3075957,2016-10-05,F02C|F01D|F01K|F05D|Y02E,GB1516041|US8794907|US20110100020,200
EP3076363A1,EP3076363,2016-10-05,G06T|B60R,JP2002354468|EP1775952|US20110285848|EP2739050,200
EP3076099A1,EP3076099,2016-10-05,F24F,JPH0452264B2|EP1139034|JP4052264|EP1589292|EP1892482,200
EP3076088A1,EP3076088,2016-10-05,F24F,JPH0452264B2|JPH0914742A|EP0834704|EP1326054|EP1471311|JP4052264|EP1884718|EP2206988,200
EP3076666A1,EP3076666,2016-10-05,H04N|H04M|H04W|Y02D,EP1933507|JP2008252271|EP2602945|JP2014190991,200
EP3076467,EP3076467,2016-10-05,H01M|Y02E,,200
EP3076698A1,EP3076698,2016-10-05,H04W,EP0944176|EP1199842|WO2004045092|EP1708420,200
EP3076640A1,EP3076640,2016-10-05,H04W|G06F|H04L|H04M|G07C|Y02D,EP1096722|WO2005062236|WO2010064162|EP2648130|US20140325614|EP2720444|WO2015081326,200
EP3078647A1,EP3078647,2016-10-12,F01D|C04B|B29B|F05D|Y02T,EP1760264|US20110293828|US20120099982|EP2767698|US20150040396|EP2837796|US20150044050,200
EP3079409A1,EP3079409,2016-10-12,H04L|H04W,EP2051410|EP2262339|WO2014110804|WO2014121461|US20140293908,200
EP3081397,EP3081397,2016-10-19,B60C,EP0235072|WO1997046359|EP2777951|JP2013237360|US20140014244,200
EP3081146A1,EP3081146,2016-10-19,A61B|G01B,US5387951|US20120140175|US20070076217|EP1836953|US20100014051|US20090091766|WO2009149953|WO2010010116|EP2198771|US20100182610|WO2010101162|US20100302550|DE102009022958|WO2010149420|US20110267340|WO2012130818|US20120249956|US20130188140|EP2620096|US20130195336|WO2014043517,200
EP3082024A1,EP3082024,2016-10-19,G06F|B60K,US20120154324|US20110157068|US8773146|JP2012088899|EP2631744|US20140204058|EP2801892,200
EP3000412,EP3000412,2016-03-30,A61B|A61F,US3157308|US5104025|US5309927|EP0623311|US5871135|US5403312|US7726537|US7000818|US7866528|US7635074|US7997469|US7641091|US7670334|US7464849|US7422139|US7845537|US20070175955|US7665647|US7794475|US8827133|WO2009005969|US8668130|WO2008118728|US20100264194|US20130168435|US7753245|US8308040|US8496683|US8561870|US20140042205|US7980443|EP2116192|US8210411|US8608045|US8220688|US8733613|US8393514|US20140081176|US20120298719|US20130256375|US20130334278|US20140180281|CN103908313,200
EP3078353A1,EP3078353,2016-10-12,A61F,US7435253|EP1369098|EP1400219|EP1982677|US20090204202|US20110144735|US20110251667|US20110257720,200
EP3085480A1,EP3085480,2016-10-26,B23B|Y10T,US5957631|US7306410|EP1273373|WO2010105608|EP2266735,200
EP3082301A1,EP3082301,2016-10-19,H04L|G06Q,WO2001035258|EP1669884|US20070078935|EP2767941,200
EP3082335A1,EP3082335,2016-10-19,G11B|H04N,EP1225762|EP2230839|EP2262230,200
EP3085544A1,EP3085544,2016-10-26,B41J,US20050057593|EP2508347|WO2013005204|EP2803492|EP2905143,200
EP3082348A1,EP3082348,2016-10-19,H04R|H04M,US20090179768|EP2190213|EP2501114,200
EP3086180,EP3086180,2016-10-26,G03F|H10P,JPH07140635A|JP2004133029|JP2007033469|JP2007233179|JP2007241065|JP2008276002|US7941767|JP2014197190|WO2015025922|DE112014003849,200
EP3086390A1,EP3086390,2016-10-26,H01M|Y02E|Y02P|Y02T,JP2006253119|WO2006118279|EP1876664|EP2704236|JP2013232318,200
EP3087916A1,EP3087916,2016-11-02,A61B,US4157708|US4907594|EP1815786|EP1444948|EP1051106|US6082858|US20120197137|US20130090564,200
EP3088598A1,EP3088598,2016-11-02,D06F,EP1486605|EP1688524|WO2012053751|EP2883487,200
EP3088324A1,EP3088324,2016-11-02,B65D,EP0952091|US6076235|EP1332980|EP1813479,200
EP3088105A1,EP3088105,2016-11-02,B22F|B23P|F01D|F04D|F05D|Y02P|Y02T,US5273708|EP2626169|EP3000556,200
EP3089385A1,EP3089385,2016-11-02,H04H,EP2355381|JP2013201469|EP2747314,200
EP3089448A1,EP3089448,2016-11-02,H04N|H04M,EP1933507|JP2008252271|EP2602945,200
EP3089528A1,EP3089528,2016-11-02,H04W|G01S,EP1480483|US20070205941|EP2530983,200
EP3089311A1,EP3089311,2016-11-02,H01M|G06F|H02J|Y02E,EP2328224|US20130099757|EP2712018|EP2844007|EP2851701,200
EP3090721A1,EP3090721,2016-11-09,A61J|B25J|B65B,EP1236644|US20080166292|EP1997471|US20100241270,200
EP3089064A1,EP3089064,2016-11-02,G06F|G06V|G09G|H04L|H04M|H04N|H04W,WO2001027724|EP1715663|US20060288234|US20130318625|US20130208103|EP2713298|US20140181962|US20140283128|EP2784657|US20140366158|EP2835755|US20150074615|DE202014103257,200
EP3093606A1,EP3093606,2016-11-16,F41A,EP2151657|US20140230296|WO2013178851|EP2857789,200
EP3090877,EP3090877,2016-11-09,B41J|B29C|B33Y,GB2400346|WO2011162071|CN201863477|EP2508347,200
EP3091724A1,EP3091724,2016-11-09,H04M,EP2107734|EP2797249|EP2806594,200
EP3090820A1,EP3090820,2016-11-09,B22C,GB2281238|US20050189086|EP2130626|EP2471613|US8302668,200
EP3091670A1,EP3091670,2016-11-09,H04J|H04L|H04B|H04M,EP2858255|US20120106605|EP2835911,200
EP3094126A1,EP3094126,2016-11-16,H04W|H04B|H04L,EP2373079|JP2011166721|WO2011035420|EP2384074,200
EP3095962A1,EP3095962,2016-11-23,F01D|F16J|F05D,US20070041827|US8777559|EP2851517|EP2860359,200
EP3095551A1,EP3095551,2016-11-23,F01D|B22F|B23K|B23P|C23C|F05D|Y02P,US7020539|EP1743729|EP2025777|US20130140278|EP2502729|WO2013087515|US20140220374,200
EP3095331A1,EP3095331,2016-11-23,A61K|A23L|A61P,US5288637|WO1996010086|WO2007090894|WO2007101675|US20080003330|EP2272381|EP2258216,200
EP3096006A1,EP3096006,2016-11-23,F03D|F05B|Y02E,EP2306004|EP2469081|EP2767710|US20150071778,200
EP3095446A1,EP3095446,2016-11-23,C07D|A61K|A61P,EP2130823|WO2009133379|WO2010129036|EP2433637|WO2013025508|CN104151300,200
EP3096023,EP3096023,2016-11-23,F04D|B64D|F16H|F05D|Y02B|Y02T,US4738416|US5125806|US6128896|EP0934878|EP1998029|EP2022947|EP2644496,200
EP3096541A1,EP3096541,2016-11-23,H04W|H04L,EP2651153|WO2013082628|EP2779717,200
EP3095732A1,EP3095732,2016-11-23,A47J|B65D,WO2006030461|EP2228320|EP2119640|WO2010137952|EP2284102|ES2351835,200
EP3098347A1,EP3098347,2016-11-30,D21F|B32B|D21G,JPH0657678A|EP1069235|EP2206828|JP2009127134|EP2711457|JP2014062337|JP2014062338,200
EP3100687A1,EP3100687,2016-12-07,A61B,US20130310942|US20120296171|US20140031874|EP2777573|EP2898836,200
EP3098438A1,EP3098438,2016-11-30,F03D|F16B|F05B|Y02E|Y02P,EP1011182|EP2770197|EP2157316|US20110142678|WO2012102294|EP2559891|EP2623773|WO2013129046|EP2674613,200
EP3100867A1,EP3100867,2016-12-07,B41J,US6074056|EP1527893|EP2650132|JP2013240989,200
EP3100722A1,EP3100722,2016-12-07,A61K|A61P,US5981607|US7001607|EP2335735|WO2011073134|EP2462921|WO2014041071,200
EP3101564A1,EP3101564,2016-12-07,B64F|B33Y|G05B|G06F,DE10041031|US20120239354|US20110161057|EP2573695|EP2778992,200
EP3101719A1,EP3101719,2016-12-07,H01M|Y02E|Y02W,WO2009144940|EP2293371|WO2013161200|EP2942830,200
EP3101916A1,EP3101916,2016-12-07,H04R,US20110142270|US20090046879|EP2680366|EP2688314,200
EP3104266A1,EP3104266,2016-12-14,G06F,EP1667471|US20060236251|EP1873702|US20100277420,200
EP3104599A1,EP3104599,2016-12-14,G06T|H04N|B60R,EP1157890|EP1170697|JP2002027446|JP2015074258,200
EP3103861A1,EP3103861,2016-12-14,C12M|A61L|C12N,US7144533|EP1457497|EP1775016,200
EP3104344A1,EP3104344,2016-12-14,G07D,DE3602291|EP0461889|US5868614|GB2323202|EP2146330|EP2759986,200
EP3104613A1,EP3104613,2016-12-14,H04N,WO2008013802|EP2104356|EP2800369,200
EP3101518A1,EP3101518,2016-12-07,G06F|G09G|H04M|H04W,US20040048570|EP2426597|EP2693331|US20150024728,200
EP3106067A1,EP3106067,2016-12-21,G03B|E06B|A47F|G06F,EP1530078|US20120285089|US20140208957|US20140078410|EP2824544,200
EP3106615A1,EP3106615,2016-12-21,F01D|F05D,JPH10238307A|EP2226471|JP2013148059|EP2853694,200
EP3106580A1,EP3106580,2016-12-21,E04B|B32B|E04C,EP2333180|EP2404750,200
EP3106643A1,EP3106643,2016-12-21,F02B|F01C|F04C|Y02T,US4742683|US7775044|EP2011962|US20110094221|EP2687675|EP2778342,200
EP3106648A1,EP3106648,2016-12-21,F02K|F02C|F05D|Y02T,EP2128405|EP2244148|EP2644506|WO2014051661,200
EP3106644A1,EP3106644,2016-12-21,F02B|F01C|F04C|Y02T,US4742683|US7775044|EP2011962|US20110094221|EP2687675|EP2778342,200
EP3106742,EP3106742,2016-12-21,F21V|F21S|F21Y,US5607227|EP1691131|EP2287525|US20100328947|EP2824380,200
EP3106777A1,EP3106777,2016-12-21,F24S|Y02E,US4256088|WO1996029745|US6123067|EP2098806|EP2072933|US20100043776|US20120285511|US20130000632,200
EP3107073A1,EP3107073,2016-12-21,G07C,EP1568834|US20110140838|EP1564691|EP2207146|EP2821970,200
EP3109008A1,EP3109008,2016-12-28,B25H,GB2241618|US6072675|EP1967305|EP2127790|US20090028653,200
EP3061409A1,EP3061409,2016-08-31,A61B|A61L|B25F|G01R|H01M|H02J|Y02E,WO2003013372|US7794475|US20110017801|EP2510891|EP2724674|EP2772206|EP2932913,200
EP3107062A1,EP3107062,2016-12-21,G06T|G06F,WO1996039774|US5737032|EP1202220|EP1383080,200
EP3109412A1,EP3109412,2016-12-28,F02C|F01D|F02K|F16H|F05D|Y02T,US5433674|EP2441923|WO2014182467|EP3002433,200
EP3109261A1,EP3109261,2016-12-28,C08F|C08L,US3242150|US3405109|US3324093|US3374211|GB1272778|EP0047077|US4532311|US4621952|US4543399|US4578879|US4933149|EP0188125|US4582816|EP0250169|US4855370|US5026795|US4803251|EP0361494|EP0361493|EP0372239|EP0376936|EP0424049|EP0460594|EP0479186|US5391654|EP0499759|EP0655073|EP0614467|EP0560035|EP0560312|EP0579426|EP0600414|EP0696293|WO1994027134|WO1994025495|EP0699213|EP0707513|EP0684871|EP0683176|EP0691367|WO1996019503|EP0721798|WO1996032420|WO1996035936|EP0891990|EP0942011|WO2000026258|WO2000029452|WO2001005845|WO2002088194|EP1310295|EP1415999|WO2005087361|EP1591460|EP1600276|WO2007025640|EP2067799|EP2246369|EP2746300|EP2746306|EP2799456,200
EP3109539A1,EP3109539,2016-12-28,F21S|F21W|F21Y,US20010019486|JP2001266620|US20060198118|EP2202459|EP2237080|US20130027961|WO2013027557|EP2690348|US20140313762|DE102013110272,200
EP3109783A1,EP3109783,2016-12-28,G06Q|G16H,US20050128184|US20140006049|US7274290|US20080253519|EP1769771|US20070118400|US20080114226|US20080114212|US20080114214|US20080104547|US20090021475|US20090125840|US8355928|US20100022849|US8411034|WO2012044334|WO2011060185|WO2011060187|US20120229383|US20130204428|WO2012129669|WO2012174539|WO2013038293|US20130179162|US20130225999|WO2014134196|EP2945087,200
EP3109857A1,EP3109857,2016-12-28,G10L|G01C|G06F|G08G|H04B|H04L|H04W,US20070189328|US20080045198|US20100027768|EP2849169|EP2874133,200
EP3109720A1,EP3109720,2016-12-28,G05B|H04L|G06F|H04Q|Y02P,EP1659470|US20070186011|WO2007117705|EP2530549,200
EP3064152,EP3064152,2016-09-07,A61B,US8608045|EP2283780|US20120248167|US20120298719|US20140263539|US20140263541|US20140263538|EP3001279,200
EP3109172A1,EP3109172,2016-12-28,B65D|B31B|B32B|B65B|B65C|Y10T,US5725311|FR2772009|EP1375380|EP1712488|US20090232425,200
EP3096218A1,EP3096218,2016-11-23,G06F,US20100070908|EP2290506|WO2011115187|US20130002561|EP2426580,200
EP3110103A1,EP3110103,2016-12-28,H04L,US20110099622|EP2557759|EP2739003,200
EP3112192A1,EP3112192,2017-01-04,B60C,US8381784|EP2567834|EP2777959,200
EP3112292A1,EP3112292,2017-01-04,B65F,DE4413034|EP0915034|WO2010082878|EP2233409|WO2011099929,200
EP3110090A1,EP3110090,2016-12-28,H04L,US20130159498|EP2611074|EP2632100|US20140016464|US20140226799|EP2860939,200
EP3112417A1,EP3112417,2017-01-04,C08K|C08L,WO1992012182|EP0572028|WO1998016359|EP0887379|WO1999024478|WO1999024479|WO2000068315|WO2004000899|WO2004111095|EP2062936|WO2009065589|EP2308923|WO2013149915|WO2014033017|US20140288225|EP2821434,200
EP3111923A1,EP3111923,2017-01-04,C08G|A61K|A61Q|C08K|C08L,JPH0322844B2|JPH0696498B2|JPH01190619A|JP2722221|JP2722222|JP3062283|JP3081049|JPH09110653A|JP4936632|JP4936631|JP2004521967|US6482969|EP1449510|JP4801322|JP2006505643|JP2006505644|EP1426398|JP4726234|US20040225099,200
EP3110122A1,EP3110122,2016-12-28,G06T|G06F|H04N,US4680643|EP0822710|US20060204141|US20090256924|EP2432209|EP2819388,200
EP3112830A1,EP3112830,2017-01-04,G01K|G01M,US6639505|US6829820|US20040114664|US8328419|EP2075557|EP2410306,200
EP3112519A1,EP3112519,2017-01-04,D06F,JPH10328481A|US6397643|EP1433891|EP2573248|EP2757186|EP2980297,200
EP3113525A1,EP3113525,2017-01-04,H04W,EP1098543|EP1223768|US20100311404|EP2464153|EP2493225|EP2693784,200
EP3113108A1,EP3113108,2017-01-04,G06T,EP2351351|US20140321701|EP2682315|EP2682898,200
EP3113498A1,EP3113498,2017-01-04,H04N|H04L,US20140297815|EP1995910|US20080291863|WO2009029339|US20090296828|US20100023638|US20100178036|WO2012048928|US20140010515|EP2533547|US20150120953|US20150163379,200
EP3114996A1,EP3114996,2017-01-11,A61B|H01F,US5391199|WO1996005768|US20020065455|US6690963|US6332089|US6618612|US6239724|US6484118|EP1266610|US20030120150|US20040068178|US8180430|EP1854405|US20070265526|US20080174303,200
EP3115279A1,EP3115279,2017-01-11,F16C|B62D,JP2008126715|EP2202129|JP2009286164|US20120248724|WO2014196582|EP3006750,200
EP3115317A1,EP3115317,2017-01-11,B65F|B66C,US5014870|DE29905551|EP1084069|EP1172308|EP1916218|EP2868599,200
EP3115883A1,EP3115883,2017-01-11,B41J|G06K,US20030046131|US20050031392|US20070008594|US20090213414|EP2523447|EP2645228|US20140293300,200
EP3115249A1,EP3115249,2017-01-11,E02F|B60K|B60L|G05B|B60Y|H02J|Y02T|Y10S,EP1383224|EP1526627|JP2005124353|EP2418504|EP2670019,200
EP3115931A1,EP3115931,2017-01-11,G06V,US8306747|EP2680247|EP2662804|EP2711867|EP2838051,200
EP3118078,EP3118078,2017-01-18,B60L|B60W|F16H|Y02T,JP2006042416|JP2006335216|WO2013038498|DE102012224170|JP2014079087|US20150019097,200
EP3115923A1,EP3115923,2017-01-11,G06K|G02B|H04N,EP1223535|EP2202668|US20120273572,200
EP3115936A1,EP3115936,2017-01-11,G06K|H04N,JPH07327117A|EP1167022|US20030137698|EP2720136,200
EP3119007A1,EP3119007,2017-01-18,H03D|H04B|H03H,EP1843468|US20060176215|WO2010051387|EP2581751,200
EP3110113A1,EP3110113,2016-12-28,G06F|H04M,US20090091578|US20130300697|EP2725474|EP2728437|US20140132481|EP2947538,200
EP3113529A1,EP3113529,2017-01-04,H04L|B60R|G07C|H04W,EP1128627|EP1309132|US20150020152,200
EP3118871A1,EP3118871,2017-01-18,H01F|B22F|C22C,JP2001181713|EP1752994|JP2006287044|EP2226814|JP2015008200,200
EP3121956A1,EP3121956,2017-01-25,H02P,EP0961396|EP1612926|EP2190112|JP2009124864,200
EP3121442A1,EP3121442,2017-01-25,F03D|G05B|F05B|Y02E,US7357622|US20090099702|EP2644889|EP2767710|WO2015039665,200
EP3121645A1,EP3121645,2017-01-25,G02F,US20030234896|EP1895354|US20100027241|EP2762957,200
EP3124218A1,EP3124218,2017-02-01,B29C|B32B|B64C|G01N|B29K|B29L|Y02T,US20100055384|EP2116356|EP2868465,200
EP3124128A1,EP3124128,2017-02-01,B05B|B08B,US5092356|DE4216665|DE10315866|EP1728565|EP2724793,200
EP3121983A1,EP3121983,2017-01-25,H04L|H04W,EP2541826|EP2709299,200
EP3125216A1,EP3125216,2017-02-01,G09B,GB2328775|EP1677273|EP2287823|EP2410502|JP2012203153,200
EP3124680A1,EP3124680,2017-02-01,D06F,DE4032079|US5555645|EP1852541|EP2679718|EP2832921,200
EP3124527A1,EP3124527,2017-02-01,C08J|B29C|B32B|C08L|C09D|B29K,JPS5122951B2|JPH0116125B2|JPH0429522B2|JPS60185816A|JPH0323858B2|JPH0649795B2|JPH0622919B2|JPH0446217B2|JPH0638359B2|JPH09104026A|JPH09104027A|JPH10180888A|JP2000136261|JP2006282750|JP2007100025|WO2008123367|WO2011145391|EP2573133|EP2940070,200
EP3127712A1,EP3127712,2017-02-08,B60C|C08K|C08L|Y02T,US5504135|US5395891|US5672639|EP0839891|ES2122917|US6127488|US6146520|US6103808|US6608125|US6248929|US20010023307|US20010007049|US6410816|US6133364|US6207757|US6242534|US6399697|US6372857|US20020000280|US20020045697|JP2002097369|US20030130535|US7342070|US20060041063|EP1637353|WO2007047943|EP1911797|EP2412731|US20120029114|EP2433812|US20120208919|EP3031620|EP3031621,200
EP3120785A1,EP3120785,2017-01-25,A61B,US7364060|EP2873380|EP3031408,200
EP3128687A1,EP3128687,2017-02-08,H04H,EP1347644|EP2887569,200
EP3128753A1,EP3128753,2017-02-08,H04N,EP1434442|EP1499114|US20080232458|US20090074084|US20100172413|US20100189183,200
EP3122038A1,EP3122038,2017-01-25,G06F|H04N|G06T,EP1746518|US20080092054|EP2093711|EP2299711|EP2482565|EP2615609|EP2826689,200
EP3128153A1,EP3128153,2017-02-08,F02B|B64D|F02C|F05D|Y02T,EP1990517|US20090088063|US20130151039|EP2631182,200
EP3130783A1,EP3130783,2017-02-15,F02C|B64D|H02P|F05D|Y02T,US20060042252|EP1947311|EP2657457|EP2728141,200
EP3128774A1,EP3128774,2017-02-08,H04L|H04W,EP2273823|US20140304788|EP2661112,200
EP3130868A1,EP3130868,2017-02-15,F25B,JP2004218944|JP2006046692|EP2378215|JP2010196950|EP2402686|WO2014103013,200
EP3131021A1,EP3131021,2017-02-15,G06F,EP2631817|EP2755148|US20150052175|EP2894587,200
EP3128702A1,EP3128702,2017-02-08,H04L,EP2124415|EP2214357|EP2416542|EP2869510,200
EP3132918A1,EP3132918,2017-02-22,F01D|B29C|F02C|B29L|F05D,EP1621752|US20100269979|EP2457718|EP2896494,200
EP3130465A1,EP3130465,2017-02-15,B41C|B41M|C09B|G03F,GB1084070|DE1447963|GB1154749|US3929488|US4045232|US4115128|US4458005|JPS6088942A|EP0291760|EP0292801|US5141838|JPH0296755A|EP0400706|US4981517|DE4001466|US5169897|US5262270|EP0537633|US5330877|EP0659909|DE4417907|DE4423140|US5534381|US5641608|US20030166750|WO1997039894|EP0825927|EP0823327|EP0864420|WO1999001795|EP0894622|EP0901902|EP0909657|US6573022|WO1999021725|WO1999021715|EP0933682|EP0934822|EP0950517|WO1999063407|EP0978376|EP0982123|US6087066|WO2000029214|US6140392|WO2000032705|EP1025992|EP1029667|EP1053868|EP1072432|WO2001009682|US6255033|US6541181|EP1074889|EP1074386|EP1093934|WO2001045958|EP1120246|US6458511|EP1162209|US6270938|WO2001096119|US6596460|US6458503|WO2002073315|WO2002096961|US6596456|EP1262318|EP1275497|EP1275498|US20030170559|JP2003156850|US6818378|EP1342568|WO2003079113|US20050003296|US6783913|JP2003307844|EP1356926|WO2004020484|US20060130689|EP1396338|EP1400351|WO2004030923|WO2004030924|WO2004030925|EP1545878|WO2004035310|WO2004035645|WO2004035686|WO2004035687|WO2004071767|WO2004081662|EP1506858|JP2005099631|US20050214677|WO2005111727|WO2006005688|JP2008509245|EP1627732|WO2007003030|WO2007017162|EP2102446|JP2008197566|WO2008103258|US20090004599|WO2009005582|EP2047988|WO2009085093|WO2009099518|US20090291387|US20100047723|EP2159049|WO2010031758|WO2010079020|EP2263874|US20110059399|EP2497639|US20130029268|WO2013055640|EP2690495,200
EP3131040A1,EP3131040,2017-02-15,G06F|G06Q|A63B,US20130325399|EP2869539|EP2868273|US20150169659,200
EP3133404A1,EP3133404,2017-02-22,G01Q,JP2000171472|JP2001235416|EP1995737|EP2682759|WO2015019090,200
EP3132988A1,EP3132988,2017-02-22,B60W|G01S|B60K,EP0897824|EP1308812|DE102010012954|US20130231829|DE102011077975|US8880272|US20150032369|US20150177007,200
EP3131331A1,EP3131331,2017-02-15,H04L|H04W,EP1545040|WO2005088882|WO2007045101|US20070195809|EP1833203,200
EP3133464A1,EP3133464,2017-02-22,G06F|H04M,EP2713282|US20140073256|EP3010212,200
EP3133591A1,EP3133591,2017-02-22,G09G,US6700562|EP1347436|EP1406240|US20060151745|US20140146030,200
EP3132740A1,EP3132740,2017-02-22,A61B|G04G|G06F|Y02D,WO2009140360|WO2013043747|WO2014120832|US20150057967|EP2989973|EP2851001,200
EP3133675A1,EP3133675,2017-02-22,H01M|Y02E|Y02P,EP2551938|EP2660896|EP2757614|EP2860786,200
EP3135438A1,EP3135438,2017-03-01,B23B|B25F|B25B,EP1510299|EP1946895|JP2009012153|DE102008020173|EP2329922|EP2572832|EP2708329|WO2015061370|DE102013222550,200
EP3136008A1,EP3136008,2017-03-01,F24F,EP1953464|EP2056029|EP2716983|EP2716982,200
EP3136371A1,EP3136371,2017-03-01,G08G|G05D,EP2040137|EP2482269|EP2685440|EP2801963,200
EP3136593A1,EP3136593,2017-03-01,H02S|H02G|Y02E,US20100182761|EP2332399|EP2752473,200
EP3135750A1,EP3135750,2017-03-01,C10M|C10N|Y02T,US2719126|US2719125|US3172892|US3087932|US3215707|US3231587|US3087936|US3254025|US3381022|US3275554|US3565804|US3272746|US3442808|US3821236|US3904537|US3912764|GB1440219|US4193882|US4136043|GB1560830|US4110349|US4097387|US4152499|US4107059|US4188299|US4234435|US4702850|US5230714|EP0237804|US4938880|US4927551|EP0330522|US4938881|US4952739|CA1335895|EP0382450|US5241003|US5430105|US5756431|US5854186|US5792730|US5565128|US5777025|US5891953|EP1266952|EP2236591,200
EP3123955A1,EP3123955,2017-02-01,A61B,US3157308|US4527724|US5137198|US5403312|US5405073|US5605272|EP0795298|US5697543|US7000818|US20050246881|US7670334|US7422139|US7464849|US20070175955|US7845537|US20070208359|EP2000101|US8308040|US7753245|US8561870|US7980443|EP2130501|US8210411|US8608045|US8220688|US8733613|US8393514|US9072535|US20130256375|EP2644124|US20130334278|US20140263551|US20140263552,200
EP3138662A1,EP3138662,2017-03-08,B25F|H01H,WO1992000594|DE102005042873|EP2202771|JP2010155295|EP2641550|EP2688080,200
EP3139156A1,EP3139156,2017-03-08,G01N|A61B|G21K,EP1447046|EP1731099|US20150036795|WO2014194995,200
EP3136821A1,EP3136821,2017-03-01,A47J|G06K|H05B|A23V,JP2003083543|EP2020826|EP2034801|EP2222133|CN104503328|CN204287865,200
EP3135201A1,EP3135201,2017-03-01,A61B,EP1484016|EP2389864|EP2548509|EP2676609,200
EP3139417A1,EP3139417,2017-03-08,H10F|B32B|C08L|Y02E,US4413066|US4297310|GB2066268|US4753993|EP0736065|EP1309632|EP1309631|WO2011160964|EP2390093|US20130209795|EP2508566|WO2013077874|EP2803483|EP2804223|EP2876132,200
EP3136686A1,EP3136686,2017-03-01,H04W|G06F|H04L,EP1146692|WO2001089155|US20020031228|EP1233570,200
EP3139558A1,EP3139558,2017-03-08,H04L,EP2840749|EP2874363,200
EP3141999A1,EP3141999,2017-03-15,G06F|G06K,EP2163981|EP2743824,200
EP3141916A1,EP3141916,2017-03-15,G01R|H02J|Y02B|Y02E|Y04S,EP2475068|EP2511716|JP2012186963|JP5690618|EP2701266|JP2013102281|EP2735847|JP5641083,200
EP3141884A1,EP3141884,2017-03-15,G01N,EP1542008|EP1586903|US20080187951|EP2204643|EP2645083|EP2645082,200
EP3135222A1,EP3135222,2017-03-01,A61B,EP1702570|EP2005894|EP2008595|WO2011143183|US20120241497|US20130256375|EP2870932|WO2015191277,200
EP3142461A1,EP3142461,2017-03-15,H05B|F02P|F23Q,EP1612486|JP2007240080|EP1998596|EP2247156,200
EP3144216,EP3144216,2017-03-22,B64D|B64C|F02K|Y02T,EP1616786|US20120006935|EP3048042|EP3093235,200
EP3144968A1,EP3144968,2017-03-22,H10H|H10W,US4845405|JP2002043635|JP2004179641|EP1649514|US20070096343|JP2011199193|EP2445006|EP2562815|EP2843705,200
EP3142156A1,EP3142156,2017-03-15,H10F|Y02E,US20120055531|EP2869350|EP2911206,200
EP3144355A1,EP3144355,2017-03-22,C08G|C08L|C09D|C08K,US20020096088|US7081488|EP1398333|US7179531|WO2012024610|US20150000546|EP2535363|US20150005446|EP2762502|US20150011695|EP2955199,200
EP3144625A1,EP3144625,2017-03-22,F28D|H05K|F28F|H10W,US20030192674|US20060146496|EP2112689|CN101566331|KR20110128539|CN101886801|KR20130111035|CN203215640|EP2811251|EP2876400,200
EP3145164A1,EP3145164,2017-03-22,H04M|G06F|H04W,EP1956809|WO2012004451|US20120040644|US20120214551|US20140018053|EP2704377|US20140235295|WO2015120727,200
EP3145204A1,EP3145204,2017-03-22,H04N|G06F,JP2003046921|US20030200545|EP1531623|US20080307461|EP1624682|US20060156339|JP4656527|US20080002940|JP2009005124|US20090055874|JP2009049802|US20090180754|US20130226996,200
EP3147157A1,EP3147157,2017-03-29,B60Q,DE10354104|WO2011047751|EP2381162|JP2013124092|EP2631122,200
EP3148102A1,EP3148102,2017-03-29,H04H,JPH10215196A|JPH1155135A|JP2008211484|EP2355381|JP2011259296|JP2013201469|EP2713534|EP2747314,200
EP3146910A1,EP3146910,2017-03-29,A61B,US4805823|US5205459|US5271544|US5275322|US5285945|US5292053|US5333773|US5350104|US5533661|US5415334|US5465895|US5597107|US5632432|US5673840|US5704534|US5814055|US7380695|US7000818|US7143923|US7380696|US6978921|US7303108|US7434715|US7367485|US7404508|US20080190989|US7794475|US7721930|US8408439|US20100264193|US20130168435|US20110087279|EP2233080|US20120239012|US8453914|US20120116379|EP2452634|US20120150206|US20120234900|US8910847|US20140144968|US20140144969|US20140151430|US20140151429|US20140158747|US20140166718|US20140166717|US20140166728|EP2837337|US20150083773|US20150083772|US20150083774|US20150083775|WO2015138760|EP2954857,200
EP3147128A1,EP3147128,2017-03-29,B41J,EP0938973|EP2353868|US20120044296,200
EP3144154A1,EP3144154,2017-03-22,B41J|H01R,US20120056955|US20130182052|AU2014246601|EP2703167|JP2014061693|EP2803488|EP2886346,200
EP3147711A1,EP3147711,2017-03-29,G03G,JPS60264285A|JP2000019770|EP0980028|EP1477320|JP2005001369|JP4105718|US20070231723|EP1902852|JP2008280523,200
EP3148230A1,EP3148230,2017-03-29,H04W|H04L,EP2723108|EP2755411|US9143979|US20150036540|EP2884775|EP3013110,200
EP3153448A1,EP3153448,2017-04-12,B66B|H02M,EP1067081|EP2399858,200
EP3153260A1,EP3153260,2017-04-12,B23B,US4065223|US4318644|US4359300|US4632608|EP0804313|JP2004098185|CN103357907|EP2805786,200
EP3153656A1,EP3153656,2017-04-12,E21B,US20030127232|EP1999337|US20080236819|US20110297254|EP2778339,200
EP3148162A1,EP3148162,2017-03-29,H04W|H04L,US6323846|US6888536|US6677932|US6570557|EP1677490|EP1773024|US20070142059|WO2008036676|US20090144359,200
EP3155994A1,EP3155994,2017-04-19,A61B,US5391199|WO1996005768|US20020065455|US6690963|US6618612|US6332089|EP0957794|US6239724|US6064905|US20030208199|US6484118|US20030093072|US20030120150|US20040068178|EP1484011|US20060095030|WO2009094588|EP2540245|EP2662048|US20140018788,200
EP3156023A1,EP3156023,2017-04-19,A61F|A44B|D04H,US20010051253|US20040020579|EP1422439|US20060019572|EP2260739|TWI399469B|TWM445589U,200
EP3150564,EP3150564,2017-04-05,C03C|A61J|B65D|C08G|C08L|Y10T,US20020016438|US7201965|WO2013130724,200
EP3155979A1,EP3155979,2017-04-19,A61B,EP2606834|EP2668911|AU2014268211|EP3011915,200
EP3156743A1,EP3156743,2017-04-19,F25B,EP1275913|JP2006125761|CN200943911|JP2009210139|EP2236957|EP2295896|EP2426438|CN203413735,200
EP3156811A1,EP3156811,2017-04-19,G01R|H02P,JP2006025526|US20110089883|EP2830206|EP2913918,200
EP3156831A1,EP3156831,2017-04-19,G02B|C03B,EP0260795|US4852968|US5044724|EP1255138|US20050089289|JP2004347884|EP1544175|EP1978383|US20080279517|EP2003476|WO2009066429,200
EP3156935A1,EP3156935,2017-04-19,H03H|H04B|G06K|H04W,EP2763075|US20150178525|EP2779021,200
EP3157101A1,EP3157101,2017-04-19,H04B|H01F|H01Q|H02J|H04W|H05K,US4901015|JP2009038785|EP2543314|EP2733738,200
EP3156948A1,EP3156948,2017-04-19,G06K,WO2000033249|EP1136945|EP2058752|JP2009277255|EP2506192,200
EP3158949A1,EP3158949,2017-04-26,A61B,US20140042206|US20120253329|US20120234890|US8789737|EP2676617|US20140151429|EP2873380,200
EP3159573A1,EP3159573,2017-04-26,F02C|F01D|F16F|H02K|H02P|F05D|Y02T,US20070279012|US20090001940|US20100141193|EP2218939|EP2325999|EP2346160,200
EP3155969A1,EP3155969,2017-04-19,A61B,EP2548509|EP2609863|EP2676609,200
EP3160069A1,EP3160069,2017-04-26,H04N|H04H,EP1852989|US20090150917|EP2466870|US8943528|US20140089998|US20140380347,200
EP3160113A1,EP3160113,2017-04-26,H04W|H04L,EP1528747|WO2010130270|EP2665308,200
EP3159692A1,EP3159692,2017-04-26,G01N,JPH0599919A|US20050260766|EP1840571|JP2007263894|US20090023129|US20100151509|EP2237019|JP2010237147,200
EP3159889A1,EP3159889,2017-04-26,G10D|G10H,DE3434160|DE3534961|WO1990009650|JPH09212157A|EP1282111|EP1258861|WO2005066930|EP1752966,200
EP3147083A1,EP3147083,2017-03-29,B25C|B27F|F16B,WO2005072978|WO2007072939|WO2007072979|EP2050543|WO2010143448|EP2628579|JP2013166206|US20140158738|JP2014113679,200
EP3162190A1,EP3162190,2017-05-03,A01G|B25F,US5867910|EP1541010|EP2540153|WO2011113445|EP2606717,200
EP3162597A1,EP3162597,2017-05-03,B60C|B60B,US8042586|EP2567834|EP2777959|EP2842775,200
EP3162766A1,EP3162766,2017-05-03,C02F|B01F|B03D,US4477341|EP0965374|US20070114183|US20130118988|EP2930150|KR101491001,200
EP3159350A1,EP3159350,2017-04-26,C07F|C09K|H10K|Y02E,US4769292|US5247190|US5061569|JPH0773529A|EP0650955|US5639914|US5703436|US5707745|US20030162053|US5834893|US6013982|US5844363|US6091195|US6517957|US6337102|US6303238|US6087196|US6097147|US20020034656|US6413656|US6656612|US6294398|US6468819|WO2001039234|US20010019782|US7951947|US20020158242|US6670645|WO2002015645|US20030068526|EP2062907|US20030138657|US6699599|US6921915|EP1238981|EP1239526|EP1244155|US20060065890|US20040174116|US7431968|US20030072964|US6835469|WO2003040257|US20030175553|WO2003060956|US6653654|JP2004022334|US20030230980|US20040036077|US20060127696|US20050244673|US20090218940|US6916554|US6687266|US7728137|EP1602648|WO2004093207|EP1647554|JP2005268199|WO2005014551|WO2005019373|US20050123751|US20070087321|US20070034863|JP2005112765|US20070103060|JP2005149918|US20050139810|US20050123788|US20050123791|EP1698613|US7332232|WO2005075451|EP1725079|WO2005089025|EP1734038|US20050238919|US7154114|US7279704|US7534505|US20050260449|US20060008670|EP1617493|EP1624500|US20060182993|EP1642951|EP1806334|WO2006056418|US20080107919|US20080210930|JP4478555|US20060134459|US20060134462|EP1841834|WO2006072002|US20070181874|US20080303417|US20080161567|WO2006081973|WO2006081780|US7378162|US7740957|US20060202194|WO2006114966|US20090115320|US20060240279|CN1696137|WO2006121811|US20060251923|US20060280965|US20090140637|US20070018155|US20100108990|WO2007018067|US20080233434|JP2007091719|EP1930964|US20070104977|US20070104980|US20070104979|US20070111026|US20070145888|US20080233410|WO2007063754|EP1956007|EP1961743|US20070138437|EP1968131|US20070160905|EP1972613|US7759489|US20070190359|US20080297033|EP1997799|WO2007108362|JP2007254297|US20070252140|US20120146012|US20070224450|WO2007111263|US20070231600|WO2007115981|WO2007115970|EP2020694|EP2011790|US20070278938|WO2007125714|US20090179554|US20070278936|EP2034538|US20090167167|US7675228|US20080005851|US20080014464|JP2008021687|US20080020237|EP2055700|EP2055701|WO2008023759|US20080106190|WO2008023550|US20080091025|WO2008035571|US7968146|WO2008054584|WO2008056746|EP2085382|US20080124572|US20080220265|US20090108737|US20100084966|US20080145707|WO2008078800|WO2008096609|WO2008101842|US20140103305|US20080261076|US8067099|WO2009000673|WO2009003455|WO2009003898|US20090017330|US20090030202|WO2009008277|WO2009011327|US20090066235|WO2009021126|US20090039776|US20090085476|US20090115322|WO2009050281|US20090104472|US20090101870|US20090115316|WO2009063833|US20090179555|WO2009066778|WO2009066779|US20090167161|US20090167162|WO2009086028|US20110057559|WO2009100991|EP2100896|WO2009145016|WO2009148269|US20090309488|US20090302743|US20100012931|US8592586|US20110163302|US20110210320|US20110227049|WO2010028151|WO2010027583|US20100090591|US20110156017|US20100105902|US20100102716|WO2010056066|WO2010054731|US20110108822|WO2010061824|US20110278551|WO2010067894|US20100148663|WO2010072300|KR20100079458|US20100187984|WO2010086089|WO2010107244|US20100244004|WO2010118029|US20100270916|US20100288362|US20100295032|US20110007385|US20120116110|US20120126221|US20120214993|WO2011044988|US20120205642|WO2011051404|WO2011074770|WO2011075644|WO2011081423|WO2011081431|WO2011086863|TW201139402|KR20110088898|US20110204333|WO2011105373|WO2011107491|US20110215710|US20110240968|WO2012020327|US20110285275|US20130105787|KR20120032054|EP2599851|US20130175519|JP2012074444|US20120075273|US20120193612|EP2660300|US8415031|US8871361|WO2012128298|WO2012133644|WO2012133649|US20130334521|KR20120117693|US20120292601|KR20120129733|US20120299468|WO2012163471|WO2012177006|US20130009543|WO2013018530|US20130033172|WO2013024872|US20140183517|WO2013035275|EP2757608|WO2013039073|KR20130043460|TW201329200|JP2013110263|WO2013081315|WO2013079217|US20140001446|US20130146848|WO2013087142|US20130165653|WO2013094620|KR20130077473|TW201332980|EP2803671|WO2013107487|US20130181190|US20140034914|WO2013118812|WO2013120577|US20130241401|DE102012005215|KR20130108183|WO2013145667|US20150060804|KR20130115564|WO2013157367|WO2013175747|WO2013174471|WO2013180376|CN102702075|CN103508940|WO2013191404|JP2014009196|WO2014002873|WO2014007565|EP2684932|WO2014009310|US20140014927|US20140014925|WO2014008982|KR20120088644|WO2014015935|WO2014015937|WO2014023377|EP2883880|WO2014024131|WO2014030872|WO2014030921|WO2014031977|WO2014034791|WO2014038456|US20140117329|EP2730583|US20140183503|WO2014104499|WO2014104535|WO2014104514|WO2014112450|US20140225088|US20140246656|WO2014142472|US20140284580|WO2014157018|WO2015039723|WO2015084114|CN103694277,200
EP3162302A1,EP3162302,2017-05-03,A61B,US4805823|US5878193|US5415334|US5817084|US5465895|US5597107|US5632432|US5673840|US5704534|US5814055|US5792135|US6364888|US6231565|US7806891|US7524320|EP1064883|US6783524|US7691098|US7000818|US7380695|US7380696|US20120203247|US7143923|US6978921|US7434715|US7303108|US7367485|US7404508|US20120138660|US20130012957|US20120199630|US20120199632|US7721930|US20120211546|US20080169328|US20120132450|US8408439|EP2008595|US20120205421|US20120199633|US8371491|US20120199631|US8210411|US8141762|US8453914|US8801735|US20120241493|US20130214030|US20130256367|US20130037596|US20130062394|US20130062393|US20130062391|US20130068820|US20130068816|US20130075447|US20130075446|US20130075445|US20130082086|US20130206813|US20140239037|US20140239038|US20140239043|US20140239040|US20140239036|US20140239042|US20140239041|US20140239044|US20140243801|US20140246473|US20140263563|EP3072455|EP3072453,200
EP3163390A1,EP3163390,2017-05-03,G05B,EP1396772|EP1517200|DE102009054155|EP2876510,200
EP3162917A1,EP3162917,2017-05-03,F23R|C23C|F01D|F02C|F05D|Y02T,US20040256504|EP1598439|EP1939317|US20090162692|WO2013037391|EP2743369|US20140193664,200
EP3162965A1,EP3162965,2017-05-03,E02F|F15B,US5733095|US7621124|US20100024411|EP2543777|EP2796625|WO2013109814|US20140238007,200
EP3163405A1,EP3163405,2017-05-03,G08B|G06F|H04M,US20090003620|US20120028577|EP2778850|US20140270681|EP2790099|US20150005039,200
EP3163492A1,EP3163492,2017-05-03,G06F|G06Q|G07F|H04L,WO2003027816|EP2204754|EP2645288|US20140289537,200
EP3163705A1,EP3163705,2017-05-03,G01D|G06Q|H02J|Y02B|Y04S,WO1998038844|WO2001006612|WO2002084558|US20110204720|EP2523139|EP2565586|US20140049109,200
EP3163675A1,EP3163675,2017-05-03,H01Q,EP2173008|EP2797164|JP2014216805|WO2015137108|EP3118930,200
EP3165480A1,EP3165480,2017-05-10,B65G|B05B,US4860883|EP0425969|EP1136399|EP1362809,200
EP3165111A1,EP3165111,2017-05-10,A43B|A43D,DE601696|DE626769|DE4104468|US6533885|EP1106094|EP1884572|EP2484240|US20130047471|WO2014049379|DE102015205751,200
EP3165406A1,EP3165406,2017-05-10,B60R|A01B,DE102005034201|EP2135498|EP2464112|WO2014029591|EP2743132|CA2863656,200
EP3165386A1,EP3165386,2017-05-10,B60J|E05F,EP2559576|EP2481619|EP2700521|JP2014069615,200
EP3165664A1,EP3165664,2017-05-10,D06F,EP1094144|KR20030050291|WO2006075903|WO2006083083|DE102006027440|EP1995365|EP2775024,200
EP3167835A1,EP3167835,2017-05-17,A61B,US6241724|US6915149|US6301496|US6226542|US6892091|US6695808|US6814733|US6997924|US7156816|US7536218|US7756576|US20070100332|US20080275465|US20080288038|US20090093806|US20140024969|EP2338428|US20120283552|US20130296692|EP2749240,200
EP3168357A1,EP3168357,2017-05-17,D06F|G06F,DE10261284|EP1555684|EP1884857|CN204434991,200
EP3168477A1,EP3168477,2017-05-17,F04C|F04B,EP2505846|EP2589813|US20130236331|EP2853822,200
EP3168417A1,EP3168417,2017-05-17,F01D|F05D|Y02T,EP1524405|US20100284801|EP1798377|EP2492440|EP2543829|EP2921647,200
EP3168427A1,EP3168427,2017-05-17,F01D|F05D,EP1152124|EP2196631|EP2444515|DE102012106175|WO2014096840,200
EP316986,EP316986,,,,200
EP3168283A1,EP3168283,2017-05-17,B01J|C10G,US3446865|US20030173256|WO2009126278|EP2404667|EP2692429|US20130303816|CN105642335,200
EP3166097A1,EP3166097,2017-05-10,G09G|G06F|G09F,US20130321740|EP2892045|EP2927740,200
EP3168798A1,EP3168798,2017-05-17,G06Q|Y02P,EP1134508|WO2002027620|JP2002176729|JP2002245126|JP2002271981|US20030083788|EP1372238|GB2408592|EP1729223,200
EP3168940A1,EP3168940,2017-05-17,H01R,GB2394127|US6929404|GB2402560|EP2520757|EP2853680,200
EP3168837A1,EP3168837,2017-05-17,G09G,EP2924682|WO2014171323|US20160086557|EP2804171|EP2905770,200
EP3168945A1,EP3168945,2017-05-17,H01R,US6659780|US6929404|GB2402560|EP2520757|EP2853679,200
EP3170625A1,EP3170625,2017-05-24,B25F|G01L,EP2431987|JP2012101326|EP2639016|DE102012219299|WO2015053873,200
EP3171153A1,EP3171153,2017-05-24,G01N|G01Q,EP1178299|EP1828744|US20080028840|US7568381|WO2012122523|EP2816342,200
EP3171003A1,EP3171003,2017-05-24,F02C|B01D|B03C|B64D|F05D|Y02T,US20150198090|EP2927504|EP3067532,200
EP3171452A1,EP3171452,2017-05-24,H01P|H04L,WO2003041213|US20110193649|US20070252661|US20130169379|EP2693560|US8947173|EP2930783,200
EP3171630A1,EP3171630,2017-05-24,H04W,EP2237633|EP2584850|WO2014019161,200
EP3173020A1,EP3173020,2017-05-31,A61B,US20050107714|JP2005000468|EP1502541|EP1985232|WO2008057884|US20120157802,200
EP3173009A1,EP3173009,2017-05-31,D06F|A47L|Y02B,CN1782213|JP2008055077|JP2008136484|JP2010069194|EP2189568|WO2011072999|EP2206824|EP2466001|EP2497856|EP2746454|EP2749682,200
EP3173642A1,EP3173642,2017-05-31,F16C|F03D|H02K|F05B|Y02E,WO2002057624|EP2096303|EP2172665|EP2233760|EP2360383|WO2012135254|EP2620643|EP2657556|DE102012212792,200
EP3173106A1,EP3173106,2017-05-31,C08J|A61L,US20110086234|WO2011076924|EP2623335|EP3064538,200
EP3174014A1,EP3174014,2017-05-31,H04W|G06Q|G07B,EP1335310|EP1439495|US20150084741|EP2924661,200
EP3174363A1,EP3174363,2017-05-31,H04W,US20040003285|US20040185845|EP1641183|US8131209|US20090327391|EP2442486,200
EP3174314A1,EP3174314,2017-05-31,H04R|H01Q,EP2458674|EP2680366|EP2827613|EP2985834,200
EP3174285A1,EP3174285,2017-05-31,H04N|G06V|G10L,EP2207342|EP2547089|WO2013118450|CN102594990|EP2816404|US20150146078|CN104992169,200
EP3106100,EP3106100,2016-12-21,A61B,US3157308|US5403312|US6988649|US7000818|US7044352|US20070084897|US7380695|US6964363|US7213736|EP1621137|US7670334|US7464849|US20070175955|US7845537|US7422139|US8308040|US7753245|US8561870|US7980443|US8210411|US20100089970|US8608045|US8220688|US8733613|US8393514|US20120298719|US20130334278|US20140246471|US20140246472|US20140246474|US20140246478|US20140246475|US20140246473|US20140246477|US20140246476|US20140249557|US20140246479|US20140263551|US20140263552|US20140263565|US20140263553|US20140263538|US20140263537|US20140263564|US20140277017|US20140263541|US20140263542|US20140263543|US20140263539|US20140263554|US20140305992|US20140305994|US20140305989|US20140309665|US20140305990|US20140305987|US20140305991|US20140309666|US20140305988|EP2893882,200
EP3173031A1,EP3173031,2017-05-31,A61B,WO2009039506|US20110121049|EP2329773|AU2015200264|EP2668913|EP2684528|EP2881046,200
EP3176006A1,EP3176006,2017-06-07,B60C|Y02T,EP2210749|EP2767415|JP2015000610|EP3081397,200
EP3175917A1,EP3175917,2017-06-07,B01J|B01D,EP1068892|JP2003175318|JP2007534477|JP2006125206|WO2007114082|EP2105192|JP2010029814|JP2010270695|WO2012069405|WO2012069404|EP2643077|EP2643078,200
EP3176213A1,EP3176213,2017-06-07,C08L|C08F|F16L,EP0744415|EP1584852|EP1985660|US20100035008|WO2010063445|US20130060736|WO2013010176|US20140243475|EP2894195,200
EP3175832A1,EP3175832,2017-06-07,A61F,US3911173|US3848594|US3860003|US3929135|US4342314|US4340706|US4324246|US4463045|US4808178|EP0083022|DE3314019|US4515595|US4710189|EP0149880|US4909803|US4731066|US4704116|US4573986|US4629643|US4609518|US4681793|US4695278|US4662875|US4699622|US4795454|US4846815|US4842666|US4785996|US4963140|US4894060|US5006394|WO1990015830|US4946527|US5137537|DE4020780|US5221274|US5242436|US5591152|US5151092|US5507736|US5499978|EP0530438|EP0543303|EP0547847|EP0559476|WO1993021237|EP0632068|WO1995010996|WO1995011652|US6004306|WO1995016746|US5554145|WO1995024173|US5599335|US5700254|US5549791|WO1995034329|EP0691133|US5849816|US5968025|US5643588|US5580411|US5569234|US5607760|US5609587|US5571096|DE19646484|DE19543368|US5865823|US6432098|US5938648|WO1999034841|WO1999034842|DE19807502|EP0937736|DE19807992|US6716441|DE19854574|DE19854573|WO2000059430|US20030105190|US6632504|EP1199327|WO2002032962|US6946585|WO2002067809|US7112621|US6863933|US6645569|WO2002064877|WO2003031482|US20050008839|US20030148684|DE10204937|WO2003104300|WO2003104299|WO2003104301|EP1447066|US7744576|DE10331450|DE10331456|DE10334584|US7786341|DE10355401|US7537832|WO2006083584|EP1862156|WO2007047598|WO2007046052|US20070118087|US20100068520|US20090192035|US20090258994|US20080312622|WO2008155699|WO2009155265|WO2009155264|WO2010027719|WO2010051166|US20110250413|US20110268932|WO2011163582|US20110319848|WO2012052172|EP2679209|WO2015031225,200
EP3176416A1,EP3176416,2017-06-07,F28D|F02C|F01D|F02K|F04D|F05D|Y02T,EP2003311|US8858161|US20140165570|EP3075957,200
EP3175800A1,EP3175800,2017-06-07,A61B|F16H,US20120253329|EP2446834|US20140277334|EP2815705|EP2937047,200
EP3178392A1,EP3178392,2017-06-14,A61B,EP1639939|US20120313852|CN102512159|WO2014062738|WO2015017563|EP2859839|WO2015126459|CN103961093,200
EP3176672A1,EP3176672,2017-06-07,H05K|G06F|F28D|F28F,US20130328466|EP2887788|EP2930587|US20150305198,200
EP3176821A1,EP3176821,2017-06-07,H10W|H10D|H02M,JP2002270736|EP1357594|US20120181677|EP2728615|US20130221520|EP2824696,200
EP3178912A1,EP3178912,2017-06-14,C11D,EP2399978|EP2810877,200
EP3178668A1,EP3178668,2017-06-14,B60C,GB2178380|JPH05139119A|EP1712377|EP2716477|JP2015147545,200
EP3178552A1,EP3178552,2017-06-14,B01J|B01D,EP1068892|JP2003175318|JP2007534477|JP2006125206|WO2007114082|EP2105192|JP2010029814|JP2010270695|WO2012069405|WO2012069404|EP2643077|EP2643078,200
EP3175744A1,EP3175744,2017-06-07,A47J|G07F|A23F|Y10T,US4949526|US4989753|US5000345|EP1637055|US20030079612|US20060081653|WO2007011241|US20070235533|GB2442223|US20080201241|EP2085000,200
EP3178918A1,EP3178918,2017-06-14,C11D,EP1666579|EP2399979|EP2399978|EP2865742,200
EP3170478A1,EP3170478,2017-05-24,A61F|A61B|A61L|A61M,US4159544|EP0945109|EP1197192|WO2003049649,200
EP3179052A1,EP3179052,2017-06-14,F01D|F16J|F05D,US5154577|EP2236766|EP2716875|US20140348642|US20150118042,200
EP3179259A1,EP3179259,2017-06-14,G01R,EP0614281|US6094627|JP2004154399|US20090046003|EP2224611|US20120243597|EP2881947|US20140257730,200
EP3179238A1,EP3179238,2017-06-14,G01M|F01D|G01N|G02B|G06T|F05D,US20030229420|US20070226258|EP2833189|EP2833190|EP2833187,200
EP3179241A1,EP3179241,2017-06-14,G01J|G01N|G06T,US20020018510|EP1334819|EP1391721|WO2006093703|US20110235672|US9004753,200
EP3179075A1,EP3179075,2017-06-14,F02C|B64D|F05D|Y02T,EP1329617|EP1557357|US8261527|WO2015050579,200
EP3179487A1,EP3179487,2017-06-14,H01F|B22F|C22C,EP0430278|EP1214720|JP2003510467|EP1420418|US7090730|JP3997413|EP2273513|JP5572673|US20140132377|JP2014132628|US20140191831|JP2014146788|US20140290803|JP2014209546|WO2014157451|WO2014157448|JP2015225300,200
EP3179272A1,EP3179272,2017-06-14,G01S|G01C|G02B,EP1939650|JP2009109310|US20110235018|EP2631667,200
EP3181606A1,EP3181606,2017-06-21,C08G|C08J|C09K|F25D,WO1997016477|EP2386585|EP2677030,200
EP3179350A1,EP3179350,2017-06-14,G06F|H10K,EP2048672|EP2738653|US20150016070|US20150052747|EP2854000|US20150103263|US20150138452|DE102015210047|US20160342247,200
EP3181889A1,EP3181889,2017-06-21,F02M|F02B,DE10045753|DE102006024665|EP1867866|DE102006028639|EP2503138|EP2511516|US20140252122,200
EP3181814A1,EP3181814,2017-06-21,F01D|F04D|F05D|Y02T,US4111606|GB2262315|EP1555391|EP2474638|EP2540975|WO2015047511|WO2015047485,200
EP3181727A1,EP3181727,2017-06-21,C23C|B22F|C22C|C22F|F01D|F05D|Y10T,US20080213099|EP2138612|EP2390570|US20120124832|US20130153089|EP2781560,200
EP3182419A1,EP3182419,2017-06-21,H01B|C08J|C08L|B29C|B29K|B29L,EP1258013|EP1942134|EP2011818|WO2014018768,200
EP3182003A1,EP3182003,2017-06-21,F27B|F23C|F23D|C01B,US20070128091|US7686611|EP2325562|US20110220847|EP2369229|US20120259147|EP2708812|US20150217250,200
EP3184070A1,EP3184070,2017-06-28,G06F|A61B,US5546951|US5738096|WO1996005768|US6690963|US6226542|US6301496|US6892091|US6814733|US6997924|EP1421913|US7156816|US7517318|US7536218|EP1750215|US7756576|US20070049817|US20090177089|EP2824639,200
EP3182669A1,EP3182669,2017-06-21,H04L|G06F|G05B,JP2000267957|US20100287608|EP1645926|JP2010081610|JP2013161432|EP2775685|WO2015092817,200
EP3184477A1,EP3184477,2017-06-28,B66B,EP2072450|EP2623452|WO2013061355,200
EP3184756A1,EP3184756,2017-06-28,F02C|F04D|F01D|F05D,US6231306|EP1256726|EP2149824|US20140093350,200
EP3184484A1,EP3184484,2017-06-28,B67C,EP1216952|EP1661848|EP2465663|EP2792634,200
EP3181817A1,EP3181817,2017-06-21,F01D|F23R|F05D,EP1870561|EP2159376|EP2472062|WO2015123017|EP2927428,200
EP3184780A1,EP3184780,2017-06-28,F02C|F01D|F16H|F05D,US4446377|EP1873358|EP2253805|EP2584174|WO2015065720,200
EP3184795A1,EP3184795,2017-06-28,F02M|B23K|F04B|Y02T,JPH11159416A|US6254364|EP1342911|EP1500811|EP1898084|EP2055934|JP2010106740,200
EP3185103A1,EP3185103,2017-06-28,G06F,EP2670146|US20140292754|EP2947546,200
EP3185416A1,EP3185416,2017-06-28,H03F|G01C|H03K,US20060087370|EP1840508|EP1959562|EP2259019|EP2648334,200
EP3185120A1,EP3185120,2017-06-28,G06F|G09G|H04M,EP2076000|EP2178283|WO2010110614|US20110115817|US20140164963,200
EP3185339A1,EP3185339,2017-06-28,H01M|Y02E|Y02P,US20020192558|US20080292966|EP2048734|US20090208826|US20100310924|US20140120395|EP2546905,200
EP3185627A1,EP3185627,2017-06-28,G01S|H04W,EP1039689|US20040082341|EP1562257|US9007416,200
EP3187129A1,EP3187129,2017-07-05,A61B,US3494533|US4216891|WO1986002254|EP0246870|US20050143759|US20050139636|EP1550410|US20050145672|US6988650|US7134587|US7147140|US7147139|US7204404|US7207472|EP2248474|CN103083053,200
EP3187263A1,EP3187263,2017-07-05,B01J|B01D,EP1068892|JP2003175318|JP2007534477|JP2006125206|WO2007114082|EP2105192|JP2010029814|JP2010270695|WO2012069405|WO2012069404|EP2643077|EP2643078,200
EP3185469A1,EP3185469,2017-06-28,H04L|H04W,US20070250933|EP2184887|EP2249512|EP2326047,200
EP3187691A1,EP3187691,2017-07-05,F01D|F04D|F02C|F02K|F05D|Y02T,EP1918527|EP2647847|US20130202425|WO2013086305|WO2015017001,200
EP3187647A1,EP3187647,2017-07-05,D06F,DE19651821|EP1176619|DE20210707|EP1645679|EP2458060|EP2876196,200
EP3188209A1,EP3188209,2017-07-05,H01H,EP1208626|US6864450|EP2015339|EP2015340,200
EP3184817A1,EP3184817,2017-06-28,F04B,US20030219344|EP1707811|JP2010185285|EP2410220|EP2426358|JP2013130126,200
EP3187724A1,EP3187724,2017-07-05,F02C|F28F|F01D|F02K|F28D|F05D|Y02T,US2474258|EP0926323|WO2002038938|EP2339144|EP2383437|US20140352315,200
EP3188264A1,EP3188264,2017-07-05,F21V|F21S|F21K|H10H|H10W|F21Y,EP1357331|US20100164409|EP2292970|US20150092413|CN104157772,200
EP3192351A1,EP3192351,2017-07-19,A01G,EP0981950|EP1618781,200
EP3190410A1,EP3190410,2017-07-12,G01N|A23G,AU1359395|US20050241491|WO2008119530|EP2085774|WO2009138246|US20110174077|EP2319328|DE202011100655,200
EP3189762A1,EP3189762,2017-07-12,A47L,US4279384|US4289543|GB2265820|EP1862103|EP2954828,200
EP3192824A1,EP3192824,2017-07-19,C04B|C08G|C08K|C08L,EP2463083|EP2894136,200
EP3193430A1,EP3193430,2017-07-19,H02K,DE2936019|JP3598647|US20020067086|EP1384893|US20070210668|JP2006296010|EP1988621|EP2084806|JP2008022592|EP2244354|JP2012082792|EP2887500,200
EP3192460A1,EP3192460,2017-07-19,A61B,US4576167|US4646745|US4473077|US5005749|US5040715|US5318221|US5119987|US5312023|US5307976|US5326013|US5332142|US6053390|US5588579|WO2002019920|EP1352717|EP1728473|WO2009005969|EP2116192,200
EP3193468A1,EP3193468,2017-07-19,H04B|H04L|H04W,EP2688351|EP2866509,200
EP3195732A1,EP3195732,2017-07-26,A23G|A47F|F28F,GB660331|EP1020149|EP2478774|US20150245637|WO2014091393,200
EP3196561A1,EP3196561,2017-07-26,F24F|H10W,JPS6269066A|EP2314940|JP5472364|EP2966368,200
EP3196550A1,EP3196550,2017-07-26,F21V|F21S|F21Y,US6158882|EP1691131|WO2009026284|DE102007053545|EP2541288|US20130083524|US20130335944|WO2015169697|EP3106742,200
EP3188263A1,EP3188263,2017-07-05,H10H|H10W|G02B,EP1403937|US20100134716|US20080186733|US20090230410|WO2010035206|WO2010044023|WO2013121800|US20150129919|EP3054492,200
EP3196748A1,EP3196748,2017-07-26,G06F|H04M|G09G,US6845408|US20090100384|EP2071441|EP2175343|US20130036430|US20130283283,200
EP3197055A1,EP3197055,2017-07-26,H03K|G06F,US20090201055|US20110200162|EP2549354|EP2937999,200
EP3196720A1,EP3196720,2017-07-26,B64F|G05B|G06F|B64C|G01B|Y02P,EP0957336|US20050172470|EP2368799|EP2939786,200
EP3196818A1,EP3196818,2017-07-26,G07F|G06K|G06Q,DE10259454|EP1622104|WO2012088512|EP2549449|WO2013100905|US20150149263|US20150178721|CN204833431,200
EP3199028A1,EP3199028,2017-08-02,A21C,US4794996|WO1999006796|JP2001231432|EP2020183|US20040076725|EP2143333|EP2314166,200
EP3199375A1,EP3199375,2017-08-02,B60C,US4736782|US5088536|EP0506279|US20020026972|US20090218021|USD626499S1|US20120060990|US20120132335|EP2689940|EP2724873|US20140190606|JP2014184948|WO2015093390|EP2905149|EP3015287,200
EP3199781A1,EP3199781,2017-08-02,F02C|F05D,EP0718470|US20060245914|US20060090471|EP2071157|EP2469041|EP2835516,200
EP3195815A1,EP3195815,2017-07-26,A61B,US6953139|EP2316345|WO2003090630|US20110139851|EP2055243|EP2324776|JP2011189128|EP2462878,200
EP3199577A1,EP3199577,2017-08-02,B29C|B29D|B32B|C08G|E21D|F16L|B29K|B29L,EP0577125|JP3614933|JPH0914574A|JP2001056090|WO2011009721|WO2011084418|EP2460587|WO2012168149|EP2960267|JP2014221876|WO2015134095,200
EP3199437A1,EP3199437,2017-08-02,B62J|B62K,EP2163464|JP2011079337|EP2974949,200
EP3200438A1,EP3200438,2017-08-02,H04M,US5754627|US7096259|US7308089|US7412522|US7472268|US7522710|US7536001|EP2071819|EP2107775|WO2010127306|EP2393269|EP2717554,200
EP3202622A1,EP3202622,2017-08-09,B60R,EP1683679|EP2746108|EP2905178,200
EP3202640A1,EP3202640,2017-08-09,F16H|B62D,JP2004353835|JP2008039050|EP2218942|EP2784351|US20150284020,200
EP3202542A1,EP3202542,2017-08-09,B26B,US20030070304|EP1354675|JP2012100729|EP2481535|JP2014113204,200
EP3200249A1,EP3200249,2017-08-02,H10H|H10W,JP2002280616|US20060101757|EP2136414|EP2082858|US20090189176|EP2244310|EP2315263|JP2010141058,200
EP3202878A1,EP3202878,2017-08-09,C11D|B65B|B65D,US20050119150|US20050205574|EP2476744|EP2865742|EP2865741|WO2015179584,200
EP3203010A1,EP3203010,2017-08-09,E21B|B65D|H05K,US20040262008|WO2006019307|EP2048928|EP2131639|EP2565899|US20140312752|WO2015188882,200
EP3203039A1,EP3203039,2017-08-09,F02C|F01D|H05K|F05D|Y02T,US5979220|EP1524190|FR2995497|EP2942508,200
EP3203161A1,EP3203161,2017-08-09,F24F,JP2001004165|EP1326055|JP2007247984|EP2527758|EP2840326|EP2980503,200
EP3205421A1,EP3205421,2017-08-16,B29C|B22F|B33Y|B29L|Y02P,US4863538|US5460758|US20080014457|US9188341|US20130112366|EP2447046|EP2583774|WO2014208743|EP3015251|WO2015042089|WO2016016138,200
EP3205831A1,EP3205831,2017-08-16,F01D|F05D,US4218189|US20060275108|EP1731718|EP1731717|US20130051992|US20100074733|EP2505781,200
EP3205820A1,EP3205820,2017-08-16,F01D|F05D|Y02T,EP1239116|EP1688586|US20130224027|WO2014099102,200
EP3205855A1,EP3205855,2017-08-16,F02B|F02M|Y02T,DE8607920|US4969536|DE4215416|EP1205650|DE10217760|EP2273096|KR20120067427|EP2803847,200
EP3205836A1,EP3205836,2017-08-16,F02C|F01D|F05D|Y02T,EP2305986|US20140373518|US20140373553|EP3051074,200
EP3208189A1,EP3208189,2017-08-23,B64C|B64D|Y02T,US6824099|EP1785346|US20100116929|US20130009017|EP2695810,200
EP3206243A1,EP3206243,2017-08-16,H01M|C01G|C01P|Y02E,JPH09115543A|JPH10154508A|EP0932211|EP0940865|EP1699099|EP2669973,200
EP3206233A1,EP3206233,2017-08-16,H10F|Y02E,US20130196464|EP2645421|US20130255765|EP2903030|EP2922098,200
EP3208195A1,EP3208195,2017-08-23,B64D|F01D|F02C|F05D|Y02T,US2539430|GB595254|GB1017562|US3786696|US3965673|US5143329|US20060032234|US20130199201|EP2735507|EP3096023,200
EP3208678A1,EP3208678,2017-08-23,G01D|G07C|B64D|G05B|G06F,EP1213562|US20050222747|EP1790838|EP2388672|US20140090456|US20150322789,200
EP3208422A1,EP3208422,2017-08-23,F01D|F05D|Y02T,EP2107215|JP2012154232|US20140193273|EP2787174|EP3000970|WO2017074404,200
EP3210950A1,EP3210950,2017-08-30,C04B,FR2550525|EP1221883|US20120037838|EP2473264|EP2673581|EP2586581|ITPD20120065A1|WO2013131807|EP2907796,200
EP3208690A1,EP3208690,2017-08-23,G06F|G08B|H04M,EP2763000|EP2778845|EP2778851,200
EP3209011A1,EP3209011,2017-08-23,H04N|G03G,EP2299686|JP2011199409|US20120051768|EP2733917,200
EP3205666A1,EP3205666,2017-08-16,C08J|B32B|C07K|C08H|C08L|C14C|D01C|D01F|D04H|D06M|D06N|D06P,US2934446|US3073714|US3122599|US3136682|GB1024769|US4215051|US4407956|EP0067553|US4684611|EP0089029|US4536475|US4736866|US4945050|US5959091|US5229112|US5763241|US5495071|US5349124|US5185253|US4970168|US5487992|US5378619|EP0426641|US5614396|WO1991019806|US5633435|US5804425|US5627061|US5304730|EP0531273|US5763245|US5859347|US5593874|US5424412|US5589612|US5503999|EP0578627|US5602321|US5510253|US5659122|US5362865|US5869720|US5689052|EP0709462|US5631152|US5716837|US5792933|WO1997017459|US5932439|WO1997030582|US5866121|US5959179|US5824838|WO1997048814|US5981841|WO1998008962|WO1998045457|WO1998031812|WO1998058069|WO1999007206|WO1999016890|WO1999031248|US8188230|WO1999040210|US6428978|US20040018592|EP1232182|EP2003239|US9518106|EP2319337|WO2010021738|US9428817|US20160097109|US20130255003|US9539363,200
EP3210891A1,EP3210891,2017-08-30,H04W|B64D|G01C|G06F|G06Q|G09G|H04L,WO2006086259|US20080154446|US20120265372|WO2013147991|EP2706386|EP2869247,200
EP3211705A1,EP3211705,2017-08-30,H01M|Y02E,JP2008034205|JP2010238430|JP2011096388|EP3076467|EP2899787,200
EP3211213A1,EP3211213,2017-08-30,A01D|F02N|F02D,US3696593|EP1646103|EP1715178|US20070000466|GB2442345|EP2160937|US20110126790|US20130111864,200
EP3211220A1,EP3211220,2017-08-30,F03D|F05B|Y02E|Y02P,WO2007140771|US20120151769|EP2484895|EP2484898|EP2484897|EP2484896|EP2548800|US20140140856|EP2597300|EP2799709|EP2801720|WO2015030573|WO2015053768|EP2975259,200
EP3214496A1,EP3214496,2017-09-06,G03F|H10P,JPS59139033A|US5514499|JP2009122566|JP2014191176|EP2871520|EP3086180,200
EP3213773A1,EP3213773,2017-09-06,A61L|A61B|G16H,EP0981641|WO2001010475|US6447719|US6852277|US6939519|US20020160440|US6852279|EP1617878|JP2008200126|EP2792294|WO2015049002,200
EP3214273A1,EP3214273,2017-09-06,F02C|F01D|F05D,EP1247944|US20030110778|US20050235651|WO2014022150|US20140174858|US20150052872|US20150139784|US20150224743|EP3040583|US20170107854,200
EP3214526A1,EP3214526,2017-09-06,G06F|B60K|F16F|H02N|B60Y,US20080111788|US8059105|US20100182263|US20100245254|US8629954|EP2876527|US9213409|EP2980982,200
EP3214578A1,EP3214578,2017-09-06,G06V|G06F|G07D,EP2431951|EP2963584|US20150156484,200
EP3216345A1,EP3216345,2017-09-13,A01K,GB2352382|EP2141367|EP2181591,200
EP3214857A1,EP3214857,2017-09-06,H04R|A61N|H04S,EP1835785|EP2088802|EP2262285|US20110091056|EP2611218,200
EP3217741A1,EP3217741,2017-09-13,H04W|H04L,EP2600680|EP2793492|WO2016016491,200
EP3217676A1,EP3217676,2017-09-13,H04N|H04R,US20030074671|US20080117313|EP2259577|EP2457494|US20140028550|WO2014005301|US20140237495|US20140379485|US20150172541,200
EP3219379A1,EP3219379,2017-09-20,B01D|B01J|Y02C,EP2409753|EP2514507|WO2014000113|EP2933008|CN105013292,200
EP3217640A1,EP3217640,2017-09-13,G06F|H04N,US20100316426|EP2431861|WO2015039991|EP2857955,200
EP3219535A1,EP3219535,2017-09-20,B60L|B60W|Y02T,JP2006042416|EP2409871|US20140067225|JP2014079087|EP3118078,200
EP3219694A1,EP3219694,2017-09-20,C04B|B22F|B23B|B23H|C22C,EP2108632|EP2546010|EP2591869|US20120055099,200
EP3220072A1,EP3220072,2017-09-20,F24F|H05K,DE1428214|US20090324403|EP2587175|EP2587180|CN104456724,200
EP3192457A1,EP3192457,2017-07-19,A61B,US7794475|EP2311386|EP2759267|EP2764826|EP2764827|US20140166726,200
EP3222849A1,EP3222849,2017-09-27,F03D|F05B|Y02E,US20100164228|EP2320071|EP2466128,200
EP3220329A1,EP3220329,2017-09-20,B64F|G06Q|B65G,US6044353|EP2833302|EP2886466,200
EP3223103A1,EP3223103,2017-09-27,G01S|G08G|G01C|G06V,JP2000085694|JP2004218935|EP2573584|US20130200207|EP2708853|EP2818957|EP2933656|EP2996009|WO2016094849,200
EP3223114A1,EP3223114,2017-09-27,G06F|H04W|G08B|H04M|Y02D,EP2846330|US20150241972|EP2937863,200
EP3222709A1,EP3222709,2017-09-27,C12M|A61L|B01L,EP1460126|EP1471138|US20070185472|US20120077220|EP2604679|JP2015139421,200
EP3223276A1,EP3223276,2017-09-27,G10L,EP1806738|EP1672618|EP1677289|US20080221905,200
EP3225173A1,EP3225173,2017-10-04,A61M|A61B|B05B,US6733472|JP2002282368|EP1955660|EP2058022|EP2311377|US8641662|EP2638868|EP2797649|US20140014213|EP2944277|WO2014207920|WO2015001638|WO2015004709,200
EP3223580A1,EP3223580,2017-09-27,H04W|H04L,EP2704481|US20130242897|US20140293970|EP2993796,200
EP3225306A1,EP3225306,2017-10-04,B01J|B01D|C04B,JPS60131857A|JP5560158|EP2368631|JP5580090|JP5837408|EP2905075|EP2845646|JP2015193489|JP5732170,200
EP3226007A1,EP3226007,2017-10-04,G01P|B81B,DE102010031214|US8671756|EP2713169|EP2746780,200
EP3189790A1,EP3189790,2017-07-12,A61B,US8968276|EP2044890|US20130274722|US20130282052|US20140110453|EP2772206|US20140305990|EP2792308|EP2923661|EP2957234,200
EP3226074A1,EP3226074,2017-10-04,H04N|B41J|G03G,EP1238805|JP2004209992|US20070070166|EP2481597,200
EP3226199A1,EP3226199,2017-10-04,H04L|G06Q|G06F,GB2359385|US20030105988|EP2857994|EP2887303,200
EP3226312A1,EP3226312,2017-10-04,H10W|H10H,JP2004228531|US20090242927|EP2369652|EP2782150|JP2013206895|US20140070235|EP2728633|JP2016070432,200
EP3226550A1,EP3226550,2017-10-04,H04N|H04L,EP1853062|EP2139230|EP2447833|CA2847430|US20150373295,200
EP3226567A1,EP3226567,2017-10-04,G08C|G06F|G06K|H04L|H04N|H04Q,US20110138416|EP2372495|US20110291971|US20130024799|EP2717590|EP2744216|EP2940635|EP2980675,200
EP3226653A1,EP3226653,2017-10-04,H05B|F24C|Y02B,DE4405610|EP2395813|DE112013004163|EP2950614,200
EP3228422A1,EP3228422,2017-10-11,B25B,EP2439021|EP2813325|JP2014240108|EP2883657,200
EP3228378A1,EP3228378,2017-10-11,F01N|B01J|B01D|Y02T,JP2003326170|EP1498181|EP2343121|JP2010234309|JP2012240027|EP2979755,200
EP3228469A1,EP3228469,2017-10-11,B41J,EP1008454|EP1304225|US20040085429|EP1449668|JP4258626|JP2005119283|US20070064078|JP2010023374|US20160288505,200
EP3228490A1,EP3228490,2017-10-11,H02M|B60L|H05K|Y02T,JP2004328838|JP2005287214|JP4479305|EP2149973|CA2848252|EP2838188,200
EP3228529A1,EP3228529,2017-10-11,B62J|H04N|A42B|B62M,US20040143373|US20040189722|JP2007288440|US20110234799|EP2763410|US20160014377|EP2868556,200
EP3229362A1,EP3229362,2017-10-11,H04L|H02M|H02P,EP2541428|US20120331195|EP2595304,200
EP3228831A1,EP3228831,2017-10-11,F02C|F01D|F02K|F04D|F05D,EP1873358|EP1918564,200
EP3226101A1,EP3226101,2017-10-04,G06F|G06V|H04M|H04N|H10F|H10K|H10D,EP2284646|EP2448243|US20130094126|US20150187845|US20150271392|CN205029005|US20160093939|CN105094234,200
EP3232013A1,EP3232013,2017-10-18,F01D|B64D|F05D,GB2218224|EP2604806|EP2843198|EP2942490,200
EP3228782A1,EP3228782,2017-10-11,E04H,EP1489249|EP1785552|US20140014140|US20140015959|US20140230168|US20150314453|EP2860329|WO2016026059,200
EP3232458A1,EP3232458,2017-10-18,H01H|B60Q,EP1304261|EP2492142|JP2012195103|US20140339057,200
EP3232721A1,EP3232721,2017-10-18,H04W|B61L,EP2688351|EP2916604|WO2015179309,200
EP3232643A1,EP3232643,2017-10-18,H04W|G06F|H04L,EP1146692|WO2001089155|US20020031228|EP1233570,200
EP3235450A1,EP3235450,2017-10-25,A61B,US4805823|US5415334|US5465895|US5597107|US5632432|US5673840|US5704534|US5814055|EP1064883|US6273897|US6783524|US6978921|US7000818|US7143923|US7380695|US7380696|US7303108|US7434715|US7367485|US7404508|US7721930|US20080169328|US8408439|US8371491|US8210411|US8141762|US8453914|US8801735|US9044227|US20130214030|US20120241493|US20130256367|US20130037596|US20130062393|US20130062394|US20130062391|US20130068816|US20130068820|US20130075445|US20130075446|US20130075447|US20130082086|EP2586380|US20130206813|EP2742872|EP2764827|US20140239040|US20140239043|US20140239044|US20140239041|US20140239038|US20140243801|US20140239042|US20140239037|US20140239036|US20140246473|US20140263563|US20150272575|US20150351763|US20150351754|US20150374360|US20150374373|US20160089146,200
EP3235962A1,EP3235962,2017-10-25,E03C|E03F,DE225175|EP1811093|DE102006053751|EP2206841|DE202009012826,200
EP3235472A1,EP3235472,2017-10-25,A61F,EP2057968|EP2072025|JP2009028223|EP2074962|JP2009160153|JP2009183367|KR100893138|WO2010064275|EP2368526,200
EP3236275A1,EP3236275,2017-10-25,G01R,US6693778|DE102009025858|WO2011109489|EP2743669|EP2905630|EP2995967,200
EP3236448A1,EP3236448,2017-10-25,B64D|G01C|G08G,EP1029569|US20050261812|EP2189755|US20140365041|US9224302,200
EP3236058A1,EP3236058,2017-10-25,F02K|B64D|B64C|F02C|F05D|Y02T|Y10S,US8596036|US8324746|US20150000252|EP2998557|EP3048042|EP3144216|EP3153401,200
EP3236706A1,EP3236706,2017-10-25,H04M|H04L|H04W,EP1932760|US20150180567|EP2876815,200
EP3239472A1,EP3239472,2017-11-01,F01D|F05D,GB2356022|EP1519010|FR2961849|EP2987959,200
EP3238811A1,EP3238811,2017-11-01,B01D|F23J|C02F,US6076369|WO2006030398|US7625537|US7524470|EP1955755|US20090294377|US8475750|US20110262331|US8388917|US20120240761|US20130248121|JP2012200721|WO2013079116|US20130220792|EP2949376|EP2949377|CN204529575,200
EP3239829A1,EP3239829,2017-11-01,G06F|G06Q,WO2012146900|EP2778870|EP2993567,200
EP3240302A1,EP3240302,2017-11-01,H04R|H03G,EP2348750|US20130022208|EP2645740|US20150010168,200
EP3240063A1,EP3240063,2017-11-01,H01M|Y02E,WO2007047809|EP2141974|US20110183179|EP2362721|EP2400580|US20130017428|EP2991134,200
EP3241516A1,EP3241516,2017-11-08,A61B|A61M,EP1371339|US6064905|US6226542|US6301496|US6892091|US6814733|US6997924|US7156816|US7536218|US7756576|US8956353|US20140378805|EP2818128,200
EP3241977A1,EP3241977,2017-11-08,E21B|G01N,DE19643933|EP2416149|WO2011138510|EP2713003|US20150308201,200
EP3242147A1,EP3242147,2017-11-08,G01S|Y02A,US6377204|EP2184232|US7986408|EP2518529|US20130103317|EP2587278|EP2860548,200
EP3242000A1,EP3242000,2017-11-08,F02K|F02C|F01D|F05D,US5433674|US7338259|US7871247|US20100105516|EP2327859|EP2532841|US20130192266|EP2751410,200
EP3239823A1,EP3239823,2017-11-01,G06F,EP1241557|JP2002281406|WO2006003588|US20080100572|EP2104019,200
EP3243708A1,EP3243708,2017-11-15,D03D|B60R|D10B|Y10T,GB2357520|WO2001068408|EP2042628|EP2374923,200
EP3243970A1,EP3243970,2017-11-15,E03F,DE4020170|EP1630309|DE202007006050|WO2009091245|EP2472015,200
EP3243979A1,EP3243979,2017-11-15,E05B,FR2677069|IT1288200|ITTV20030115A1|ITVE20070070A1|EP2525024|EP2913461,200
EP3243474A1,EP3243474,2017-11-15,A61B|Y10T,US6230060|WO2002061880|US20050015081|US20050245920|WO2006084676|EP2060239|EP2177173,200
EP3244047A1,EP3244047,2017-11-15,F02D|F02M,EP1195514|EP2011997|EP2039920|EP2508744,200
EP3225189A1,EP3225189,2017-10-04,A61B,US3157308|US5403312|US7000818|US7670334|US7845537|US20070175955|US7422139|US7464849|EP1987780|US7753245|US20100264194|US8308040|US8561870|US7980443|US8210411|US8608045|US8220688|US8733613|US8393514|US20120298719|US9072535|US9101358|US20140005718|US20140246477|US20140249557|US20140246479|US20140246474|US20140246472|US20140246471|US20140246473|US20140246476|US20140246475|US20140246478|US20140263552|US20140263551|US20140263539|US20140263554|US20140263543|US20140263542|US20140263541|US20140263565|US20140263564|US20140263537|US20140277017|US20140263538|EP2777539|US20140263553|US20140309666|US20140305992|US20140309665|US20140305989|US20140305990|US20140305987|US20140305991|US20140305988|US20140305994|US20150272557|US20150272579|US20150277471|US20150272569|US20150280424|US20150272583|US20150272571|US20150272578|US20150272570|US20150272582|US20150272572|US20150272581|US20150280384|US20150272574|US20150272575|US20160066914|US20160066911|US20160066913|US20160066909|US20160066915|US20160066910|US20160066916|US20160066912,200
EP3244681A1,EP3244681,2017-11-15,H04L|H04W,US20050043050|EP1608194|WO2006110072|EP2056644,200
EP3244265A1,EP3244265,2017-11-15,G03G,JP2006113146|EP1890199|US20090142105|EP2551728,200
EP3246169A1,EP3246169,2017-11-22,B41J,EP1338423|EP1719628|WO2005090086|US20100245522|EP2537680|US20160059588,200
EP3246245A1,EP3246245,2017-11-22,B64C|Y02T,US5427329|WO2011051699|EP2730500|EP2899119,200
EP3246170A1,EP3246170,2017-11-22,B41J,JPH02160558A|JP2585769|EP1338425|JP2003246104|US20090028623|JP2009028910|EP2159066|WO2016013569|EP3173245,200
EP3245974A1,EP3245974,2017-11-22,A61B,US7233820|EP1374793|US20070135803|WO2008042423|EP2123216|EP2238901|EP2377457|US20120289776|US20140046315|US20140051987|WO2015023665|US20160000517|US20160000303|US20160051221|WO2016033066,200
EP3246358A1,EP3246358,2017-11-22,C08F|C08J|C08L,WO1992012182|US5272236|EP0887379|WO1999024478|WO1999024479|WO2000068315|EP1211289|WO2004000899|WO2004111095|WO2012007430|EP2415790|EP2471858|WO2013092620|EP2610270|EP2610272|EP2610271|WO2014187686,200
EP3246682A1,EP3246682,2017-11-22,B64D|G01K|G02B|G07C|G08C|H04B|H04J,US20050089081|EP2434410|WO2013055466|US20140266742|EP2897310|WO2015199590,200
EP3246683A1,EP3246683,2017-11-22,G01K|G01L,US20050089081|WO2013055466|EP2669637|US20140340235|US20150177411|EP2897310,200
EP3246298A1,EP3246298,2017-11-22,C03C,US4595548|US4680373|US4880895|US6232428|US6277950|EP1184403|EP1193185|US6444783|US7201965|WO2007016516|US20080214777|US7619042|US8053492|US8551898|WO2013130724|WO2014005030|WO2014085249|WO2016085867|EP3150564,200
EP3246378A1,EP3246378,2017-11-22,C09K|C08F|C08J|G02F,US5389698|US5602661|US6717644|EP0888565|GB2329393|GB2315072|WO1998004651|US6437915|EP0829744|US6046849|EP0887692|EP0887666|EP0940707|US7060200|WO2001020394|US20060241259|EP1780209|US20060172090|JP5354238|WO2008119427|JP5054456|WO2009086911|EP2399942|EP2927301,200
EP3247119A1,EP3247119,2017-11-22,H04N|G06F,US8477059|EP2058964|WO2012027599|US20140118619|EP2822286,200
EP3248606A1,EP3248606,2017-11-29,C12N|A23L|A61K|A61P|A61Q|G01N|C07H|C12Y,JPH11106336A|EP1683805|JP2007119373|WO2011004733|WO2014126199|EP2949362,200
EP3249378A1,EP3249378,2017-11-29,G01M|G07C|B60K|G01N|G01P,JPH11160204A|JP3616492|EP2869052|EP2947447,200
EP3249481A1,EP3249481,2017-11-29,G05B,EP2544059|US20130166621|EP2924572|EP2924570|EP3070548,200
EP3252220A1,EP3252220,2017-12-06,D06F|F25B,EP2034084|EP2527525|EP2843112|EP2990524|EP3015591|CN204889642,200
EP3252217A1,EP3252217,2017-12-06,D06F,EP2527526|EP2915916|EP2990524|EP3045581|CN105970579|CN106087362|CN205775468|CN205775475,200
EP3252221A1,EP3252221,2017-12-06,D06F,CH462085|US20080244922|EP2270274|EP2623662|CH705546|EP2886705,200
EP3252222A1,EP3252222,2017-12-06,D06F,EP2281934|EP2270274|CN105297371,200
EP3252394A1,EP3252394,2017-12-06,F24D|F24H|Y02B|Y02E,WO1989009368|EP0797057|EP1408292|EP1965139|DE202009006040|EP3012553,200
EP3254622A1,EP3254622,2017-12-13,A61B,JPH0973144A|EP1099410|JP2001149358|JP2002156717|JP2003290184|EP1406197|EP1416320|JP2005114944|JP2005121783|JP2006058124|US20060054833,200
EP3255402A1,EP3255402,2017-12-13,G01L|G01B,JP3099584|EP1318390|EP1589329|EP1571434,200
EP3251615A1,EP3251615,2017-12-06,A61B,US4834096|US5084057|US5100420|US5607436|US5695502|US7819886|US7905890|EP2098170|EP2361562|US20120116416|US20130172909|US20140005693|US20140263565,200
EP3254883A1,EP3254883,2017-12-13,H02J|B60L|B60R|Y02T,EP1056181|DE10305357|EP1595748|EP1958851|JP2011246114|EP3192705,200
EP3257712A1,EP3257712,2017-12-20,B64F|B60T|B64C|B64D,EP1693262|GB2468378|EP2684752,200
EP3258457A1,EP3258457,2017-12-20,G01C|G08G|B64D,US6085129|FR2834057|EP2009612|EP2568256|EP2779140|EP2837914|EP2924530,200
EP3261122A1,EP3261122,2017-12-27,H10F,US20120187281|EP2772939|EP2873953|EP3032583,200
EP3263386A1,EP3263386,2018-01-03,B60K|F01N|B60Y,EP1469173|JP2007269242|US20140124283|WO2014084959|US20160082830|EP2985166,200
EP3263743A1,EP3263743,2018-01-03,B23B|C23C,US20070104945|WO2014198881|EP2902528|EP3034652,200
EP3264007A1,EP3264007,2018-01-03,F24D|F24H|G05D|F16K,FR2389846|DE4002502|EP2077423|EP2990702|CN204477390|CN204730465,200
EP3264330A1,EP3264330,2018-01-03,G06Q|G06F|G06V|H04L,EP2257909|US20150067346|EP2869240|US20160034914,200
EP3264525A1,EP3264525,2018-01-03,H01Q|H04W,EP2083472|EP2515379|WO2013064872|US20140159981|US20150380818,200
EP3266712A1,EP3266712,2018-01-10,F02C|B64D|F01D|F05D,GB1295092|US4831819|US6102364|EP1508734|US7959109|US20140150902|US20150034767|EP3034813|EP3045699,200
EP3267026A1,EP3267026,2018-01-10,F02M,EP2789844|US20150102135|EP2975256|EP3009663|DE102014226367,200
EP3267639A1,EP3267639,2018-01-10,H04L|Y02D,GB2378613|EP2110992|US20110170408|US20110261696|EP2869517,200
EP3270224A1,EP3270224,2018-01-17,C09J|G03F|C08F,JPS5638693B2|JPS58219023A|JPS6083032A|JP2006146085|JP2011107468|JP2011128605|EP2592123|EP2518561|JP2013134482|JP2016018008|EP3056943,200
EP3272236A1,EP3272236,2018-01-24,A24F|H05B,EP2022349|CA2641869|US20130056013|WO2012043941|US20130068239|WO2013159245|WO2015071703|EP2885986|EP2965641,200
EP3272542A1,EP3272542,2018-01-24,B41J|B29C|B33Y,EP2471606|WO2011162071|EP2447045|CN103144445|EP3090877,200
EP3272911A1,EP3272911,2018-01-24,C25D,EP1300486|US20050173255|EP1978051|EP1978134,200
EP3273273A1,EP3273273,2018-01-24,G01T,US5321269|US5345084|US5659177|EP1956392|JP2008134200|WO2008082389|WO2014092202|EP2770342,200
EP3273757A1,EP3273757,2018-01-24,H05K|F16C,US6220456|US20110024592|EP3013129|EP2870897,200
EP348826,EP348826,,,,200
EP390226,EP390226,,,,200
EP452116,EP452116,,,,200
EP453089,EP453089,,,,200
EP3276621A1,EP3276621,2018-01-31,G10L,EP0992978|EP1100077|US20050256705|EP2738763|JP2014106494,200
EP509454,EP509454,,,,200
EP522632,EP522632,,,,200
EP511744,EP511744,,,,200
EP585473,EP585473,,,,200
EP567208,EP567208,,,,200
EP585572,EP585572,,,,200
EP586820,EP586820,,,,200
EP644107,EP644107,,,,200
EP690423,EP690423,,,,200
EP666338,EP666338,,,,200
EP3277062A1,EP3277062,2018-01-31,H05K,US20130303873|JP2013187308|US20140085837|EP2924695|EP2845726|US20150123137,200
EP728621,EP728621,,,,200
EP727566,EP727566,,,,200
EP692728,EP692728,,,,200
EP747808,EP747808,,,,200
EP822710,EP822710,,,,200
EP804313,EP804313,,,,200
EP895252,EP895252,,,,200
EP897824,EP897824,,,,200
EP897020,EP897020,,,,200
EP902528,EP902528,,,,200
EP909006,EP909006,,,,200
EP903305,EP903305,,,,200
EP903744,EP903744,,,,200
EP911183,EP911183,,,,200
EP909072,EP909072,,,,200
EP911293,EP911293,,,,200
EP913807,EP913807,,,,200
EP915594,EP915594,,,,200
EP915034,EP915034,,,,200
EP916308,EP916308,,,,200
EP916546,EP916546,,,,200
EP918100,EP918100,,,,200
EP921645,EP921645,,,,200
EP921273,EP921273,,,,200
EP926090,EP926090,,,,200
EP927880,EP927880,,,,200
EP928898,EP928898,,,,200
EP926323,EP926323,,,,200
EP935106,EP935106,,,,200
EP932211,EP932211,,,,200
EP935248,EP935248,,,,200
EP938973,EP938973,,,,200
EP940865,EP940865,,,,200
EP941694,EP941694,,,,200
EP943356,EP943356,,,,200
EP943931,EP943931,,,,200
EP944176,EP944176,,,,200
EP947840,EP947840,,,,200
EP949358,EP949358,,,,200
EP945109,EP945109,,,,200
EP949781,EP949781,,,,200
EP950376,EP950376,,,,200
EP955346,EP955346,,,,200
EP952091,EP952091,,,,200
EP957015,EP957015,,,,200
EP957425,EP957425,,,,200
EP957111,EP957111,,,,200
EP957455,EP957455,,,,200
EP959405,EP959405,,,,200
EP959482,EP959482,,,,200
EP962541,EP962541,,,,200
EP961396,EP961396,,,,200
EP962781,EP962781,,,,200
EP965374,EP965374,,,,200
EP964544,EP964544,,,,200
EP965391,EP965391,,,,200
EP965727,EP965727,,,,200
EP967151,EP967151,,,,200
EP968814,EP968814,,,,200
EP969644,EP969644,,,,200
EP971096,EP971096,,,,200
EP972918,EP972918,,,,200
EP972942,EP972942,,,,200
EP974817,EP974817,,,,200
EP976919,EP976919,,,,200
EP974873,EP974873,,,,200
EP980028,EP980028,,,,200
EP98081,EP98081,,,,200
EP980828,EP980828,,,,200
EP981950,EP981950,,,,200
EP981641,EP981641,,,,200
EP987813,EP987813,,,,200
EP990588,EP990588,,,,200
EP995768,EP995768,,,,200
EP992978,EP992978,,,,200
EP997297,EP997297,,,,200
EP999669,EP999669,,,,200
EP3260057A1,EP3260057,2017-12-27,A61B,US3157308|US4527724|US5137198|US5403312|US5405073|US5605272|EP0795298|US5697543|US7000818|US20050246881|US7670334|US7422139|US7845537|US7464849|US20070175955|US20070208359|US8360297|US8308040|US7753245|US8561870|US7980443|EP2147641|US8210411|US8608045|US8220688|US8733613|US8393514|US9072535|US20130282052|US9101358|EP3005956|US20140263545|US20140263551|US20140263552|US20150342603|US20150173745|US20150173750|US20150173760|US20150173746|US20150173747|US20150173755|US20150173744|US20150173749|US20150173751|US20150173789|US20150173762|US20150173756|US20150297199|US20150366560|US20150374449|US20150374366|EP3000412|WO2016057225|EP3031405,200
EP3231375A1,EP3231375,2017-10-18,A61B|G16H,US7845537|US8210411|US8608045|US20110155781|US9072535|US20140001231|EP2724674|EP2772206|US20140263552|US20140263551|US20140263541|US20140263539|US20140263538|EP2777520|EP2792306|EP2923661|EP2923653|EP2942028|EP2954854|EP3064152,200
EP3231371A1,EP3231371,2017-10-18,A61B|G16H,US7845537|US8210411|EP2165664|US8608045|US20110155781|US9072535|US20140001231|US20140246474|US20140263551|US20140263552|US20140263541|US20140263538|US20140263539|EP2777539|EP2839787,200
EP3205274A1,EP3205274,2017-08-16,A61B,US20070239170|US6988649|US7044352|US7380695|US6964363|US7213736|US20070208375|US20080087871|EP2005896|US20090112229|US20100089970|US8608045|US9072535|EP2901948|US20140263552|US20140263541|WO2015012081|EP3025635|US20150272579|EP3106100,200
EP3213701A1,EP3213701,2017-09-06,A61B|Y02A,US3187308|US3157308|US4633874|US5104025|US5205459|US5285945|US5292053|US5292503|US5309927|US5467911|US5415334|US5403312|US5704534|US7000818|US6988650|US7134587|US7670334|US7845537|US20070175955|US7422139|US7464849|US8360297|EP1980214|EP1980213|US8308040|US7753245|US20100264194|US8561870|US7980443|US8210411|US8608045|US8353439|US8220688|US20120074198|US8393514|US20120298719|US20130334278,200
