query_hash,target_date,days_since_train_end,temporal_bin,rows
55fcb9ac4defca9823a1b4d36b5d797f4fcc9d4e14e078f7aa1e7fb8d17ba016,2017-10-04 00:00:00+00:00,378,middle,3
e4030eaf40ada63091d107d9b9dbe8418f18a9a3ff73cb6f8d6d590fcf14b654,2018-01-03 00:00:00+00:00,469,late,3
974f1c0e3cf1be8431b797655a2a1feca02aab052646b061471f28e6e0ce3426,2017-07-05 00:00:00+00:00,287,early,3
0e9f47cf6d273c631f2cde30454fa0272d351e12ec7b0296815c5935d3b06307,2017-08-16 00:00:00+00:00,329,middle,3
6c5136fbb9f931771addbde1c7f2172c6366f70d72b162063de44988d7d5679e,2017-09-20 00:00:00+00:00,364,middle,3
7b80eec5884ed00156331a6034370fdf58b5024ce94e9ec77ee9fbeae1c1ee05,2017-05-24 00:00:00+00:00,245,early,3
b47cd89f3e6daec42c76c1f7282bc5b2c92d0210984ba2941280d5e987f70ebd,2017-06-14 00:00:00+00:00,266,early,3
65bd0f777bec962e8234f47ffab81f1ee35f6bcad732c2d5d3355e4ab107f550,2017-11-29 00:00:00+00:00,434,late,3
82fabccfd1413d6f7e3b759f4ac7458683e668ad7b5ad1b1d1fe419660464bb7,2017-11-01 00:00:00+00:00,406,late,3
a204943b0df12754c37ddf87becff56cbda1f9d6e9533db4a4cd6b93d8ac14e1,2018-01-10 00:00:00+00:00,476,late,3
aaa4832d55b190cb73a5c394c7f6b0194f5155b8ca1c146e47576e3c9e83cf64,2017-06-28 00:00:00+00:00,280,early,3
a29d92ed81e21a8aa53f44aca202b93ef2913d21f9250c48769cb1a249ad057a,2017-06-28 00:00:00+00:00,280,early,3
603c1c89c1f0fa5d9e52c3bb3c82f05716d26cc7bd9b319670390c0d79eae238,2017-11-01 00:00:00+00:00,406,late,3
920c04589cf4abae21e90313f28bca748394fd1ed32517bb28f8307517690516,2017-07-26 00:00:00+00:00,308,middle,3
8cddcac61276fdef30553598fbeb361ecac4e463a6e222d911464da79c81d699,2017-11-01 00:00:00+00:00,406,late,3
e150787e198758b3f665a59cda68e6346c469a9f21bccc40778fedfff89d8999,2017-06-21 00:00:00+00:00,273,early,3
b5f0e2f325a49ebf039ab094b7cc43dc32fcab7ecf84cfb35caa0ea4abda425c,2017-09-20 00:00:00+00:00,364,middle,3
bc2c9d3e1ee0dd66a1b9aabce4bf97112edace0d51f5bef21ce22b0b5a663c0f,2017-06-21 00:00:00+00:00,273,early,3
bf59ecbf36027d57cac4e8e119aa79e3d3b07838b02e773518a08861808a1009,2017-05-24 00:00:00+00:00,245,early,3
eb94f219dc874dd2c28c2bdf83526356b882366f006d79a1e0219369551d5eea,2017-07-05 00:00:00+00:00,287,early,3
15fcfacb79dc45161c914571fca22176bf765dccb357498d52944e8f5cbfc103,2017-07-26 00:00:00+00:00,308,middle,3
99981b153a5e307cf6297eac6ae1489dd6e86dd708d3829ea70c6a0896086c55,2017-08-16 00:00:00+00:00,329,middle,3
a750f4cb9f54a5ada228823b2f4d2f2ee97f6fe6735c3f3271d0f06b10ed8463,2017-06-21 00:00:00+00:00,273,early,3
f83d81adcd6975511a15f82e494f5c3701fb34e1b85e7b4369e281dbfe7c5ccc,2017-11-22 00:00:00+00:00,427,late,3
a59575dd6b6bbec7f03ea48c7e989aeb4a6ab8dc4bd77568ad7e1a9b69a6dd13,2017-07-05 00:00:00+00:00,287,early,3
51a608dcddfde20b6b9982a6cc84fc385b1a8270bba396d2613ab5f4117090f4,2017-10-04 00:00:00+00:00,378,middle,3
875d30bb3cb06ad5826854ae044a67d2c76d557c91ff3a2a1c40ef494f0b1c20,2017-07-26 00:00:00+00:00,308,middle,3
4bd62c1f19bb7bf04e1dd3597264ec76f0d52ef7c8ea751c1c7d6dc928dc6b2e,2017-08-09 00:00:00+00:00,322,middle,3
7c432f082e61f330e1c869c623e1c0202380619cfd164350db62b84c26ed9124,2017-07-05 00:00:00+00:00,287,early,3
e568b3cd6ff23ce213536a4f46513fcebe1413b10a9daaca27c15f8d38afa592,2017-10-11 00:00:00+00:00,385,late,3
6b308d4678cdb892c7c2989425973f12002ae64f2ab7ced6505742e4579d62d2,2017-06-28 00:00:00+00:00,280,early,3
49f8ec386baa99c6186c54b80a57348aa7b22008e28878b37559e5209acee922,2017-08-16 00:00:00+00:00,329,middle,3
cb0a8224048aabef30ae1664d264ed5e66d04ed169d6322f85bf3cb60989860e,2017-09-06 00:00:00+00:00,350,middle,3
5af9ebb538a75f7df344f9d10f2d2e64d7b692f8d75eb5cbcaae9a77e85392cb,2017-09-13 00:00:00+00:00,357,middle,3
6f391fb8f4ccbfbcc1de298a45a5b3f9324ba694185dc13cefef92be04e78b30,2017-05-31 00:00:00+00:00,252,early,3
eda43374d719c00a879704a3b6ea036f564bded522f9fa63d31cdeb8a01e3035,2017-08-09 00:00:00+00:00,322,middle,3
18215394670579579a94ebed9bfe418ddcb48f3c493e47c8c630e1f45ae6bf7b,2017-07-05 00:00:00+00:00,287,early,3
f90b3afa3e2b05298a6b86c544fac417fef068c4eb0e72fe6cb8f065dbf6eb95,2017-05-17 00:00:00+00:00,238,early,3
dc0a37f500ed1d6e7ff2ca2abf6e0aab0eb549fca02aa3f4fc95ee3a6294fc61,2017-08-16 00:00:00+00:00,329,middle,3
30013f8dce9ef597d37e357db6bf2cc47aae16db87dcc00c2e29a74a718b0b0b,2017-09-06 00:00:00+00:00,350,middle,3
be247a82b22aa73d380d01ef2a2901da75857aba1933d8e50aa685762f068b79,2017-07-19 00:00:00+00:00,301,middle,3
71b1d87195ce1cbf020371bf087d64b9ce6e19c83fca452aad526f27a98ddd7a,2017-05-31 00:00:00+00:00,252,early,3
3fc09d503436d37ff8fcc2c840704d4e2e30a1e6e604c896f0dee056d103d408,2017-05-17 00:00:00+00:00,238,early,3
f456b23f90e84b8770a17d8ce105829273c344829478b2f6857cea43b8b7b0bc,2017-07-05 00:00:00+00:00,287,early,3
d2c3c4240d8d631c71ec5ce907da47618502e9143069c4d27d604bbf68a98dc5,2017-10-04 00:00:00+00:00,378,middle,3
beab50b4871c5e8c51447431342da5ba8d04efcad791542209898f23b2beac27,2017-05-17 00:00:00+00:00,238,early,3
f6538e05c6d0055c7da436ad616c70fde28ab111b7db530d878afc35e155eae1,2017-08-09 00:00:00+00:00,322,middle,3
113b04f0bbd734a076a190a45f02331be49e08a879c05236d941ddb3d572904b,2017-10-25 00:00:00+00:00,399,late,3
e16efd0d4d1a896dce111f6abd34a5d60a903efde644adb0bfbf2da1d64f4b7b,2017-06-14 00:00:00+00:00,266,early,3
888bb144dac65ec22193fe70f6424a5a0eb10a6e0e01358eb28ceb54028621f4,2017-08-23 00:00:00+00:00,336,middle,3
724660f7d9e85677f2d5c165e6068d344aa2ac29671d5cdc83c5a6f8fa5838c0,2017-05-17 00:00:00+00:00,238,early,3
f7a44ffeefb87e57d57d227ace3bc227a6b2f415ffd226d4e57840086bde9974,2017-11-01 00:00:00+00:00,406,late,3
ca4346859d35fef4f132e9c5c68dce85e6f717cd28fd619fa61681c2a8dc68aa,2017-11-15 00:00:00+00:00,420,late,3
97ba634fde682721894f07002ede4e853a54f4e54983e5947040a39bb37b5f07,2017-06-28 00:00:00+00:00,280,early,3
e3ed5bc8b013be567dee874fc51f51e1ece10deb7936e7840233cd0b016bf21e,2017-10-18 00:00:00+00:00,392,late,3
530a226e06e873d8879b6ca140024a84849850fc48874e6be582b2f3c4ca58ac,2017-07-05 00:00:00+00:00,287,early,6
8928691c400e48cd3e227f9f98d5cde1dee50b9fee6b26b059abbf04dd543183,2017-11-01 00:00:00+00:00,406,late,3
38fc103aa29da1c76aa7b1eee6ce44645bead3a9557cad331ba116df9c67c59a,2017-09-20 00:00:00+00:00,364,middle,3
24507e415124f9fcde1d94277264817e752fa09664b85a89c18666e942e3fd10,2017-06-28 00:00:00+00:00,280,early,3
84004f846f4826d34c750d8df0abadefeb6202b4bffec2a313cf62dcd529187d,2017-06-28 00:00:00+00:00,280,early,3
3c2f6f33f1903bda069665e33aff265148db78e51432432b938b19cbb9e4aa56,2017-08-23 00:00:00+00:00,336,middle,3
601e367e6c7866da096e19c00b74aa5489842f73fc997fba5fe27ed8fda3e93d,2017-09-27 00:00:00+00:00,371,middle,3
8bd01f4cac5c169ee4444e7cc137a71f2b8c47f3fa8b6c2063c942b4b9b5954b,2017-09-13 00:00:00+00:00,357,middle,3
25ae619b0098d8992ae52a60e254ae758793ee364d4ac3a5080e6543b8b28523,2017-06-07 00:00:00+00:00,259,early,6
94a07a5cb6ce2f94ede19f14a25200e15bf0bfa4706e3f397b02dff098d8d855,2017-06-21 00:00:00+00:00,273,early,3
733f1fef45b0a7b8117f7214c5ecc170075231160be2d1370ea761fb55471c98,2017-11-22 00:00:00+00:00,427,late,3
0204fa141f554e23cd3b33bf5cff8e31412b5dc4729c5ddd6c410dbc9f49ce26,2017-06-14 00:00:00+00:00,266,early,3
9a7f2025503f0ba663f2abe0239b0602d1f13daaef2d6367f2eaded7164dee88,2017-11-15 00:00:00+00:00,420,late,3
045847a379361233c61bebf1dd6067bbda96bab63ffbabcb0b644caad9d703d9,2017-05-17 00:00:00+00:00,238,early,3
9dcd4edc99393c8d031e56dd40e3cfec389784cf65f37663b7324b6cf0c89f87,2017-05-17 00:00:00+00:00,238,early,3
9f5da49e05877d6311175b7feb81916658090ddc7215f46525569727e1d407bf,2017-08-16 00:00:00+00:00,329,middle,3
9f3dbb771321e7faa8d18c854333ff21e93ece18d94fd779f9e6105cb4f065d0,2017-09-06 00:00:00+00:00,350,middle,3
ab30fc30a6f84ae1cdf1c04dd453600ef41eaa3e488efbbd8f076b5f66015a44,2017-07-26 00:00:00+00:00,308,middle,3
6ec6df8fdd6a1bc26b79a0bc93fba5f7cf68a349f701163bae1092eed2e8070c,2017-06-14 00:00:00+00:00,266,early,6
764f7405fc7e447a9b9fc56cd0f4ac3d6ac84f1cddfad3c26c37d71e45d2b442,2017-06-14 00:00:00+00:00,266,early,3
284c5b334d62db595e2ecb86c6034995fec47be5c7bc71cd0825237c7ce82dfd,2017-10-18 00:00:00+00:00,392,late,3
c0898bb0dfecea9c3059464f88a619c38a52aa66d803932b942467563828c4fa,2017-06-28 00:00:00+00:00,280,early,3
daa71f2cf3ec59e4702f2e486d3797685a406fc1af527c9010601f93419909a9,2017-05-24 00:00:00+00:00,245,early,3
8d37840b3b3a6059d5ff61e13e109a9f5b556f909e4a46e10fd77bf3470b9b54,2017-06-14 00:00:00+00:00,266,early,3
fc40851ee54792f32a61f6ec17fb696e0ebd1f2c875c18364c46a101e145c187,2017-06-21 00:00:00+00:00,273,early,3
b3b4b01eb88d6ae7050ea2dd1ebdfba0401ba182d4322cdedb80e7a8562f4721,2017-07-05 00:00:00+00:00,287,early,3
3eb9dc204852386b12c141569f8fce745259bbe026e79289f97d4d9f368f00cf,2017-08-23 00:00:00+00:00,336,middle,3
839ee0f2e2e2e9948b73a0c2c89f595f50233947c386a942cfab247be5cf5a10,2017-12-20 00:00:00+00:00,455,late,3
4d9424b6d70af74cfa267aa5a1ca520870d6acbf3082ae280798377c658aef55,2017-08-16 00:00:00+00:00,329,middle,3
3f00acccca6cce22b174b21c2c77c353d23d3718eb585cd9c4c7608e85af1fc5,2017-11-01 00:00:00+00:00,406,late,3
dc29a52de979c225dc55b16e94ec5e2d7a661c42435d6e36d7a6eb0a49f7fb74,2017-07-26 00:00:00+00:00,308,middle,3
f4c0fda932810de94409bbd6e3aacf33c226772d18310bbf8168561eb7472877,2017-07-19 00:00:00+00:00,301,middle,3
f970cc02cb01484ab0270bb78bddb8daceeccbe4a32003712bc72d62cf6cafe6,2017-08-16 00:00:00+00:00,329,middle,3
f9ea323bfdc14341b159bda1c9b5f022037263e5f3d52850526b39c42dcc6fe2,2017-11-22 00:00:00+00:00,427,late,3
ea029e9fd76fc7acb9be297a4f243f94a1dc05b00e89ad848702d54adb67e168,2017-06-28 00:00:00+00:00,280,early,3
4ebf06212f1564a5eff5ebcfad49625c358b987cdd770306be6d64002c82bc98,2017-09-06 00:00:00+00:00,350,middle,3
54c5ea80945183c8947e89e07a179d6e1c10eb6ad0e0c071964857401014512e,2017-10-11 00:00:00+00:00,385,late,3
744211b373d3f38b979cead24880958ebae4b7dfaf795e289edf8ed8325af3d8,2017-11-15 00:00:00+00:00,420,late,3
d6367ef3f02c556064ecd4acdea5d9c35138c62e39a6cc557bfe156afe6f8777,2017-05-24 00:00:00+00:00,245,early,3
38dd5f40b924b898c779cb17e4f489a3172027054f6d90cc6c3dc5cdca3c7eee,2017-08-16 00:00:00+00:00,329,middle,3
d3c26c15124b23958381ebbacde575280e6555bcb813f3078872c7138f6ce36f,2017-09-20 00:00:00+00:00,364,middle,3
1cdf51597bc64ca06ca1a95f561824585b2273abe251e587c14094bcaddec1d9,2017-06-21 00:00:00+00:00,273,early,3
85f440d0d0df497eb7794bd0e8ddedef8ed5da2b52afa5de55161548a22394d1,2018-01-31 00:00:00+00:00,497,late,3
ecdca08af0e5c6ba64823e1a4b7a920714264911a8337f921d032252feec69b7,2017-12-27 00:00:00+00:00,462,late,3
1e1fb5a2693dd3a072f88135609d18a8a63489a9c585afdf436c2dfc72c4750e,2017-11-22 00:00:00+00:00,427,late,3
606820b8b539a1e1377dd13ad992bcdfc121a80746eabdb1bbd1695d85d9f77e,2017-08-23 00:00:00+00:00,336,middle,3
0cfdd1028a1b7d8c3d7a760d3cb610d5c540d6d074e6c5ba109da0f5197ba8cc,2017-11-01 00:00:00+00:00,406,late,3
b72dd53c40a96a2e2e64faa9821df5df261f3f2e022978eb44881186da6f9eeb,2017-08-23 00:00:00+00:00,336,middle,3
5fc5a9c6172b3f216edb1c1b260e7cd0e30880f6599625b32497cfdae47a6de3,2017-06-07 00:00:00+00:00,259,early,4
f2bac7c3c4d0b6543cbf4f1e98126639c8b5c30ca6b8e2638db5a5d99d5e5027,2018-01-03 00:00:00+00:00,469,late,3
0ea2f4967d27d7d7c441fa1f8e1cf10920538e98264bd4e944bdbbd093961343,2017-08-09 00:00:00+00:00,322,middle,3
5f83a4caa69b37a7699473053f9e675a99929a5a356e4a81dffbfe0f63002f4c,2017-10-04 00:00:00+00:00,378,middle,3
a713e943cabded4873bf4dfe3160340678ea4e1df3479e469b76db138a68b640,2017-11-29 00:00:00+00:00,434,late,3
b0887b7823d7118ae4cba20cc62ed971ae75f66e9fdb00b3184dec9a42dbbed4,2017-12-20 00:00:00+00:00,455,late,3
931b51e82cf48eec683a35e85f61adc6e36294c7384dc14456a73440f1def8e3,2017-11-22 00:00:00+00:00,427,late,3
9fa4c85e001cf1aabfb1ea09ea31424fb639db55f99510ef98d283c367b2bd63,2017-11-15 00:00:00+00:00,420,late,3
a42514586fade165e5f9e3339c4ababce9d30d9e8693eed98ccbfb31622d8500,2017-06-14 00:00:00+00:00,266,early,3
43ed4840cf2d9877b41d526f007b2976aa6a7e1f86229e7441b5659de0a9033f,2017-12-13 00:00:00+00:00,448,late,3
148c506f569484c2943df0e98b1c63d7f2221f1aca20f0349ff50809cc4bf0e6,2017-11-15 00:00:00+00:00,420,late,3
cae6073f03cace101fc1e9b883e5c62ab52eaf9615db7b9858cc8752d5ed5148,2017-12-27 00:00:00+00:00,462,late,3
62e4c43b9a53fe7165b7f8ba3ca05f7d77d567457cdc624b77899f08927e2459,2018-01-03 00:00:00+00:00,469,late,3
a4a7385bad2cfd04329f0c132a13e223882d42cd61d55028bdd0e1eb5bf60b42,2017-06-14 00:00:00+00:00,266,early,3
a20e9da4d01adc8d426d96fe7e38e69c6aee041790b2b073b3f741d86d251388,2017-05-24 00:00:00+00:00,245,early,3
90a957e84036824b391b27db62660aa9193db084cd8001c236e4648e25c941b8,2017-10-04 00:00:00+00:00,378,middle,3
6ce92336d0106b599c85c34d7609818a2cb63945a0e43f83499fdf0a961e8b19,2017-09-13 00:00:00+00:00,357,middle,3
a662cdbd4830d986003c78ffd04cb85bf61bcbba165df433779cf6b6910cf325,2017-11-29 00:00:00+00:00,434,late,3
aa35d86ecd4f978208c7f6cc62a2c2841de714cf6a05f6a46155dc21940b2356,2017-06-07 00:00:00+00:00,259,early,3
7b3c4bdd166237e75d8c0df4554203663fa19c82f227aab18fb0c9bc539341a7,2018-01-03 00:00:00+00:00,469,late,3
9a39b46d4fa49a005a2db663403057010ac7de4f00539d66650687be9f2c9ac8,2017-08-16 00:00:00+00:00,329,middle,3
ec886122e39c4d8e88942eee8b383ee174aaaaaf55445b6fa07c61144bcd8908,2017-05-17 00:00:00+00:00,238,early,3
2e39af3706d8a4a1bdce7f655a121c92e38466302f12d4c06a7018fbe51147f1,2017-05-24 00:00:00+00:00,245,early,3
9be9f31b6fbb709bc122f5307ad98e51233ec50e5e67f5a72bc444f0e64838eb,2017-10-04 00:00:00+00:00,378,middle,3
2915d106a488032390e17df74da4ea33dc94dfe7acf6f38d672babc9bc0ec034,2017-06-21 00:00:00+00:00,273,early,3
0ddb61d64f8238f590a7afd072290021839e175c85ac0e30b4fec5d6329f2ec6,2017-05-17 00:00:00+00:00,238,early,3
1097317a44308d435fd7149a9bf121acd55d90f4b62332b64cf66e83a9c17569,2018-01-17 00:00:00+00:00,483,late,3
b28f0c113d6bc949c11e875f20c0a6651318717894c521400443ea5fca4de400,2017-05-31 00:00:00+00:00,252,early,3
7e669dfce8767585b787f5bc25285da381a7b934b435b23084fdca8d28daf170,2017-12-27 00:00:00+00:00,462,late,3
b89fdd6c14e29eede28d3343db56e02960412d09af36ad3eba72c2d782c4f718,2017-08-09 00:00:00+00:00,322,middle,3
73f4f30baa0c4e228c84322fa92f9232fb7ed3c205b8ceb5e6a3429e7ad4cae1,2017-12-20 00:00:00+00:00,455,late,3
acc520c10251bc73681bb7b162d02b28d665e682d25dbc71a086b6a41fde385a,2017-06-14 00:00:00+00:00,266,early,3
05ffe2562ecf55b1d296ab65e751314800fdf39caf5f265933a1ae9f8ae9c7be,2017-11-15 00:00:00+00:00,420,late,3
546501afbc9d808b2ede2db0af0269e9c743b1b724fc768935d603144e162a5b,2017-11-15 00:00:00+00:00,420,late,3
1d47ae376054c17942cc24d26e20f6221d9f6b32eef05793ad1cf1d19ac344cb,2017-10-04 00:00:00+00:00,378,middle,3
a0a6737185e4d6c39d4a51840e62765c52c40eb69b3773718411372469ee209a,2017-12-20 00:00:00+00:00,455,late,3
3dde71f06a9d666c20b7084c572800b998c0f3bd2fa0565e2b6981a375f00fee,2017-05-17 00:00:00+00:00,238,early,3
8e114690b79296d46489c284524e749959e958557d8c701e50d67e2b49e203b3,2017-09-20 00:00:00+00:00,364,middle,3
29d12f5ffb832e953e8e9305356be8dd249818f45cdd1fce8d9ee2f220f1e92f,2017-10-25 00:00:00+00:00,399,late,3
903d16b15a30eb333a2a1746fa96bd16c6d38f1779408f1a5f97aa3596613403,2018-01-24 00:00:00+00:00,490,late,3
3ff159d64cec7a537dde74994978b0e40b82f7d76623416679c796a56b6b738a,2017-12-20 00:00:00+00:00,455,late,3
a919260db5cf38a4e59f516f0c38394891b1fae53931eab3318e28c2bacca413,2017-06-14 00:00:00+00:00,266,early,3
dbbbd6df9883605ae50a2992fc66a49c3ec2684713e0a46891940785d5cb1658,2017-07-26 00:00:00+00:00,308,middle,3
613db5ab04f336ddf45221306b47fd712f8a5a9bb0e17a26ca145f13562f8cb8,2017-10-11 00:00:00+00:00,385,late,3
0a36e5b5a8cb64dc0bd22c0951dbfd213664584ea2cad8a7df7853a1a41b41ad,2017-08-02 00:00:00+00:00,315,middle,3
cb3daec44aba8bd3cebc7277115a136934e6138321e69208791f7a39efc98d84,2017-07-05 00:00:00+00:00,287,early,3
a5a9066a2e08cea34691dcfec50e49b738d4cd9a9af671432e1d67e3f37739b8,2017-07-26 00:00:00+00:00,308,middle,3
fe60c8f4d447413005f52ad71fcd8229bfd3df377778b73a7f14ca9479beb64d,2017-08-02 00:00:00+00:00,315,middle,3
2aa252c5e425f72f938a589e4b72ef3228860fe3275d42d788bb94cdad9ec3e5,2017-08-16 00:00:00+00:00,329,middle,3
c89e021f39017a70ede0960427fc2c828ab3f64d67586ca0c08bd97c4f58e1d0,2017-05-31 00:00:00+00:00,252,early,3
bb0f122d0cc03581be67afd3dfef0d35f61319d6ac39a696542b23b6cf954691,2017-06-21 00:00:00+00:00,273,early,3
dce12207c277e4a45654f2bd6cfe7664238a01b09a99ca550b3df68127466bca,2017-07-26 00:00:00+00:00,308,middle,3
0b7d80ce6592bb3009ab45d6b1906fae76e73da3c3ee714fb9a788f5d68088a0,2017-05-17 00:00:00+00:00,238,early,3
85bd470f0e5afecd4802a7a977f5686576e0ab721a0ad2bbbffb1032c3b505ce,2017-06-28 00:00:00+00:00,280,early,3
8caacf6575a71d3d2af1b4798c33ca473f26306cb38fd25adcf92cd1a9d93321,2017-10-18 00:00:00+00:00,392,late,3
e29a37eff39705c9f4f7aae40ebbfc568937683e9c5d14b5995bfa330be37099,2017-12-20 00:00:00+00:00,455,late,3
07df2fd56ddddb494c1afe6ee028a86aa1abb93e6dd77483e11f590dd4d1c1b6,2017-07-05 00:00:00+00:00,287,early,3
ed8c0e160659a935f954a97a5f6c303027a5bda3b0f1c59a935688a00df5c24d,2017-06-07 00:00:00+00:00,259,early,3
04d19296ad569f9e68e74b59541f7dc690fc59a436104a393bede67fffcc49db,2017-11-15 00:00:00+00:00,420,late,3
ce813596841a0a376d1e0fdffd81d7f78f07aa8163c92a49bf1583f0e92fae21,2017-06-14 00:00:00+00:00,266,early,3
43b5ba238dce2edad9324b470037d5021b0ae06df94a6498877be98a3d936e7e,2017-06-21 00:00:00+00:00,273,early,3
6349c56bb81c0f2f317ee9f90ff98d34121c0f816cebd97bd70a7b9feacc141b,2018-01-10 00:00:00+00:00,476,late,3
6672c5f9ce545d8d55e965119834270b627abbbd9cfe2bed636a1ed4c652a393,2017-05-17 00:00:00+00:00,238,early,3
651b05b3030b442da5cc21888a62235925a27a0878c1693aaef5ce4ff153f5d7,2017-06-21 00:00:00+00:00,273,early,3
771be09f409d5c98a4541e7f49c6e9b0f79dcbbca0e26a3edf02e0a63758994c,2018-01-24 00:00:00+00:00,490,late,3
f07aeaea5d1811c86afd50885c151d01293c277a0d60f2068ea5978ba5a13198,2017-06-21 00:00:00+00:00,273,early,3
720080b5db6cd59ecc640da918b84f9dcdcbf7d566b3b68fab2090cf1eed96c3,2017-11-08 00:00:00+00:00,413,late,3
a0c42f5080a4c0ebbb6182474b7c82c80305511b320cd06a420bfc95e636f3e5,2017-12-27 00:00:00+00:00,462,late,3
ef90084a998a5ba9e74ddf97fa87313a1c200e26a4eeaf3cc10c286213030d7e,2017-06-28 00:00:00+00:00,280,early,3
d3b458458ad1762915254dc825c566e42f0cc8d76ff66778120cfbbf66bee92b,2017-05-31 00:00:00+00:00,252,early,3
98dc387bfde6986e8dfd5eda7227c6fb9de6711a2888feb6f4783039d05c2b01,2017-08-16 00:00:00+00:00,329,middle,3
b078e77e103eac1f486b501c71c3d981d026d8d4fe560746a066d569663223d5,2017-08-02 00:00:00+00:00,315,middle,3
4fb292353bb27ffe4cd8f0ec7ed6c48ac023145b09c01b8421b264ca6bf0bfdc,2017-09-27 00:00:00+00:00,371,middle,3
ea961c4b9aee65de6d99e1103858f7cf5eba4dd0eb1db1fba26b0e11f2c22b46,2017-07-19 00:00:00+00:00,301,middle,3
3ce9a09fa45e52f79fcaffe79b64c4e8aeebeef7b7a6116137b88e04a683d1d2,2018-01-03 00:00:00+00:00,469,late,3
ca4bda9322d34d1520b5d1ddbf3bf6fca34c2624e25a799a61002a4de474cf3b,2017-06-21 00:00:00+00:00,273,early,3
3fee7360d6eb79706051abcdc48ac5c90335d730df62533e7e29901cd8061e98,2017-07-19 00:00:00+00:00,301,middle,3
0802822f6e19f92b8dc02b32df935713fb619be63a24cc35a46d9f897cea184f,2017-06-07 00:00:00+00:00,259,early,3
dc3b429e00d2135355252ae9cb02083a1b3077422c23731877b63ae9a31c6142,2017-11-01 00:00:00+00:00,406,late,3
dd5c3f8b2ed94ff80cbb9d2cec5364820478f2e60058bd7838fc0091ef535765,2017-09-20 00:00:00+00:00,364,middle,3
c993b88b3c2ba6110aaf4acccc08bacbb3c15fdb615dfb658fb2bfa68881c3ea,2018-01-10 00:00:00+00:00,476,late,3
653606e69612eb2e8ffe34791a47175a8288c25fa6c28e897d13d582dd9a3381,2017-11-08 00:00:00+00:00,413,late,3
278c4b64f75ada7c8e766616ef73ee4eaa02d92c8447fc3ea95620f27cf0e51c,2017-11-29 00:00:00+00:00,434,late,3
b51000cf79ef3086dcc2c34ecd16f88de114a2e952b6f963fd793cbce2d2f9df,2017-06-07 00:00:00+00:00,259,early,3
ff60dc1e748d75c06fde081f370bd3eb72e242f933b88841144e5ab1b70fdd64,2017-06-14 00:00:00+00:00,266,early,3
d3deeb17a780c30e2d68a4295b75d06ea97c1fd85800340f8e84ec168e78d3e2,2017-05-24 00:00:00+00:00,245,early,3
72629d508418f54ff35a11aa573dbb001b98b8789639b0b4ca5c961621dafa89,2017-08-16 00:00:00+00:00,329,middle,3
821f4b4cf05436cf24f02b6595c6f09c3d67d7db49352fd6b3f4bc4ccdb0b7c7,2017-11-15 00:00:00+00:00,420,late,3
74a8e577021bfd0f307e2824a0f9ca78cdace8f429d29d4db6e3440795238ab3,2017-11-15 00:00:00+00:00,420,late,3
d7a825e04b32ba490a1b07d6688ed5d6e7fdcee15ea4a36565a31ba919445cf3,2017-12-06 00:00:00+00:00,441,late,3
84d70232b09c991a93172b035218a287aca8a41a67b759417fc3e9d529106ffc,2017-06-14 00:00:00+00:00,266,early,3
b3a795d0916bfaa741c3e4a8e27429f0f1e06e1f9d5ff5423713bd31b7ff8e56,2017-08-23 00:00:00+00:00,336,middle,3
ad30968ef3d5a49c1741d07f4c59a2e8c9e19321bdd7138b00bedf68c04c9538,2017-06-28 00:00:00+00:00,280,early,3
607157421265bee18c687afabc9137b58ee82433e7f72c6ded5568767fa37ac0,2017-09-13 00:00:00+00:00,357,middle,3
6b038eeb9edd654eb59e1e915dc6450000ce009ea228c7ac1442598468aa560d,2017-10-04 00:00:00+00:00,378,middle,3
f938abda47250fbfc080c8873da8c0492857f56bb39e98d7e919d78f3743af74,2017-06-14 00:00:00+00:00,266,early,3
7874e5d8090c6e1d38218414ee3dd17479f4f29ca85df28b4f28d8552dec150d,2017-06-28 00:00:00+00:00,280,early,3
0a4c7848a9229afae4eae0f229da8f6cec19aa1b472661bdafb519f491e167f1,2017-07-05 00:00:00+00:00,287,early,3
8f69e725c8aa340f381a133fef7566d9762402b10b0f9cf1f0a2ed797e049941,2017-09-27 00:00:00+00:00,371,middle,3
aa0554c59dcbd4c90300a8b9a5c29e0e7d265f17fc3a733b2e210661f1533fea,2017-05-17 00:00:00+00:00,238,early,3
6fa3891875a8ff8a142c045225beb323966e6ca5f53aafbbe2e06b181cbcfca2,2017-06-28 00:00:00+00:00,280,early,3
f3ff5ea7ec41ea65e5f4d9a00ec02246e2042a5633b21296cf8c654c6e0ef9bb,2017-07-26 00:00:00+00:00,308,middle,3
fa56150f25c6b03834a860cdc2686e088c03590d2f4c5c1bf1ec0fc28e67d2a7,2017-06-28 00:00:00+00:00,280,early,3
9601da3fcaa006fc8a437fab23b93791a38b6879ad4095368467fa338df06f07,2017-06-14 00:00:00+00:00,266,early,3
7d4886cddf9a6dff3dde8fe1d1fb9f2821331d1a108c094f97865eb2eb652c2e,2017-10-11 00:00:00+00:00,385,late,3
bdd2dfeff910f7f7487d007977b5b8c83ac4c4216d96c7562a42f1ec551c60a0,2017-09-27 00:00:00+00:00,371,middle,3
679ecf66cf69c2b185bbfb6c13cd726d1bdd95353ccdcb0d6b41a279648612aa,2017-05-24 00:00:00+00:00,245,early,3
53c42c37bd4a31bdb89388b12d5f8dc40320b05a7a0c04e2c024d6bdfc61abe1,2017-05-24 00:00:00+00:00,245,early,3
450adbd7138d638495bef6355b55f55840825b20b47a9a5d88817728e466d0e5,2017-08-16 00:00:00+00:00,329,middle,3
bbc9c046b33ae7f55110ebec2d2ac00ca5675bd0af2ccf164783872d45bce527,2017-10-04 00:00:00+00:00,378,middle,3
19d45b1a49f29c862130d67825caeb8c1aebac7b9c954a99c4d7b3594e561f0a,2017-10-11 00:00:00+00:00,385,late,3
39e62be74bbafee71ef06e0744401514bfc80a3421f121f22662e21a7169e5a6,2017-05-17 00:00:00+00:00,238,early,3
273fafe6739b889a35f38e1e462a9b2c13c4c8efe06144834c6ddd46c65d6f2f,2017-07-19 00:00:00+00:00,301,middle,3
1517b5eca93e76a73cb8b7e695141122a405d6c4470a441e1f01fa5d726d2d8d,2018-01-24 00:00:00+00:00,490,late,3
8ccb1fd802986de6661869ab818154fbe1503e4922690e391bdddc896b76dac8,2017-05-31 00:00:00+00:00,252,early,3
2ca090b18d5e0280026bbe87c13e311b331e3000d128b9f568353394a6e38c4e,2017-10-04 00:00:00+00:00,378,middle,3
a48326cd0507dcddf2c866287fbe548b3eaa3d12004ddb0cba7f02cf5864ed74,2017-09-06 00:00:00+00:00,350,middle,3
88b5b7596eef95e1f1a03160e188a52b5234d23836211985d0540cf106bab5d9,2017-06-28 00:00:00+00:00,280,early,3
ccecdd631401b9372b61b5f1397fa5edd6fe2ded68bc06d4f5ad0e70ac6b6d7e,2018-01-31 00:00:00+00:00,497,late,3
a371a28f49cb1f0f8065647b3597b1013246e2f98d7ec85e36ba5232877850d6,2017-07-26 00:00:00+00:00,308,middle,3
8b2613c1107c2705c39f99e1f12b2cf1add1bf9efc040135c27bdd51d96d8ec1,2017-06-28 00:00:00+00:00,280,early,3
963d4bc7544de097feb161752ec5d219c9a4c02ab480888c43002b9346fad667,2018-01-03 00:00:00+00:00,469,late,3
2cb51604b8a228f7fb2daedd9aed330f9854a9ec06af04cc2392c77fa02d3a6c,2017-05-17 00:00:00+00:00,238,early,3
d9eea33adf93d388e5e90fc5be1f69143f6e21dcabb19ba45194d33b0a47e8d5,2017-07-05 00:00:00+00:00,287,early,3
1e84639e35feb9670291a37ce580949deb02c1ecd947aa57e52b10ca839878a9,2017-10-25 00:00:00+00:00,399,late,3
80af201bb5f79c516d1e872c9262d9e5254b78d55cc96dcf91f2d8a57b59b73f,2017-06-28 00:00:00+00:00,280,early,3
57ecb21e0945c0473e7229a5f0c3103047ac1e59a8339268fa9976a9f8f42e01,2017-11-22 00:00:00+00:00,427,late,3
23fe4c62dae4c2d3222bcad92cd16c2c4375655fa370d5bad9ad5db6f04fc034,2018-01-03 00:00:00+00:00,469,late,3
340f6df1bd6051ee7a8ab8b9e48fcc0bb2ab0113294b8e73966c419960e1959b,2017-07-05 00:00:00+00:00,287,early,3
e7e28acc89926de6c5d95bb3cc4e6b7a1c9f7da38454f79ac4313bd07574aaf6,2017-12-27 00:00:00+00:00,462,late,3
5de6bd4bbb7c80660f096ec0a9621782087408980ae89f27f90de5cbc16cf164,2017-06-07 00:00:00+00:00,259,early,3
56b13c5a3ff23b8784b22adf7c2bf09cd65bd7c85bf4d55727647766ce07c76b,2017-06-28 00:00:00+00:00,280,early,3
1083820fde4183559941032a3a39251922422f72256301a18b82c3e07bb09d38,2017-10-25 00:00:00+00:00,399,late,3
4909d058e04c8bb4d82966470a94901861e220cd9df85ed093f4845d175771da,2017-11-22 00:00:00+00:00,427,late,3
35015c5a3c6ee2e59f5121bec1117adce139aa0b3726d738380d097d23947378,2017-11-08 00:00:00+00:00,413,late,3
03daed23fd34b11ee4c8a38d1f490d16f7452ba595b4094659f27ba143c5f07a,2017-10-11 00:00:00+00:00,385,late,3
eca730bded0f47feb5833dadfab1b8a4ddb9d767076154beae1f90434e24c0bd,2017-06-07 00:00:00+00:00,259,early,3
3b15aaea1c9e428ede7b4e4781c0582dc18a46de0d8e400490287431bbc6c606,2017-10-11 00:00:00+00:00,385,late,3
2973d14b5c779658ab283949e9f7e61a9ce566dd37b7641e9ff292b0c49c12b1,2017-11-22 00:00:00+00:00,427,late,3
4834e590135e515dc98c5197e1a7bd94ef094125c1d8bc4ce7c51a2bc35d1409,2017-06-14 00:00:00+00:00,266,early,3
90f7a176ad1708a4888e68805f8bbbb87d6637b0a3dc95a083eb9c977b40a2d8,2017-07-26 00:00:00+00:00,308,middle,3
98fb9ee23a9329eaec0ea5e479ef3f4475c5bb30441b261bd55b24b67e83a0db,2017-06-21 00:00:00+00:00,273,early,3
82efcfdaf4bcf700c93ea91b7f4f93c2cf2628388bc9714f6e685767badf4d15,2017-06-07 00:00:00+00:00,259,early,3
040e1e95c1831af3410655f7e25b33a4b2666e9c0c6a827178b6967ce3082495,2018-01-03 00:00:00+00:00,469,late,3
76a288ea94415e0062032a117fda6efb294c114a58c7473f828ab7053c877cce,2017-07-05 00:00:00+00:00,287,early,3
7f11b331d18fc9cbf2751895f5be5afa35eb65abc7c36f1a124f77c21533e65a,2017-08-09 00:00:00+00:00,322,middle,3
29b7a181cb76186a079b50a28b7c6d34e1272946cb61ffbd7c69c3b9852aef7b,2017-12-27 00:00:00+00:00,462,late,3
5f8f09154b800cfcbf86a42a7f92b3d6d2fd3e9ffd072031fe9eac8802a9aaba,2017-11-22 00:00:00+00:00,427,late,3
615fc2ad55d0783ef1075215b4fa41e522bb965c97af712bb69927927f4ce35d,2017-06-07 00:00:00+00:00,259,early,3
5f7cc4472a9005738e6e22f59ca59eb4691ca7f3af38104177e292622f4162c4,2018-01-03 00:00:00+00:00,469,late,3
e055c74173b2608e30b3dac9eeca4f421d9b6f350800cfbbbadd82e183d5821f,2017-11-08 00:00:00+00:00,413,late,3
c3f12809782c3a2b4ba6d1454fd31c53a50e35ef081589673f5a7ae0d5a5731b,2017-08-09 00:00:00+00:00,322,middle,3
72fb0c5c216537ca23edaf386b7f824925c2fddae9fb70910a2c741803d61b0c,2017-11-01 00:00:00+00:00,406,late,3
aacdda96e3a0357ed0c089a8e19aa8b6000b75305a2f740352186b1ba8c604a6,2017-09-13 00:00:00+00:00,357,middle,3
34ad53a4cb69e1a95c974175ab6a6384c26b36597494260b2526a86117f51793,2017-05-24 00:00:00+00:00,245,early,3
dddf7279f404d51e9c778b1c1ebc061d5608ad42f0437bcbdfa3d552bcf7e0a8,2017-11-01 00:00:00+00:00,406,late,3
be71328d671c7a15012ca3c85ee7c47c6b143544862c9a01f17a5d127c300628,2017-05-24 00:00:00+00:00,245,early,3
0902272167b571bbd131bf32139413cd330c0dcad2d9808b74fa5a3bfc01d752,2017-11-01 00:00:00+00:00,406,late,3
7b54eea3bd7397b6c26780ad5cee40a37fda0fdf63aa6b1bdbcf4fecbdd91cb1,2017-08-09 00:00:00+00:00,322,middle,3
cc0f69c057df972e40b971345456c02754c240230208653aa82598517d5b1abf,2017-11-08 00:00:00+00:00,413,late,3
f237ef8f62bd66004d9ac23504256b60d61b9dd150df5e2a2c797f557dc17ee3,2017-08-16 00:00:00+00:00,329,middle,3
84f58997e1a96a124743ca5238b0156899701e5f53df9abcd457159df1153a56,2017-11-22 00:00:00+00:00,427,late,3
284894d03d03e2021dcca8131580dedf3e0a9e66f6641b8c9da0a62c93b990d6,2017-12-20 00:00:00+00:00,455,late,3
baa848d4cbdb6da93b16c3215714e21a96e3acf14b4f1f802835df100fbe266a,2018-01-24 00:00:00+00:00,490,late,3
89c4b6300391aa99b717aa98621c6d912e3604edf13eee9a14e85171a752d22d,2017-08-23 00:00:00+00:00,336,middle,3
ad3c5c6813537500821f3ee8af0ba96b9454f127718e749bae59ece70825a1fd,2017-06-21 00:00:00+00:00,273,early,3
c8e496fef54eaf39f669d371703c3508085cc0d1f49cbec27101a1ce2dd02f13,2017-05-17 00:00:00+00:00,238,early,3
b981abd9ea56ad544a8e1b12be090c048a04f4748188ea1f5cb4d9a17206cc9c,2017-12-20 00:00:00+00:00,455,late,3
b2268d5c7b0387a7a59c663a6aa5b25d77304e808826b47c42638a88de088fdd,2017-05-17 00:00:00+00:00,238,early,3
be3029c951743e1c084deea56a6cc9d8d78758b8d86c3aa69daa8013a7223711,2017-06-14 00:00:00+00:00,266,early,3
515410c817d540ff5308605cea1a57be59a6bba5993217c253a8256478507bb3,2017-06-14 00:00:00+00:00,266,early,3
540fe6162d5530862b7b7e3704d357d63e3da8af6e3abe44960384aac551c2d9,2017-07-19 00:00:00+00:00,301,middle,3
687ac1e4752d479e53fca79eb1f559860062eee81281ed394b521ad9c025f8d5,2017-05-24 00:00:00+00:00,245,early,3
5185bf6c05095c9886bdb38f80f6837c315938354f9e6b69d377c67191b57dd8,2017-06-07 00:00:00+00:00,259,early,3
f5cc1662c045bc2628023b99670f5da7b35a4288aa0af015045b9fdf6358ba53,2017-06-07 00:00:00+00:00,259,early,3
cd2bc177a224f743da05520f0eb407e25f8cd95933cf5bc6a45f871dacccc64c,2017-11-29 00:00:00+00:00,434,late,3
63181eecea90a4a217547382369be306171b1e238906801fc89c85468c3fb81f,2017-12-06 00:00:00+00:00,441,late,3
4553e9cf940ce4603135dccc259c8d9f0b3d35ac4b37f49b102466f0a62bc8c2,2017-06-07 00:00:00+00:00,259,early,3
4c41c6cd8213dedd4f63c1f493337504c26be4a338ba4c2a8764fb2b9c77f231,2017-08-16 00:00:00+00:00,329,middle,3
92436e814a210de31ba98d4052710a6956862a381dc299adcb1f233ceeddf265,2017-07-26 00:00:00+00:00,308,middle,3
65cba69fb18bbe48bb40ad3c34138044936088757acf3bccbecdc401c32d85ee,2017-11-15 00:00:00+00:00,420,late,3
ba4bba52e6e7a4a8fd565bd45061b61c95b144912ffd0faa6c6f551681abb109,2017-11-15 00:00:00+00:00,420,late,3
529277affe0f6db13bbdcc273a5383e2af7f74505e9c83a41f21d4419d1a2c23,2017-06-28 00:00:00+00:00,280,early,3
21f58f2c6b547de71c8d9211e773e57644ddb789a239d857249b5bc4ce3fd1af,2017-07-05 00:00:00+00:00,287,early,3
fcb0edda46feb52041b8e3a14dd1b7ecbf5c7e6d8e55e7a5660cd2bc0f6c2b97,2017-05-31 00:00:00+00:00,252,early,3
ca489aeba209a9c0a1c6f669a54949c87c47fa2e2ce5a072a61feebdb7d96004,2017-06-28 00:00:00+00:00,280,early,3
56d9b0db7adef20f84f9c85b434f5efcde1629048307a95bdf5c887ba83f3560,2017-06-07 00:00:00+00:00,259,early,3
016efefab670398676bcaf3ce7f654d84c54b38652d7bf04b41ccb7e5e325e44,2017-06-21 00:00:00+00:00,273,early,3
ec291ad9c7faaf0321d798a05d112945adca234781adf808c1d3badc7ff8aeca,2017-06-28 00:00:00+00:00,280,early,3
301f3c0c2cbc0d9c11781f6c05acc4e8a23cf323899c0d19a6546b4acd4534fa,2017-11-29 00:00:00+00:00,434,late,3
e5ec5e9d2fc6f86e205684223887a59c107beac19dd72a2794a251d55f1c135a,2017-12-20 00:00:00+00:00,455,late,3
7b4868e41dc2ff80728ad944b18f22358e4885e39bc2ce362cac447dd0264248,2017-06-14 00:00:00+00:00,266,early,5
9a13adabba3d6f3fb5d4c5090f5638ea82adc9465b681e5b9bea91efec2cfaa6,2017-09-06 00:00:00+00:00,350,middle,3
2de4f271c1c8f196bf9b142931be9fc8ca9abb751d644c6ea00594fcda8c40d5,2017-12-06 00:00:00+00:00,441,late,3
84d1ba1f26e983e0be3efbcdaddb6f041697116581460ccd3336fe37b959d56f,2017-08-30 00:00:00+00:00,343,middle,3
3520229536f28ddfe1b13d7f9a68e0a404901dfd32b547f5ad8ca436360a73fa,2017-11-01 00:00:00+00:00,406,late,3
6b70d9390bcfb05d53098b285a52066f1715a23f31110c9af06a2d70f15ad733,2017-10-04 00:00:00+00:00,378,middle,3
153beaf7d4f77c77e54a72bdc51e28a105b8fb0389028aa34400f53f54386e78,2017-10-04 00:00:00+00:00,378,middle,3
56e2d031d96bf5e76651346fe632c5a62c50544326e1d1a719d6e4edc7259af8,2017-06-14 00:00:00+00:00,266,early,3
319372c6805418d0cbbd1cab910f0be4cce39332d60a9aa2f32b83e44718d052,2017-11-29 00:00:00+00:00,434,late,3
e3343d84847072863905ad5fbcba504aadc1ae8c4a6ad1a259cd8e9503afeccc,2017-11-22 00:00:00+00:00,427,late,3
6610d7a527f390ce02a911738dafd8f497e60d716bfd0848dae556ceb140b07c,2017-10-04 00:00:00+00:00,378,middle,3
b2b6bdbbd98bb1070f61a855475d164da00d375bb0d0de572b2ea6bb153edba9,2017-10-18 00:00:00+00:00,392,late,3
4a359ce2bcfedefc8b2b5e14388097e6ae4bf13d1ba4c5115af456dc7acddbdd,2017-05-24 00:00:00+00:00,245,early,3
8589bf99c6a452c5f7caef404b19c06d683324bd937e3eeb9279eb1f98edd5a2,2017-11-29 00:00:00+00:00,434,late,3
7135dff4799b2bc6904d210ee17ee017903bb5916035ea1d59a64ebabc447aa2,2017-11-01 00:00:00+00:00,406,late,3
85f1f9c972ccae67a07bd34982b405bf15498c99752a54efebfedec50e7aefa3,2017-10-25 00:00:00+00:00,399,late,3
0b416c42ed086567220ad5f9e150bfb5a04fb900310410d9cda57b0b9bce610d,2017-10-25 00:00:00+00:00,399,late,3
50ede1772ca33fac812ae1eb474eecc26a94745dee2a375c7c2123b24d3a9206,2017-06-14 00:00:00+00:00,266,early,3
63bbd9d36a50d7c7472c28d9023e9d3d634c7f9cd58a0cbc59011d232f59c388,2017-10-04 00:00:00+00:00,378,middle,3
630167776dfa9582e426bbba4ec74171a008ecfd99fba7919c70d0b4fc99dfa4,2017-08-02 00:00:00+00:00,315,middle,3
54c636b02564283569fb3eedbd49aeec398a48c528a270110db0e8ce58ad9c86,2017-05-31 00:00:00+00:00,252,early,3
af4a75b6fa427e50f27f5a277b8fad48e5529311f13fdaad8dccf7f26341f81f,2017-08-02 00:00:00+00:00,315,middle,3
afe83e8d449e7dc993e6da86283e923944d160173a50c64e3a752cffec46b062,2017-06-21 00:00:00+00:00,273,early,3
0aca5938ee82c2e3b027ce236a961efefe167c4889bf944a9c356e7ee2ad3411,2017-06-28 00:00:00+00:00,280,early,3
147cf0f1cfd15e74b97c99d728c8490c3832bad4cdd37fa70a99f4f2bfffb70f,2017-10-25 00:00:00+00:00,399,late,3
1dfaec04c2c1b6591b7fed2d39a72dcbccc29813de640615705d47525411493a,2017-06-21 00:00:00+00:00,273,early,3
0ca7de2bf8ddfeb33df8db1729098d29c73879de953e440a79064a7128fafde8,2017-09-13 00:00:00+00:00,357,middle,3
6cf16a2325ad3f84c0bb49441760be2666fa0b54736e6f8d5a3dfedd8c1512ee,2017-06-21 00:00:00+00:00,273,early,3
80c51da6e3868302229f8c1476ec757580b016ef7dea3067863f4ca3aaf68677,2017-05-17 00:00:00+00:00,238,early,3
19bc415b15c66ca05a52e72d27ea059cfc1283123729b0016b75ee71d95a5885,2017-11-08 00:00:00+00:00,413,late,3
df3dc845feb513085ae8f4dfcce891b5f702676b9fddd40d80a0e1cc91ff48fa,2017-11-01 00:00:00+00:00,406,late,3
ab7edf7f51ff4f2b938a206494a5e0ee14ecbcb0a1d6a5df369945c107e34658,2017-05-17 00:00:00+00:00,238,early,3
a23d76c4311e47d94af1df56518ae400207774bd54887b43717733f82d4e158d,2017-11-01 00:00:00+00:00,406,late,3
7c8e54ba1384598f7160da72660fbfba31d1eb686d75ac49ddcfaf663e8e325f,2017-09-27 00:00:00+00:00,371,middle,3
45fceca0540d6512e9a809d8540329ffc73076eb2c4ef57706abfe14b61aacf3,2017-07-26 00:00:00+00:00,308,middle,3
9ca17968ed4c5241165c682d5330cf13a1f68030806b195be2e93812d56205e2,2017-12-27 00:00:00+00:00,462,late,3
fc10e35d0c14a597a13b4ce264739d0dc93678a857f76ee59c1503dcac163777,2017-11-01 00:00:00+00:00,406,late,3
b18929e6b1d1c17e888c0cf63d41a02b153c706cc3dd2222d52d436455f1a30c,2017-06-21 00:00:00+00:00,273,early,3
4329234213d377caa583245dfcdea022160c2043b967720765f18a7e6567b767,2017-06-21 00:00:00+00:00,273,early,3
b0683c0ad52c57436e93931753c190746e8c8705d8ce032b95ccfd428cdcdee8,2017-09-27 00:00:00+00:00,371,middle,3
18c54c27befc051d96a1213b32f08ca7b0d78e8ccde49627c6ed6fc6e7e12a07,2017-07-05 00:00:00+00:00,287,early,3
46d2564f1f258caf9b154a9d11c73522581001bd7dde897f3a1352c919266309,2017-12-27 00:00:00+00:00,462,late,3
0aa3333b85157702b9696ff4de165e411d3bd40dafb54e402062a0d6d0b2cf56,2017-11-08 00:00:00+00:00,413,late,3
5377bca72a48d9778f309e86b37b20c92ac4460ec71f1d5a987c70d72de4b9c3,2017-10-11 00:00:00+00:00,385,late,3
83f595357c0e090af8554f8d11e0582419b7c3b189cbe22c0de52a2edc29b4ec,2017-10-04 00:00:00+00:00,378,middle,3
ec1faa712ef16a0ae87224ef417d61036b7b3551cef65dee0579e33946690946,2017-11-01 00:00:00+00:00,406,late,3
0b1d36de71e7e925e81baf1fdb351b6968052ab7060f9bf2691b928fb955e88d,2017-08-23 00:00:00+00:00,336,middle,3
d914452bb12f87a28a37c36a12636790c36ba11afbc2fa6868292079dcff2088,2017-10-04 00:00:00+00:00,378,middle,3
8dfb1cc45a72cc3945e5a8010a6917da3b3b502d3d3e677e3c5a19d49f60ffb9,2017-11-29 00:00:00+00:00,434,late,3
1456e431629003fdbcef047f7a01f3e8b79c714e6a8517970cfc118d7176e78b,2017-07-19 00:00:00+00:00,301,middle,3
3ee057aae9a540325b4907c20f092f65478a50d59394cac5c7354904d1bf4dc7,2017-10-04 00:00:00+00:00,378,middle,3
706320d173d38da1839f50bc8359c35169eacae8628288ab83363e0403a4cd2a,2017-08-09 00:00:00+00:00,322,middle,3
63a1503881134501a6ad8a899d882839ae5930617ca771c199df47cff2ff3cf1,2017-09-27 00:00:00+00:00,371,middle,3
23b4572ff916ac3bb1096b3e39cedfa485e8319f4bee80e2ed2d068c1bfdc3a4,2017-08-09 00:00:00+00:00,322,middle,3
5bbe07e3a4f36708202373abdecbb1ed046cb06803a86e43eeba35398f2f2d2f,2017-10-04 00:00:00+00:00,378,middle,3
ebdba5b0ee76a0f84d4cbaaa99c2f5489011a874e6c0c4d0d1705db702a5a1af,2018-01-24 00:00:00+00:00,490,late,3
60b5e47d34664e1a8e759cc4174c54928f68c63db4b52f64262053d7ef98682e,2017-11-29 00:00:00+00:00,434,late,3
9decd3b2c6ec42f2eb7963813f718032fd68f5b1ec667ece3266ea1cbba35cc5,2017-06-21 00:00:00+00:00,273,early,3
00be5c2c18935bc2be8538ecff7f8dc1781dd9fa80749dd4acd580b4220f39fe,2017-06-14 00:00:00+00:00,266,early,3
9508aac49b911fb80bbee9318122a22161416ef1bb6852fea9073274451378c5,2017-11-29 00:00:00+00:00,434,late,3
fc3b5e25298c5d77ec1def684e7e98a517bffe99ce2d8aeb4c15cb0facf90cc9,2017-06-14 00:00:00+00:00,266,early,3
ae5406de4784d3279c4faa8245c0be88079ed0cec6da2c1430f9fda4722a8f26,2017-06-07 00:00:00+00:00,259,early,5
94b41eef8f2ae1538fd39022c887933aa72180f30d4fca5f4d5b49afa592d31b,2017-05-24 00:00:00+00:00,245,early,3
7542ff143b19fb35916c234e4126ec919be48cdce4b613042b9bf77b89cdce6a,2017-05-31 00:00:00+00:00,252,early,3
538e1275e5547b8cf330f8e3f17d9ed6abb1cd4b305811cb58a2ed83e5ea0832,2017-05-17 00:00:00+00:00,238,early,3
e7eee9df92eaca9725fc5c4d7c1ce29a0f275e8ba63fce20c59910f9842d6487,2017-06-28 00:00:00+00:00,280,early,3
7149f4439ec98643eba4e16632ef49adfbc242f1dc7036b01fd8d81093e98f50,2017-07-26 00:00:00+00:00,308,middle,3
66806c72e434106840d94e04f263fe3ac7cd5cd3371057fb565273a4c03fc5f7,2017-05-17 00:00:00+00:00,238,early,3
57bef4b75b77346b171f6af05fe564f25229915ca112453016fc89eff750df4a,2017-09-13 00:00:00+00:00,357,middle,3
da2b370bfc1fccaaa36e1aa2967c9877d63f4be4f382f1f1f3fb2d48b01bb26b,2017-06-07 00:00:00+00:00,259,early,3
5fbd8ad4aef8c959291ff1802a11ff68345f810f122f5b80153072d2e811d13a,2017-05-24 00:00:00+00:00,245,early,3
b6d42af43bf815b7eb73d60194a90870a81a4855ffb0a2fceed649698758db86,2018-01-03 00:00:00+00:00,469,late,3
2c915bb5a2e34efb17c026a9b3ba2399d18000cb3034bc863ffed89e1dbdaa17,2017-05-24 00:00:00+00:00,245,early,3
1d7f167eafd345d8076ed7f270780e3703a22d741df0117f856a84921fbd275e,2017-06-14 00:00:00+00:00,266,early,3
53cafdb436651fbb881733802f982b3b40721491322c821d77a4db5fc86fab6b,2017-08-09 00:00:00+00:00,322,middle,3
143f3bdf28d3916de08c22a42a95f6ae14de1efad84cbbdbad7a56492726a4f4,2017-07-05 00:00:00+00:00,287,early,3
4a62480cbfd9b37bbc37de7a6326e2b87900660ca9df3fc26b567c2c579e74b0,2017-08-23 00:00:00+00:00,336,middle,3
664c72d68274cb1e9a9f9ad71049f52ec6c2206be318ceb610b1c7693a6f53e8,2017-05-17 00:00:00+00:00,238,early,3
adffabf8e06f6f9aed4d657d74aaec27de138a5667d5011377ec69683c1e30a2,2017-07-19 00:00:00+00:00,301,middle,3
ea6115c95fa4b3ed7cb7b0f09c0506e07c344b8e3fd21efe7fecd54e9206a7b2,2017-07-05 00:00:00+00:00,287,early,3
db8b91875feacdc842fe98e9db3fb96d624cf2600aeb7128f0401c9bd29fe8e6,2018-01-03 00:00:00+00:00,469,late,3
0d2f8d7bbefa5a3c027f99a844228928ad1ceb48e49702791481810670b5e9e4,2017-10-04 00:00:00+00:00,378,middle,3
fec518e93c0c30d8687ea4429e967d9609e05f31f1cfcb8d52c7ad67521ad7f7,2017-11-01 00:00:00+00:00,406,late,3
122f76e82226f29b6ae0b9fed0646ee21b6828fe50b18a103432f29b3889447c,2018-01-31 00:00:00+00:00,497,late,3
e0d6425a2dad751a07847e3fbc74f96552e043c0ae37e08a92bde8d32fea9fd3,2017-05-17 00:00:00+00:00,238,early,3
df273ba31d962b02a8d8ff79671e698cc767b8c688d00ee0bc96b76eb81c0cc8,2017-10-04 00:00:00+00:00,378,middle,3
7d15e275e13aab98fa98a2e281562ebaa8d23e7d5cf580ea19edde7bc0496617,2017-06-28 00:00:00+00:00,280,early,3
d4aec7a2e5e3e0e29b62998fa39fdfd322a150d303ff6009b39136bb32beda5d,2017-11-22 00:00:00+00:00,427,late,3
2509fa1a1c55cda777ba7c592f122d8025caab244d11dc8f828cf2834f73f2d0,2017-09-06 00:00:00+00:00,350,middle,3
402ec8764c33af3f09ef76f89996d54b986c5be6b0d16293f5acc3be19bacca2,2018-01-03 00:00:00+00:00,469,late,3
347b80ca013ea4e8b463abfc4fbe1d64ba7e5101f5e308e40ee29769c45213dd,2017-10-25 00:00:00+00:00,399,late,3
1a12aa14ad172c0c92c591b9b3d4114d452435778a7977f649fa7ed6c1a18c44,2017-11-08 00:00:00+00:00,413,late,3
795019924eb63a4de0bcff6832198d0c763d7625427f854f6030f1e7b72ed9cc,2017-10-18 00:00:00+00:00,392,late,3
624de9b9818ac6f32d427481c6404058508cc453acc891681da19a4c93b61eb1,2017-11-08 00:00:00+00:00,413,late,3
8953ff997f74693b2ad031a34ea1f12a0512e51b1392fbd6e8dfd8e43cd0164f,2017-11-15 00:00:00+00:00,420,late,3
b7916de093ac3fe1caa4ab8ce1532a412837ccbec5de67a52ddb74fa47cb6fab,2017-07-05 00:00:00+00:00,287,early,3
d480f4b7b80d223226d41c3898369f8846b43db2b709244824765072f6c489e0,2017-06-28 00:00:00+00:00,280,early,3
7541e4376f21b14f03ba0da9ee379a172b2fc0c172ed5580206634e7f8a212cb,2017-09-13 00:00:00+00:00,357,middle,3
e02a7169ecddd294d709e6cd54f01d1e74b4a4d1708d9af99322d014884016fd,2017-08-16 00:00:00+00:00,329,middle,3
1c62432090ad657f9b85e50db96d10f128568ced97a86f0f1994a2d345dfa61a,2017-05-24 00:00:00+00:00,245,early,3
74bc91a0188a016d7d653c0f45351ae8e015592b312b217673a0c7919a228404,2017-08-16 00:00:00+00:00,329,middle,3
f210c4f6aaf6a53050bae40845491d6eea96fe68a0042bdedfcd5f7b178ddb38,2017-05-17 00:00:00+00:00,238,early,3
fcb02f10317d6175a23fdc43affbd7bf8bdbc36c59018d0e2dec68fcd718c31d,2017-08-23 00:00:00+00:00,336,middle,3
37ba8ba3dca7781c061ba040500c14b59a6bf230dd451e3e1c1f2df27c03d33d,2017-06-07 00:00:00+00:00,259,early,3
272979618b0a472b256021adea0e58c2dca956746a609cb8bf73232b35141eb5,2017-08-23 00:00:00+00:00,336,middle,3
fbe73f87d6dc06fbaffebd3509b52c4b2fe1e581e5c0986ec03b093047a67122,2017-06-07 00:00:00+00:00,259,early,3
31317b2d8ed82825cf6198daf5f1ef563b78744a3007c221043a72a97aa8727f,2017-06-28 00:00:00+00:00,280,early,3
87b6ca5463e8dedffe08fec7628d4d351576d8c6a3ecb3b68902706223d45af4,2017-08-02 00:00:00+00:00,315,middle,3
746f1cf91668b54801ac1ac17c5b4997706500a5a6c44e9156277eefd046a9da,2017-11-22 00:00:00+00:00,427,late,3
149e3d1f33fbd58d7324ce4c74499c926e4d95b46c48974f2c8983b69d102882,2017-05-17 00:00:00+00:00,238,early,3
2152ff668a9557e3e303caddb21321e36d6fafa8137c6dda26dd79a0b280cfe5,2017-10-11 00:00:00+00:00,385,late,3
66b9e556aa08f7f1f0619da4509af834f9bc56c89f724da0993b207f8776f454,2017-09-06 00:00:00+00:00,350,middle,3
21e39fcd090602c3d659cf2a33182b69995bb2ba5ce78c056a8795ba4c2699bd,2017-11-22 00:00:00+00:00,427,late,3
e1b3a47024b065207c2e6aec494790367db72163639b6501cca155c673e6e91f,2017-08-23 00:00:00+00:00,336,middle,3
8a77fd3960562da8fc405442d1c58e919be82f0988e9ef4c7592f8abf9c61a62,2017-09-06 00:00:00+00:00,350,middle,3
b8d36ced51098fefacfe436cc472c5d954f948129b52d43b78d61aef45bc1ec9,2017-09-13 00:00:00+00:00,357,middle,3
2773952fce9a1d30f6fb8eb021083c1d361041ba58ae24c3b2c3cf1da14eac8c,2017-09-06 00:00:00+00:00,350,middle,3
22ed1b192a5515af042ae22955fee77de98a928d98e81b5c61432bb97ac581e8,2017-05-24 00:00:00+00:00,245,early,3
a5f8f0bb2aa5c84d1c010d5023f376e6664e886b71927f913e9602c5e2258cca,2017-08-02 00:00:00+00:00,315,middle,3
f9e77e140fe35f41d4bde82032814eaadd8194ca80ee1c616aeab3b8693d8885,2017-10-18 00:00:00+00:00,392,late,3
e1b52607f3849302059a4d3e376f01a354a2b0ba39a0bfaecdf84ef4cce0ed3e,2017-06-14 00:00:00+00:00,266,early,3
ab24eb860815c42f105aa7cdc0f76ebd4410b0154f19924a0124098124e6708c,2017-10-11 00:00:00+00:00,385,late,3
66970cae8928200c05d9f545c447e0c88b60882e9129f39de780a9ca532a6b71,2017-05-17 00:00:00+00:00,238,early,3
22a1226482e77bf5819980aeb7d444447f587d98b03f4e6430abb3b927ca1c41,2017-08-16 00:00:00+00:00,329,middle,3
254bc5ff83ce82bf07eef96cbb7c7907b03b731f1b717546b8f4b1780b47e335,2017-08-23 00:00:00+00:00,336,middle,3
3efa2c6bd9364968a67775efd566ddb9687bde4a9d43ae953e8dee741e04226b,2017-09-06 00:00:00+00:00,350,middle,3
0c100418e137d5f75bdd349d69dc816345a8160e0f59b5d2792b0d13099d8957,2017-07-26 00:00:00+00:00,308,middle,3
9cb7d691e1ff55bba4369a036833ffb1d2d2075b328d6a1df7ea678e5d328ecc,2017-05-24 00:00:00+00:00,245,early,3
03ef9e4f74aee169b5eb6e6942bd8e7a680d20194d0a9a09adc8950944e73374,2017-07-05 00:00:00+00:00,287,early,3
229c6a5817060bcf28688eb9118b417e12666c213469e09778e855b431dec157,2017-11-22 00:00:00+00:00,427,late,3
cadf5338f275bc011fc04bc9ddc6bad2f41b6404d1e8470b4e5ef0acb96a7e8a,2017-07-26 00:00:00+00:00,308,middle,3
ad8316f1b4cf60689a76b08995110168e967b87786937d1d78d6c301016be46c,2017-05-31 00:00:00+00:00,252,early,3
6cd4d1495023692f25a07b3278c43fff6fb216e59dc2381dadc13dbe0b16b56e,2017-10-04 00:00:00+00:00,378,middle,3
f0f0945e24b648c152c60099b4287a13c7257694f42c2a52532c725b89c08109,2017-08-30 00:00:00+00:00,343,middle,3
e0616451b48410d8467f0c899ab4c34a0fc2354dc132762d6f39a8f90654d243,2017-11-01 00:00:00+00:00,406,late,3
1c2ab2d9c297c851f5ab74529d601cd017f71cb1f3058952ec3e75025503eb58,2018-01-31 00:00:00+00:00,497,late,3
097226e5de84a870c78e1096b170bcb1f246b3904ddd444ea1c7fa6d164c1f6b,2017-05-31 00:00:00+00:00,252,early,3
87c583b00f8818a05e90629061db401a401e79e169a9e240d53018b5bdc1ea2b,2017-05-31 00:00:00+00:00,252,early,3
1d43fcfbad727c9f2b1cfad5e8c14635bb168e01cb808cf8364c9b9575d8d7c8,2017-09-06 00:00:00+00:00,350,middle,3
ad767ebb6e6019557c970a8889f7982438f0b20a46218ed32e84b2eb2427005c,2017-06-28 00:00:00+00:00,280,early,3
f101572e32789b204c9551d802be240f7c1678cdeebc52af154191413ae05b92,2017-11-01 00:00:00+00:00,406,late,3
c5af0ff2bb87a9793b4897f4b414206ec3f41f41df1ebb22d6f4422238576f56,2017-08-16 00:00:00+00:00,329,middle,3
7d297b8cb25fe4180dacd362989961e3cfb266b9d869bef178841e55f62fbf94,2017-06-14 00:00:00+00:00,266,early,3
c8678bb55fbffa3bd502e95000a0c97f8a258cb148313b90ec899734b63611ec,2017-09-06 00:00:00+00:00,350,middle,3
d2b3aed80c235b6271ce86df7f0478862521f8d8a991f58d3743e0de01119d11,2017-06-28 00:00:00+00:00,280,early,3
187c1ec34e384f210f9c1b608b7638adfcb3a7f8126fa24f47c69f47410b4dd3,2017-08-23 00:00:00+00:00,336,middle,3
8d2ba0d91dcc38d9e7a2d8048ef6751d2081b9debe3927b2b7e2924800269572,2017-10-11 00:00:00+00:00,385,late,3
5def3c119a2499b06f64337d3028c15e5832fa39db87465a962535b50b94f3e3,2018-01-31 00:00:00+00:00,497,late,3
4ff75a88ee1c0837ac083ba0e2f2a6b1a2a119bd31f0dea4690014b44232cb20,2017-10-18 00:00:00+00:00,392,late,3
6afac4edc33f2dca4ca0b72e1043a691ff622d1826b1eaf1d3022a90cd192a56,2017-11-22 00:00:00+00:00,427,late,3
d637a2f6d096111016d7c82f50319a14654cf73358a8c77da6e6c43359cde18b,2017-11-08 00:00:00+00:00,413,late,3
c89a749865957d642ebf1d456620ac690a8e38a36bd3ecc5d80f4d7799732f56,2017-10-04 00:00:00+00:00,378,middle,3
88ac8a82baa50b064eebae8659ae006e496202e40b68326aa369eb6084f37788,2017-12-27 00:00:00+00:00,462,late,3
cea35a6743b4f6a6f589e4138f0fa015c8f7fb2b935ef8a7ced12ca22ee82622,2017-06-07 00:00:00+00:00,259,early,3
e97d96f59a01077e11555fb3e5b865cc0c4fbdac849fdfdeed4ef211c6fbe56f,2017-07-19 00:00:00+00:00,301,middle,3
109244a0c7e7e4c75155de9db49a4143ed2dcb8568f38c06e851f1dbb5cde300,2017-05-17 00:00:00+00:00,238,early,3
6a9df1d4d994d5b2c2151635494bd38aef85168b325d9327c54e076c4fb9971b,2017-10-25 00:00:00+00:00,399,late,3
6ef1184581f95aae5857e575d9bad3f7ab1113405f1a5774e7b9e76dc67e9d4e,2017-11-22 00:00:00+00:00,427,late,3
ca393443a0a1ab3367ae3ff15e8e09b801082b50c562b14da475d9967e3c64d6,2017-09-20 00:00:00+00:00,364,middle,3
3a5e3e9292e930be65623eb9bb3526565df7dfe0e7b2eb6cd1607a63b35d713e,2017-11-22 00:00:00+00:00,427,late,3
71f5dcd75c7ece410730f2eeeedc83837eb48a15bdacf436a08c03ec61957335,2017-06-21 00:00:00+00:00,273,early,3
08470e16a099232779527e14e2a04d5bee53b5238729a0b69e3e992605b8faa4,2017-08-09 00:00:00+00:00,322,middle,3
398af0167454cd6d32b8091f5a8ef4eaaff2387f08ed754db81ef9049ee4c6f0,2017-05-31 00:00:00+00:00,252,early,3
d70e84ed45e1d79d2994c33f1241e501f4d6ce7999d3282a82d778532c44800f,2017-07-05 00:00:00+00:00,287,early,3
6af6ba14a90c696834faa90b3947c07198830217925cd3a96295a3a229d31de4,2017-09-06 00:00:00+00:00,350,middle,3
587e3b570e7f1745386230ef85961446d712e5a6e67e2ba606252d6065de1b7c,2018-01-31 00:00:00+00:00,497,late,3
7717cd5bc13037a1a16933767d556eb017106ceefae30d55fc01442ce5a8e689,2017-06-14 00:00:00+00:00,266,early,3
59d84b7fea55c214024beb2a85fd47a0182440297014283c0241ec09ea16bdd0,2018-01-24 00:00:00+00:00,490,late,3
6ed68347d6a1e7eea9896487dc0135d90e56d4a1b2d183b51f802395d2c5beda,2017-06-28 00:00:00+00:00,280,early,3
38c7f9f7f1385c44a1e9a9a9e97986d88490cda912fe79fd872d49a150c61195,2017-05-31 00:00:00+00:00,252,early,3
63ab7fcd3fa8ac0c9a1eae2880c8eeb29175eb421691850661df14179b18a155,2017-05-17 00:00:00+00:00,238,early,3
e2eab417f0d03ff89eaf1c8933fe981e0bb40072d431405e74fc33b9cf9c2d18,2017-05-17 00:00:00+00:00,238,early,3
67685458c767377ca7d6eadcebe88dad39ae269e32665bf3f56fbad22e62ac50,2017-11-01 00:00:00+00:00,406,late,3
ff2d09f64a72b8323ff5042d2a0276b7f03166dfc4bd751ac7d1d261bf128e96,2017-05-31 00:00:00+00:00,252,early,3
157a8df6682b8a2b762eec5e447bd6e1c931d8150aac79c6d12d0411126e7a9c,2017-10-11 00:00:00+00:00,385,late,3
2f9c4f092fc3e9a81317e8d98c7a61be30f15ae81a5b0a60a20117de764804b9,2017-06-21 00:00:00+00:00,273,early,3
c878ee363b36f3be8bf290c7581f4b3bd952c4f54d62dedd9e89e72299d5ae03,2017-07-05 00:00:00+00:00,287,early,3
e4e1891a050b7654f84ed735684805779047ee5dafe727f9f714ccbd2aa19e1d,2017-06-21 00:00:00+00:00,273,early,3
12eb9ae8a45dc2edcb273fef8f7041f6ebbb2d187e1ce9506ea8cb77edd451aa,2017-10-04 00:00:00+00:00,378,middle,3
3977ed93063d0bbda5183cf87fef697d22d82fda8271136b6aeb5052dbc0a45c,2017-11-22 00:00:00+00:00,427,late,3
c85af1ffed23ebcd8b9921ad5d9393ed446a21085c93434f0df52fd9fe471af7,2017-07-26 00:00:00+00:00,308,middle,3
37b4d807d7f870624beb4e6d09e64c0c830a1e8c6fece23aff2080a2825ec349,2017-07-26 00:00:00+00:00,308,middle,3
16c2895dfaa7ae706e029a03a9b5816eeaa9eca964f9f3e080f7a1ac178ace67,2017-06-21 00:00:00+00:00,273,early,3
667edf96a1f82f211daf0335592e22fa3ded8389ad0387068dac24868a2bb362,2017-06-14 00:00:00+00:00,266,early,3
d1d2113bbaaa25c74bd6e7be31ddd972e6a95a9348bf276d966f9795adb74318,2017-08-02 00:00:00+00:00,315,middle,3
0a9252bbadf255291ee604b6cc551c7fef0806bd6ad6798b3113e651aca6b94e,2017-09-06 00:00:00+00:00,350,middle,3
05d8849a7646fdcbb0348ccf13fc9b948df5352c9f3ae7e5ec367dee82b7702e,2017-06-21 00:00:00+00:00,273,early,3
dce09fd4a5ca777823b0132fead500e76c7cc6e57fd447c68e0657a381622c33,2017-06-28 00:00:00+00:00,280,early,3
81a4e102914e4c63e1e121ef81bfc4d1904c484c3dd351b8c30e7575e71dd961,2017-11-22 00:00:00+00:00,427,late,3
a9423011f2605c9f9daa4875c9c43d86977f860c3db2dfb5694c7eaf8cd14111,2017-11-22 00:00:00+00:00,427,late,3
bc992fca0346038ac94fd96c603f2f3e3ffcf62c934d2997062a89d691a9d2dd,2017-08-02 00:00:00+00:00,315,middle,3
3552e841f8ca34a0bcd0b5b0409798d46edf4da036fd432a1eb46c14e48e26f6,2017-05-24 00:00:00+00:00,245,early,3
fcb3e6bd3045376a817cf914a2023cd28c57a4d37cb7afc693ad6ac182dbae70,2017-08-09 00:00:00+00:00,322,middle,3
47f59d3d49c5ad708ba7cd8fa0e54d4956eb252908d65e90bd564814980a5671,2017-10-04 00:00:00+00:00,378,middle,3
e2466b05fbd39454bf0bcc837a94b35728d401cec976e1af214bfb4379a30463,2017-10-25 00:00:00+00:00,399,late,3
2d168d2ed52ba68221f386ecea5e1282d82187985e34520096ef30168a9e54dd,2018-01-17 00:00:00+00:00,483,late,3
5e00683ee23b9c640988abd588379f815e24e51db97d60f42361c8b628f758c2,2017-09-13 00:00:00+00:00,357,middle,3
80b88fbdd7accd4ef088477234556c79d3acea374bfee49e621ddb03b7dd254e,2017-06-21 00:00:00+00:00,273,early,3
10d7e71a638ea2c63a0c9aaed211d6bd868e14c3c55cedf9f6d07433ad4d2c40,2017-06-14 00:00:00+00:00,266,early,3
29367a5f03353555eafa457996baa69cef19657c28b42a0efd55e3a880c83f9a,2017-08-09 00:00:00+00:00,322,middle,3
d55e0a8d8b76bd899961aaf2cea52858648142637f21c5994d411ecbcf6a7b77,2017-10-04 00:00:00+00:00,378,middle,3
e57c786c5624a71a3633abd40f39f5c06efdd790fc5f5f18d6e66a805e2185f8,2017-11-15 00:00:00+00:00,420,late,3
c3fdc1cb0706f33c9daa18a73f7782a8281e3183420955c7a81e6b2493bd1be7,2017-06-21 00:00:00+00:00,273,early,3
6cb7a5295484e463cc8841021e1b6d177f3adca4c85b2483880fd0e279c0ad52,2017-08-02 00:00:00+00:00,315,middle,3
468422235fc1c2076f17d024ba4c3e25f122cbed3641f566727ab1533c8a24b4,2017-05-24 00:00:00+00:00,245,early,3
3e28adc0f4da16cf1b5ebc7301f68fd66fd57bc151e0a100f91c8b97b55388db,2017-05-17 00:00:00+00:00,238,early,3
f4990454f498589819620eada1cacdb3f415bb0e21a202e91a3915d1ae678355,2017-12-13 00:00:00+00:00,448,late,3
f1c9154b5a8b4897cb12deb969e8aa5ae4a8d4618011c4c2b755ae951fa16625,2017-10-11 00:00:00+00:00,385,late,3
a46c93505ff17d0e7cd371d08d174022621e61a5c693d66d03ab59268cc0bd62,2017-10-04 00:00:00+00:00,378,middle,3
6716df4c9a9db55939c12d9b335038141fe0e438a3245449793434c240086e5e,2017-06-21 00:00:00+00:00,273,early,3
746a13e71d73071b02b1792579f64e71dc532afadd396bb2b82f55e2762c0ff3,2017-05-17 00:00:00+00:00,238,early,3
5d508667570370b253d929c41da5dbf43ea6296195b5d5989724f47c9ab5c0de,2017-08-02 00:00:00+00:00,315,middle,3
30f8b196a3f7398e8ed351199187b20a171ced069536b47ab90e877e22bdf6a9,2018-01-03 00:00:00+00:00,469,late,3
80169834c14842fff9ba7bdd33c018a8f4d3a0d812e0a81a625cf8503b1d6f5f,2017-06-14 00:00:00+00:00,266,early,3
8f9e3a732457cdaec97694b37b251a9bdd08be5471f38b7c1667cdc821b9841a,2017-05-17 00:00:00+00:00,238,early,3
19abdb94f689d1a79544cd5c333c9cf5103f8eee84a2c89de007df5989d2e12d,2017-11-15 00:00:00+00:00,420,late,3
193324e8f87e6ff2481dfa5a2d0cf0df26aee88917a989f7c7ade09283bf59af,2017-12-13 00:00:00+00:00,448,late,3
0e0cf06c234586c93c0c66700eda1880861889c402492c9e26d4a77583266da8,2017-05-31 00:00:00+00:00,252,early,3
328433ee09065c4c0a20f819169faecc8380b776250c5a05c6568eb4c1b1f7b7,2017-10-04 00:00:00+00:00,378,middle,3
450d7d0256445c6a29ecca1dd6fa086b7d826290d1f33ef218891700dca8463b,2017-12-27 00:00:00+00:00,462,late,3
f90e43a07b20139a92e7c92e92ac3344a08dbef5d6d351a87126c4d7bde267af,2017-09-27 00:00:00+00:00,371,middle,3
ca64ff7bcc6eef36e0471e86359d0a704400ad6cf551f3fcac54c516f106d634,2017-08-16 00:00:00+00:00,329,middle,3
caaa3633eb0a5dca38b4457082b990982ef59eec0101da3ff4e919348edbdc46,2017-11-01 00:00:00+00:00,406,late,3
99d9715c136406f31f7ac620b324e2db33ea944e573fb3023eb304838ffb831c,2017-07-26 00:00:00+00:00,308,middle,3
886795c14aea3ca7a3184b76605bc310124eb62a7d893cb9b9de772f16c4acca,2017-10-04 00:00:00+00:00,378,middle,3
ab7a805fd6a22bc2cf99582cd83371d459798dbd43f505787d7620d482707a90,2017-07-05 00:00:00+00:00,287,early,3
d599c246d608ebaf341f02955d8db9038f77d64d6c36b7945166f053f2873873,2017-10-11 00:00:00+00:00,385,late,3
567872de11ea4455e30466bcb749cc1062c9e96712ac655dcb5e03ffd72530e8,2017-11-08 00:00:00+00:00,413,late,3
d044145e73940962e3c6b9c882a0371d27777930c2b5d7f5409b5332e0fa9759,2017-06-14 00:00:00+00:00,266,early,3
51026bdb500c0f8f6298cc736d024845290004620bbeddfca6e3e582802855fd,2017-05-17 00:00:00+00:00,238,early,3
2e4097ae520a05151288431ca2e0542587966a4f4c81e99b341fef0f2e5399e9,2017-06-28 00:00:00+00:00,280,early,3
d051d2371fab152b489cf555281e1cc2150d1fc315c7082fa6ae3a0d0d312f69,2017-11-01 00:00:00+00:00,406,late,3
d2000c7c4fa7b26e93024147320013de311c1910d3d1de3038e87cece8f495a3,2017-09-13 00:00:00+00:00,357,middle,3
cd576d985e1e72d43a7a4f7d665f9050528385e504182a5bd6c9e9e9824b5194,2017-11-22 00:00:00+00:00,427,late,3
51401ba0b89254f7470777824af778c365a6fd446368e55c285d7804dcd550ac,2017-12-27 00:00:00+00:00,462,late,3
3c981d253134223469105fbf119cc0210e33134553d265e05c8a13a2cad77b1b,2017-05-17 00:00:00+00:00,238,early,3
72c813bc01950fa3f1703f5ca1df634271121df045b786bc0101e03c0cb5a23f,2018-01-24 00:00:00+00:00,490,late,3
868b748b89b7d1431634c9c5d9bc4456a5447cf45669ed9d8609e53fa3258edc,2017-05-24 00:00:00+00:00,245,early,3
654b05a2580b489518973f758a9337cf0b1ec0d725c544141f2386c4b9d7a530,2017-09-20 00:00:00+00:00,364,middle,3
bdfe0d66014b2c611cd773d87906b124bc77a2734715386a5801f90e05b539ec,2017-09-20 00:00:00+00:00,364,middle,3
f15f3ac18163f305888895239e20eb027a1f6f94d89d4700d4e8e16d9798c926,2017-07-26 00:00:00+00:00,308,middle,3
7313a631835765218431d1ec5fa283f16064eb975c61f4d212613384bcb1cc17,2017-07-26 00:00:00+00:00,308,middle,3
215af93433150a3227a87ec3fe561b5a5c272dfdd67e1c2c33d2a06ba4ee1f49,2017-09-06 00:00:00+00:00,350,middle,3
d01d9725121ba84265cb64bb4ddd499abcdfd8302aa8309f721821fdaee67313,2017-06-14 00:00:00+00:00,266,early,3
2ac90556053499456650bd5f88d9271776c15c9810960eb29bebb38aa077d21c,2017-10-11 00:00:00+00:00,385,late,3
777ada2e7a57a48c5fc14585886508360948d29e9ff3d9ce55e03efc787001ef,2017-08-02 00:00:00+00:00,315,middle,3
4b81b62c52bf2e73877849e3cb8d3394ba0956132b34b4297e73c689498c0fab,2017-06-07 00:00:00+00:00,259,early,3
dabbd784386cb93599d1a055fe400d9fa5ddabf268d9ed84dcc1a811a4f1a07b,2017-05-31 00:00:00+00:00,252,early,3
c15e2015d651920e1abc74fa9af07f165c88f45b45d2be3d50f27c04de4b51d0,2017-11-29 00:00:00+00:00,434,late,3
cd4cacad1e6a02ec6ffcf2c9f727c80fce77336980da59060e257b64092be313,2017-06-14 00:00:00+00:00,266,early,3
08899d86f8534ad3102f51f5077a0c87af587681aeaae8b9473280e418edc760,2017-09-20 00:00:00+00:00,364,middle,3
7c2455d41056a1d8e73f0b9ab721fa4f2175fe3991c8fd255abe707a8e70b8f2,2017-09-13 00:00:00+00:00,357,middle,3
26941c8fa3c727d59acb66d0dd1abcd50a52c99c6ef6b4c7ff154e9480d7b571,2017-08-09 00:00:00+00:00,322,middle,3
1c7085f7ea9c92a4a546ad094f06d835299447a9d92ae7331c9abb2e8047e32b,2017-06-07 00:00:00+00:00,259,early,3
acb081f2c12a0672d5eef50ab886693de6b7ca013a5913bbe2007a87c536e643,2017-10-04 00:00:00+00:00,378,middle,3
77b517dc3a1cf60541e81fb3200ffa3ac91c252a0a2a77d8b9fcc285c5ffa0d3,2017-06-21 00:00:00+00:00,273,early,3
7a829593c126fd388be5a1f725cc0bfe8dac07f70053d4f411f162e8d32ad6ae,2017-08-16 00:00:00+00:00,329,middle,3
dfd06f8c0cd739ad4fb3b122d6958e414101cb4b43de712afd2af2977888c73a,2017-10-25 00:00:00+00:00,399,late,3
7e8aaa505219cf07248fb30fc3eb83f1a36a4a6eeb790ba412730b9abb8aabb9,2017-11-01 00:00:00+00:00,406,late,3
bb7165687849dfaebd532dba483d2c6d4f46520e0816b840a60aa677eb294347,2017-05-24 00:00:00+00:00,245,early,3
799282ce9641d04c0689824ecbb0150c5003befd73d0e8485061f3fe8f87294f,2017-06-14 00:00:00+00:00,266,early,3
8e4dda778331989ef199b03657459684e3ad184a23a7a7573f1cbd16d5e27c04,2017-06-14 00:00:00+00:00,266,early,3
cc2bbdf12b16825fd982282500a2e629315d7b2534010de83aea9d296314cd5c,2017-08-09 00:00:00+00:00,322,middle,3
4bf1e87b040c52340e13b02e837f3199669f635698c6df8dc0f9fcb45cdf01d7,2017-11-22 00:00:00+00:00,427,late,3
2e6862de07848de46bd0f32f87cdd80362b443840228e4ebd3efb4cfe8b17df6,2017-09-20 00:00:00+00:00,364,middle,3
dadd7022a5c148db851d090cfb3c73ac4ef12287161fd3d6bfaad4e6977752ae,2017-08-09 00:00:00+00:00,322,middle,3
3e27dbbdcad187c838413baa6b29fce5713e3a077b017e81b5feb9299e5a0879,2017-09-13 00:00:00+00:00,357,middle,3
bc9ff127559ff37f6d9c58e1c0849116e209223e39a277b2065039fbabd4d409,2017-11-01 00:00:00+00:00,406,late,3
6443e74b9750b320bdb688b7a99a52aee17acabb3ae4030c91307d5f95b284f3,2017-08-02 00:00:00+00:00,315,middle,3
a887758a3373ac21af26bef6a300c2752d3da18a79bd0191df7a7b69fa5369b5,2017-09-20 00:00:00+00:00,364,middle,3
f76de466be7156bbf27e8891b290a1681f220ba42cda1fcf51efed15528b2abe,2017-09-13 00:00:00+00:00,357,middle,3
8d1d8e318677b46f320d1e4184f1d70ca0e4fb03b2a7ae6f0a97010f6e476144,2017-10-18 00:00:00+00:00,392,late,3
90c7fdffe0cd1397aad94bf4bbc4b73b894ef1f59b121421645701e79f99f08c,2017-09-06 00:00:00+00:00,350,middle,3
dce71307cf492c241d5fe5b35679b3c36e4492316a58c4ddf2b3e1252b9d966e,2017-08-02 00:00:00+00:00,315,middle,3
da2488de46a6f73ae3071afb152aec962b82611b32dd084f01f81233ccb47d06,2018-01-24 00:00:00+00:00,490,late,3
4d2a9dd25fe3e0c76737b3a0da89687e018fb625d91af7b430d0f8585176b4b8,2017-08-16 00:00:00+00:00,329,middle,3
565ca8fb11eecccfa1291fa8b25f650a972d161ac7b93d363958f134034da7aa,2018-01-31 00:00:00+00:00,497,late,3
7cc751a9dec0c2819acc8b6f19880b8dbfc8506bd9b492ae923f388acab7a0d1,2017-05-31 00:00:00+00:00,252,early,3
321a5749159f84e77c2852323f652a7e5909cec673ed530fd0cbc8e95e7797c8,2017-08-02 00:00:00+00:00,315,middle,3
ab6cacf57d17e919e9bdb1cbae5d4ea5953fa20dd192a50bf1fa1264014c5558,2017-05-31 00:00:00+00:00,252,early,3
29a012e2ed5a86e70d05a2831e1940841a2b6e0580184204f34e302e3b1223e4,2017-07-12 00:00:00+00:00,294,middle,3
48812d37919c57d8f0cc7a489b9f5f71a629f5a216e0f01867911e57c8085c9f,2018-01-10 00:00:00+00:00,476,late,3
4dd256a48a189cbaab160f1450f665ddee5711854bd74a97a6cec2973f4da13c,2017-08-09 00:00:00+00:00,322,middle,3
e3466ab9ade5b8f717e3c998861893b777df932ca41b8bc10b6a6dfa10bb7ec8,2017-09-27 00:00:00+00:00,371,middle,3
c08b1f7690dd3672db84fd0da8d75df63a699bfe3b8d238adc0da2fafd984be5,2017-09-27 00:00:00+00:00,371,middle,3
1b4f27912e0a938d006e07bda8f7f56c8847b3bfe9e80c79d7fc905702e68315,2017-06-28 00:00:00+00:00,280,early,3
eead58965899a08b83556ff2f9552d33e957de49d13a620d34d01836dfd24ce6,2017-09-20 00:00:00+00:00,364,middle,3
68dcce1ee20d3ff3bf51809458da4697e44a2b3af55b6e6310895d8aa29240f5,2017-11-15 00:00:00+00:00,420,late,3
2a847b03338cbb7308a0d639bacc26826d39365e9ee771768485bcee470a9ab8,2017-08-23 00:00:00+00:00,336,middle,3
7e4aed8416424bc740ecc26086e10595bb192f635bee87badac58065229066fe,2017-11-01 00:00:00+00:00,406,late,3
92a209d9fdcbfdabf74d2f3407c3cbeea23d73eb66600df484845c501c4b62fa,2017-07-26 00:00:00+00:00,308,middle,3
811558f3cbb00ee2050afb083761680c95c1f6ee61b8352c51b982a1c6dab46b,2017-11-01 00:00:00+00:00,406,late,3
a9ac990b5e7e3e9f06b365337744655802a28feee21ee33bc081e0123db204a9,2017-06-14 00:00:00+00:00,266,early,3
d817e90ecfb239c254ec9ee292b2e8b2afb719f22f2399f0a9fe5aac934ead49,2017-11-01 00:00:00+00:00,406,late,3
f7b4cb1a75968fc6de7e082a757c1c800c8056980037096a7cfca2d099cba5cd,2018-01-24 00:00:00+00:00,490,late,3
f29b78cb63ccdd05176c19dad64d951d38425d7f88b4bcd351665977a5def4a0,2017-06-14 00:00:00+00:00,266,early,3
fe6d479ea14f81ca6e9a00c352ca257e03008f9da74ae4026742029cc6574711,2017-11-01 00:00:00+00:00,406,late,3
6b028426f5bdd2ecb3f150aaa9b8dd2b37d10f3125882477237aab6ad7d78361,2017-08-16 00:00:00+00:00,329,middle,3
d78ba0668f0525ea84a47d67844b3258544253ea4ef7679ffee6bd57dff9dd9b,2017-10-25 00:00:00+00:00,399,late,3
49741120cc7566866b4cf149f911cae7bab79c10965bfdc8bc806c7fec478e74,2017-05-17 00:00:00+00:00,238,early,3
168c14091c9053766bd1da9fa47d69854fa71eae3d3ba68bff75eeedde0bdcc1,2017-07-19 00:00:00+00:00,301,middle,3
d5da4f70198204ceb6bc488196eee95446419978485aaf1342d735cf5309c539,2017-06-21 00:00:00+00:00,273,early,3
b71f7fc37d428c4658a190e78d26530ea8cabaa7db2e3006a1905d6b71436891,2017-11-29 00:00:00+00:00,434,late,3
2d3377d6a9820e1f8b5a1838534e941dc4ebe56527f90798bf556dd8289ec184,2017-12-27 00:00:00+00:00,462,late,3
c40328adcadfff929c1007547c7a0f3dd16943344e533c6f2ba22a56eafa6207,2017-07-26 00:00:00+00:00,308,middle,3
6579618730cd94d4a3451dada3bf7ef960b71677e1e16dc4e4f6ae826fc37d43,2017-06-07 00:00:00+00:00,259,early,3
5fe97be06c9979c6b5f7d34d2b92affd55fc5969ea8663f1b24785a1485746fd,2017-08-09 00:00:00+00:00,322,middle,3
d61a5597539f2e11aacc7b6920c6d19ac77b0671b2efa1602a0327a24c8dafe2,2017-07-26 00:00:00+00:00,308,middle,3
ebe2a989d01291e37fd4159b3e51d16caf26c4462854368e56f57e23ce58782e,2017-08-02 00:00:00+00:00,315,middle,3
021335fd83538b16ff70eb0c87b61cca66ed20a0adef5273470121e2557ed3d2,2017-07-05 00:00:00+00:00,287,early,6
2402dc1c1b9e17e08271980afc39efd29d755aa9e961d151cf8075bb25d1cd4b,2017-05-24 00:00:00+00:00,245,early,3
64ccbeb7a91be96d47e6ab72ca6e89791276702556c2d83eea5487042a6f808e,2017-05-17 00:00:00+00:00,238,early,3
9e72072e89c30a4376e23a1850eba2788a12ee9482902caf6334bf654dce4fb5,2017-08-09 00:00:00+00:00,322,middle,3
aa55e5a4c57533f4a1071cd941d466edd5df7a500df935fbe3f9cf037f5c5afb,2017-08-16 00:00:00+00:00,329,middle,3
f5ec174864b1dc2a13c6c8a7e461980592a6342ffe6714b63bfc3ccb4a05c2b5,2017-08-09 00:00:00+00:00,322,middle,3
3d9dd2b26891022aff89793f4bd8fe22283c9d2b9248a54fe9528858ee6e2198,2018-01-03 00:00:00+00:00,469,late,3
532106d290af18fe6b5fbb5c796a265ebd82bb5009dc96e83dd776a20c4dfc76,2017-11-29 00:00:00+00:00,434,late,3
7ed0e99619835f15659478ef52989b06d3b82f698215515234e40ee191dd39d1,2017-05-31 00:00:00+00:00,252,early,3
841cbd184b0db19a99d2213b534f2aba9f2ce07663a48f30c7fcb91239941974,2017-07-26 00:00:00+00:00,308,middle,3
541410b1a5086bfd8dcdfe74e514118301073aef0ce8135937bc99141c933185,2017-09-13 00:00:00+00:00,357,middle,3
699dd6d63482264968fd73c2cf6690f5e896244c89abebf4ab92585d5a8f7148,2017-11-08 00:00:00+00:00,413,late,3
64298e9ca43aa543ae35d15e9ddd7270a0300850ee3e80d95c344eb57c593772,2017-10-04 00:00:00+00:00,378,middle,3
af94298f6df9ed85149de28afe42bf7e58f4ca3e943eae1e6be4676ce211f826,2017-10-18 00:00:00+00:00,392,late,3
d14261e872777c4b970e6f0db89363d61eaa66f0316047c89d0466c4c98c31ca,2017-08-16 00:00:00+00:00,329,middle,3
0b92b1ff861b4d7cab12d42bb8352b875f1c95903f9a16c55df1a1fcd157a866,2017-06-21 00:00:00+00:00,273,early,3
ad5d3fb6cdea5a9d92af5a52b566cbd6cfcbc3029e126e94dddeb9564a0fe399,2017-08-23 00:00:00+00:00,336,middle,3
ff8def93746a958b7a0454c3aea480e86de2bc590f4b80f284b21eac3fcd9d4d,2017-09-06 00:00:00+00:00,350,middle,3
9e75933b641cf59bd854d6506f73f99c3dafd7202c6cac56d76efa917b581e9d,2017-10-04 00:00:00+00:00,378,middle,3
289c481d64aba1a499f25142005395136045fa501d905fea157ada182b0f6ce8,2017-11-15 00:00:00+00:00,420,late,3
f3c584cf0c05f130936f8249c2b784d35934f8e9144d8033cc136c7f2061f0c3,2018-01-31 00:00:00+00:00,497,late,3
e3340b23e2419da9a66aa275516fcffe2cac2f6c9405f000b4d4be8701af00c3,2017-05-17 00:00:00+00:00,238,early,3
c75f8f30fbab17b4976b3f0bbe3ac6396b01f3866ef5670c2bef33ac8359fa61,2018-01-03 00:00:00+00:00,469,late,3
11105d604cd392d306dd8a48d12356b07e177b78c2406e26a5f0d8b0481f8944,2017-05-24 00:00:00+00:00,245,early,3
45487201ce805f1da4dabceb10757c22f0b0673fc6abb838e28cf64532020042,2018-01-31 00:00:00+00:00,497,late,3
e516d037ddb1e84a1f799efe3ab4690a67e05401460a8f136e32e6616ddfbe7f,2017-09-20 00:00:00+00:00,364,middle,3
4cd71075fdd894c939b4c5ac8e9184d16ecc77d0a2da87a28c28c5299e7c78db,2017-11-22 00:00:00+00:00,427,late,3
a1f92d528d042db467feb003b3608ec7be0495c4ceb7f5307bc6153f52482d3a,2017-09-27 00:00:00+00:00,371,middle,3
a20ab528ec957267c3621ea86886c997ac0f85c4fb99ab04d683e33e2790ef83,2017-11-15 00:00:00+00:00,420,late,3
83e503a5e7c6580f43d6ce0462844e15a4448a459d18d7ab952a89a141f4fb8e,2018-01-03 00:00:00+00:00,469,late,3
ec84cf9172b111d0bd5325700b66736c037b513ad61f30d688073d50321cbdef,2017-10-11 00:00:00+00:00,385,late,3
89d76615b12d6d30ba07128c51e199375c59ffa3880603cad13030a3f9357530,2017-05-24 00:00:00+00:00,245,early,3
333e40bdd26f7cd0c10a7ceaa87647731f4010ee75bdf0f666f7975812935406,2017-09-27 00:00:00+00:00,371,middle,3
c99e2570361891de9a627667a05c6824f198148d1f2737b5f02b31fabe2ee335,2017-11-15 00:00:00+00:00,420,late,3
f0dcf58403e5ac1332b13a7fea1764f6d4cd6662f469ce31747d387e9ccea749,2017-07-26 00:00:00+00:00,308,middle,3
261a9c08ef89fe411f70fda09d1dd0f7e7f35c81c60a4d9c3b101a79df625b52,2017-11-29 00:00:00+00:00,434,late,3
7802d3195107ee393a3b54025d8c07d992242e7056b67abfe3ad2b760329d5c1,2017-05-17 00:00:00+00:00,238,early,3
d37e2ef074c97d4db2a395c3bf9ca3e9472cac779bd89d7157a0492dba6cbc5c,2017-11-08 00:00:00+00:00,413,late,3
2a7fcc443440115f6efbf0df0ed4069ba5814375118648c0df49486d138195dc,2017-12-20 00:00:00+00:00,455,late,3
4f54f9019fea9955ab9015bf4e1ab09b1b7cacae5b8c988bcef5feffcda4384b,2017-10-11 00:00:00+00:00,385,late,3
c03d712cd9b9a878e178b35547f448139a77feaa0856a5a5f400cd0cc77e4a45,2017-06-07 00:00:00+00:00,259,early,3
17c1f58a02494686862a5e1b3820ba62a4691284385bc1c8031681e34697ef1d,2017-06-28 00:00:00+00:00,280,early,3
79eae29e0db9848589ea305a6b224753c0d6553e289ddc793e20b03ade5375f1,2017-11-15 00:00:00+00:00,420,late,3
6be8c6a0c3a58058d4b9e234df5af68741a98d368ea7039bc321e4d5997dbeee,2017-08-16 00:00:00+00:00,329,middle,3
0c16ac75a0539ccd93e2e0d4435c4e39af714a83ab39d44bd7088b1ad202bb5d,2017-11-29 00:00:00+00:00,434,late,3
3b757c608647b706ba048fcf88c7a3580b8be1e18347f4f82ac772df7be1013b,2017-10-25 00:00:00+00:00,399,late,3
15eef134000271d7eb9361f8de4ff7de007a63ab4dbd73b2664c0e18632592ca,2017-07-05 00:00:00+00:00,287,early,3
41bc6691ae98b8290f9b4486cdc0c89c9aa6901fbf0e685b080d0ed72116df6c,2017-07-26 00:00:00+00:00,308,middle,3
d15e7217161347a0388378f6a588ebcaa3f0b76ceb33a3c0976c849fc174293f,2017-09-13 00:00:00+00:00,357,middle,3
3efa2b7e8e9bd2723dc539fc3cd24824ff0a1c51aa58b281a6e9c12b04decc39,2017-06-21 00:00:00+00:00,273,early,3
3e145aa0d350fdd5091e0252888ce15d9f6f74a0da7b9fb9fcc1b646c4e44526,2017-10-25 00:00:00+00:00,399,late,3
03bf25e3af739af2493c90329ac12f85089730390e4abf382d23c01ef9657a5e,2017-07-05 00:00:00+00:00,287,early,3
02ef47b7a5378e2f1b14d02cb1c3d044be648bd719e66e1a27f987d6df862093,2017-12-27 00:00:00+00:00,462,late,3
ca928a6f59533045e5c03428277bfa06d2564f774d639bea0d207c361f18076d,2017-12-27 00:00:00+00:00,462,late,3
f3e90066b7d7d3a30d92f165a5ff65665b51e24732240c2fd077f622cf44a6f8,2017-08-16 00:00:00+00:00,329,middle,3
80659252d493e52c9f494e51255bf08c782a500ca1c57535f81dcc951d63a574,2017-11-22 00:00:00+00:00,427,late,3
f54550467069feab4367b82f4d914e47d68d7362b0ca53f28900cdc830076c2f,2017-12-20 00:00:00+00:00,455,late,3
336f11348efe94dd9b0d7c715e9890e5a50444880e386993936fb105a4b22166,2017-11-01 00:00:00+00:00,406,late,3
a0d49fc5c4ecbf5484cfa88c9f1a8586dea50e0316f4d474ac3e0a5a0aedd016,2017-05-31 00:00:00+00:00,252,early,3
88b38ee0254d93fc6d77041a4aa1b569f00cafaf1855b2a12962e87d5d4d4cef,2017-08-16 00:00:00+00:00,329,middle,3
c12f59e74133f77885fc18b96f26b6223c8a4fd2cf1089159479989cdfaa84c6,2017-10-18 00:00:00+00:00,392,late,3
0af875ef7a0e186db4ba581ed5fce68f1a2cce5330cf2e0adf0f8d85a181b38c,2017-05-24 00:00:00+00:00,245,early,3
1ae808da5e10c1f9b2fed8645ac26767df81a1825d05b42458cd9a99763e0425,2017-07-26 00:00:00+00:00,308,middle,3
9070c474ff12a323e5e6caef5b10a76b979c3f5a651fa10cda8e21c6c911b701,2017-08-02 00:00:00+00:00,315,middle,3
156d60d40021ebd438226105187f8361b31185c79fe9823dc919b48245f11818,2017-08-16 00:00:00+00:00,329,middle,3
137447abe0de5099477cf7f8b1cd8a262be313cde26f671d592d31d405024dc4,2017-07-26 00:00:00+00:00,308,middle,3
b58e0a23fdec37ff0549bf6356278ddb00be4ea8776acb1d6cb820e94b0fcff2,2017-10-04 00:00:00+00:00,378,middle,3
a08bb9b2f3d39a1a3c0505daa93717921333d58e7f079f083f58cd98feecf708,2017-11-22 00:00:00+00:00,427,late,3
ebbaa4e6338d2d9359d08b40d5fbdd5392613e10f4063e243934a503e5aaba60,2017-08-02 00:00:00+00:00,315,middle,3
3d3f782e19ee6e0f34ceb6d376e5bc2f21a60cce19699d57d8ebac79955ebb60,2017-10-04 00:00:00+00:00,378,middle,3
56a56923647374c568dcc9dd3025df5802426fcc99909d3c65be99a11c7284bd,2017-10-04 00:00:00+00:00,378,middle,3
dd938d32f2e9d2d3755848fb48dbd25054f26082438088bf9a1db80c5077c76f,2017-09-06 00:00:00+00:00,350,middle,3
7861fe8e94912d577dda0123c8d401b8ee4554c00ed8e96fdb64b63221965c5a,2018-01-10 00:00:00+00:00,476,late,3
03261b265f003a622e5d6ccf0fe44788c41f9f6bd2bc9eebd7a79bfa2035aec2,2017-08-02 00:00:00+00:00,315,middle,3
57fa672aadf583dc877abc4259284f34c8e466855ba05174bbcd8dc166816cc0,2017-12-27 00:00:00+00:00,462,late,3
c1fca4b33126463ce3ce96f2d57bea491c9007f5e292367223f683c1469a2f0d,2017-08-09 00:00:00+00:00,322,middle,3
2e49f5f95e92f3777e8543e43fc444c815aa936104ddb6a8ecaa08432e4f136c,2017-06-28 00:00:00+00:00,280,early,3
323bbfbf0342de64ef4c9a5de5aa6440928f70096fd55f9b02426110ecb9ca90,2017-11-22 00:00:00+00:00,427,late,3
bb9879ab0239a252fce0bf02dba5dd7fbf02d68e7bdff96d71a6f58f9279a2e9,2017-11-22 00:00:00+00:00,427,late,3
27d744af11b79942dde69794c55684c2b7f5ce3319f4afff16484df9ce9a7ecd,2017-11-01 00:00:00+00:00,406,late,3
8251e9a9df5ed2292dff48493e98cd6baa7de990b5b83b69cc0d021ac25bba56,2017-09-06 00:00:00+00:00,350,middle,3
e04489ce5c754be0a2c4490704a0b8d6d5cb75aeb3100d16282955426ef3a51e,2017-11-15 00:00:00+00:00,420,late,3
fbaa1a3ea4007e6ac82c8cc6a7d9be6dabaefde49beaeeb633985ce8c730618a,2017-11-29 00:00:00+00:00,434,late,3
e9cb9f9515fe753ef40c6d87e9bf02b8fd011f6f605ca41c98795cb4084be235,2018-01-24 00:00:00+00:00,490,late,3
cfa9292ae9672423be2c95e7774464afbed6017cbf04a30a2e03710b2d95f2e2,2017-08-09 00:00:00+00:00,322,middle,3
75cab0432273953299aa3055545fb9faa1cf4a7c6114f96ea185a425ee8c8b8c,2017-11-01 00:00:00+00:00,406,late,3
0680b1007c8ed6f1dddc07d76c3aca24e24c2b6eaee83fd8301c51b9ef8e3002,2017-08-16 00:00:00+00:00,329,middle,3
08a6b161cb5c3ef2dce4717023530efe55b2755d1ee4ada270c08b83339971ae,2017-08-23 00:00:00+00:00,336,middle,3
e795c84fea2ba5afb938000c635a4822f71b48e6ca773bd3a0e6e1b99258eb3a,2017-08-09 00:00:00+00:00,322,middle,3
af3a8a5a90567804e59162b778e0ed76c51e25c535d448c9b43c68ca0b95fdd4,2017-06-28 00:00:00+00:00,280,early,3
0c0995d43d0693201413e6d08f984cf4df1970a0aa47f7e0c382c265bc8621b0,2017-12-27 00:00:00+00:00,462,late,3
b6ab8ba18d54045dcac36620a44aedfecb50405f6552c4a4f2d3e98cfe2aae69,2017-05-24 00:00:00+00:00,245,early,3
6f0bac455feaf30b11dd7a251dffc59151f5979b08729f9c1f640532eaa6d691,2017-08-23 00:00:00+00:00,336,middle,3
42f41eabfeee1933a8f5bbf275e73e18994d50431028cbf941616c75d6099df4,2017-11-22 00:00:00+00:00,427,late,3
73aa64f4cb2cdc474a2bd6ba5a0ae07f11e00aaab0ac52347bb13efba1c19a04,2017-05-17 00:00:00+00:00,238,early,3
fb508f73448047274c850e58a6e87f42bc437d6cebb9d303d7b8b693448814b9,2017-06-14 00:00:00+00:00,266,early,3
1979ef76fd0068ad288e22d0b26ef212bb0c7f4dc50052f918ca5aa79ec1a842,2017-08-16 00:00:00+00:00,329,middle,3
283741cd53b580a082e2e33262acc96e814e16c96e309a735a09bb97c60c703b,2017-09-13 00:00:00+00:00,357,middle,3
8f3dbd318ec6be74d2295b2879a62461194e6a60d9a54646546337fc3fd3b7b4,2017-07-05 00:00:00+00:00,287,early,5
204230684dd3b7fe01ade42c39197375d95f577ab2f75317b4e0b6c3be9d8e1c,2017-06-07 00:00:00+00:00,259,early,3
26094399535485cf0a35eecc208185e6663958916856418b91123897adb518b9,2017-08-09 00:00:00+00:00,322,middle,3
7142ad3faa35898cd00e31c21112fb45175dc869267b4968d0a2f4764b149f72,2017-07-05 00:00:00+00:00,287,early,3
b17eb31769345c3e4e7e668bc7aed3bf88baed571a440389c6dce315ac2c470b,2018-01-03 00:00:00+00:00,469,late,3
3d9f7f3bbe254b3ee4787d61b7835e08b816c8bde7651ff1d21e6e9f16ddb987,2017-05-17 00:00:00+00:00,238,early,3
71e413f2622f1a6aebfa459a25bb3e21cb2aa0613e4a90f89b4a32b29874a8cf,2018-01-10 00:00:00+00:00,476,late,3
6c5ee75af3c0532a8648ddd9822983baf26792a3a8576cecb98742a558043857,2017-12-06 00:00:00+00:00,441,late,3
ce06ad38d465d4293f8b8a101b3c1fd5922bb0e2698c051006eba3f6ca76b83a,2017-12-06 00:00:00+00:00,441,late,3
bbb9752b1fde88756d3bd9152e4ab26ac9256c81a7008f4855e7e20ab5c6a1a4,2018-01-03 00:00:00+00:00,469,late,3
eee011aede49a1eff9644afbcbe5e66fefb631a53b9413523bc9927d5a33431f,2017-08-16 00:00:00+00:00,329,middle,3
43b36bc2d563046340478f379db95901109b80e5efeae8b4392bd513a5642f31,2017-09-27 00:00:00+00:00,371,middle,3
1d7b305edde17754b8ad5e8483ea7f15b98fd56e19df3be95edb284060089969,2017-05-31 00:00:00+00:00,252,early,3
31533cbf6eea60556a9391c35e608787f330d28d8d1a1a77ec19a89a71159f5f,2017-12-06 00:00:00+00:00,441,late,3
2fadc2db0ddfc4c941ad8849f68e961daaa955c6991fa8daf6ec530e091bb5ba,2017-10-25 00:00:00+00:00,399,late,3
e39062bc8226a6ebf36e3ea4f7572e429493b30c5949734bb5c13c716a6dce55,2017-08-16 00:00:00+00:00,329,middle,3
fc245bae2d32380a3acd94fdf3853403f032042a3c3054ca5ee14012687c8a39,2017-06-28 00:00:00+00:00,280,early,3
c4b183f1572f0f8d024b3df9459f1236a510c5471f6d13e0a18c1e556ae3e845,2017-05-24 00:00:00+00:00,245,early,3
1f820e9e48343e16d592573bcd87bccf303d861735bdc20e2ea9d96bf85bbdda,2017-06-28 00:00:00+00:00,280,early,3
70b56626fb8536c65b96860341e75cafdf77016962719f099ab48859037d5be4,2017-12-20 00:00:00+00:00,455,late,3
9411df819aa80e254d4eb4ec9aa11bfe92c5f01cce89b5e7422e5b9a7254225e,2018-01-03 00:00:00+00:00,469,late,3
067280004f9eb7a68048eeca0024227139a96644233dab747a9324197146ec99,2017-08-02 00:00:00+00:00,315,middle,3
3cddb8ca6e41d2e941da714b3fcdb623b371aea23de0592cfe0e1e61311f4dc3,2017-06-14 00:00:00+00:00,266,early,3
15c26856e64537e122e72aca34b762728b79f56c142aa1776db32e2ad224be28,2017-11-01 00:00:00+00:00,406,late,3
0ac86b3afd6b2e4f4919e2f87d37576736851651001e342d1da13ac3fdd54c44,2017-05-31 00:00:00+00:00,252,early,3
2362dcbdb2a775396fb0e2bb68efaf75bbeb974d70fba4bd5c5817b6e3b08f7a,2017-10-25 00:00:00+00:00,399,late,3
d972b97a67756345fa03efe0129b9cca1ec0220416e4739d33b3b62672862992,2017-10-18 00:00:00+00:00,392,late,3
6b821d3dfaa65309df12646199a2fb0d8c6ff673a0b735aed9264917ce8be950,2017-11-08 00:00:00+00:00,413,late,3
f051dd603c0b3c734d43ba42a9232b2b1a27d7cc898d4cc55ffef02f787faec9,2017-11-08 00:00:00+00:00,413,late,3
8d475892928613559b26e65c47e2bd35b5ac4f6204b6010d3a80ff5cbf5e0a49,2018-01-31 00:00:00+00:00,497,late,3
70c5871e6e19b838d930aff486c661ca670747850c9c0e8fc89a13fb6a98a3ce,2017-07-05 00:00:00+00:00,287,early,3
9e9cefd7c8873c1245436dee9540b39646d5841095807ee50899c05f1e4c1377,2017-06-07 00:00:00+00:00,259,early,3
ceec4b345c1480e52b53c77d6e8c9c1e2b16a3bf0e6b3a1502613012a4049d9a,2017-10-25 00:00:00+00:00,399,late,3
d1c06eb0e7d1770d16c0b6551931fd3b37764951196dcb09a2f338418862d54a,2017-05-31 00:00:00+00:00,252,early,3
9024a88f64a352cf81262d6f1419d5258b4aaa844f95e71e345b99f1f12afd38,2017-11-08 00:00:00+00:00,413,late,3
42e4775f0f98d2a41a5ef10293e078b4f6d43b614d930bddc2aca4e7320c5180,2017-05-17 00:00:00+00:00,238,early,3
8051a97312a98259870ba9a6b6eaeb5f212b99902a86be3832ec1a42a6120c98,2017-11-22 00:00:00+00:00,427,late,3
1a513c8777ef0b96b9d1074dd39a1b97fcfdf7520c9dcda73d2c3729244312f7,2017-10-18 00:00:00+00:00,392,late,3
7087ab02482e4e2357f6f3327c7e969c1008d22e114ce3254fbe025dad6d5611,2017-06-28 00:00:00+00:00,280,early,3
1ab406111a77f2bc6e309d36af2044db42f23d640a9555e2552e69ef27b19b38,2017-10-11 00:00:00+00:00,385,late,3
780d8b21e4da1e6631cb98964e03fdbc317747f0098b2a1cccd49fa2dcee796d,2017-10-11 00:00:00+00:00,385,late,3
911e1e5cbb46a65fb4f8c7142feab103ca82135e80afbdb61f915fd567436ef3,2017-08-16 00:00:00+00:00,329,middle,3
ebcbc7b4051eaee60f66811c53dacfdb97caaa9862433297ffeaabf79a22009d,2017-11-15 00:00:00+00:00,420,late,3
671d11a753a8fe77584c98642c91839782d58d0b0e9b3db82dff4411f0f26eb4,2017-10-25 00:00:00+00:00,399,late,3
bd10ad8b303cca596b50f0cdf46b4418531994becd8482b2ea02736b2a02aaa5,2017-10-04 00:00:00+00:00,378,middle,3
ec2744a4ac60e40dd618f13c16e93e11d1b606a7715c4e5915e525afa66ad4fe,2017-08-02 00:00:00+00:00,315,middle,3
49ce5cebfe1a7eddf3e2aa25dcd6f8307877b9c3f8787480418c84241e8db4c9,2018-01-03 00:00:00+00:00,469,late,3
a7ed9cc4a1af431576c0f14f3eeda7dc2970d8eed42dc3151ea045dde4bc6fa1,2017-11-22 00:00:00+00:00,427,late,3
7b6c19673fd195f9287380ec63267b10d5faab8fa8b7a5ebae6b3e4bcbc96196,2017-11-15 00:00:00+00:00,420,late,3
3e6527c3dbbe913b1462dec4afce93330a044b7ad14cc9a4a7a7c5d785967c95,2017-05-24 00:00:00+00:00,245,early,3
475044efa0baf5ef64bf9dbf967e98f60dd65c72c272083b0ddce2fefe18b96f,2017-05-31 00:00:00+00:00,252,early,3
fc7e34e21af0e4e8407e0667ff8d47017453992e51df644bb7125238363b098a,2017-06-28 00:00:00+00:00,280,early,3
47e686cf23dfddb470e8a563ca6b7928bdbd092c1e05966f143fbcccbff3634b,2017-08-16 00:00:00+00:00,329,middle,3
266e328c422498cc0c739c8fc5c9a3632da21515fe3d885ccdb40e9bb54f7ff3,2017-08-02 00:00:00+00:00,315,middle,3
d80d7ec49185b14c6ed4e05fb153b11ceaec51a8fb063af1f48461c74199033e,2017-09-06 00:00:00+00:00,350,middle,3
43c44ecd2ffb97416054f32d9570b421b483f70e5fba13feb22269d412bfa845,2017-11-01 00:00:00+00:00,406,late,3
67efd1df4471689ec855fd95f5b98091399a2b13525987efb15f1a2b95464542,2017-10-04 00:00:00+00:00,378,middle,3
793025b8da66bb70d42c4be4dd0da8099d1789e334b12ee2b9b6b7639ff0ab6c,2017-06-28 00:00:00+00:00,280,early,3
ac8fd6a6ec1b3bb39a1a1ba431b2631d2e7d60a44f93e735b99002b4ceba256b,2018-01-03 00:00:00+00:00,469,late,3
b4479bf4470e7835b8219bc0e2bdc6e102aef259dd366785dd11264a4b79cf58,2017-11-15 00:00:00+00:00,420,late,3
ef01b2da1d4c979f7a28df69c84b16607e5b95df00102c524603179ff4ed10da,2017-08-02 00:00:00+00:00,315,middle,3
df2bb25105d1f8caf93beb359cbccd4aa75c81ba36d39d1f1482cb9e670c9bf8,2017-07-05 00:00:00+00:00,287,early,3
c2e1a9250588b31bc7370a6144a8645f6ddf90a0b5bd9a574a718ce0e71c4497,2017-11-15 00:00:00+00:00,420,late,3
63f78dfaf654d5830ae6c39ce8466651eef21fd5ec57c666efc4a16be90d56e3,2017-07-19 00:00:00+00:00,301,middle,3
fcc83345f9486bc73038e0bccb3f4f4e580d5bd40a565c9fbe92fc2de4746391,2017-07-05 00:00:00+00:00,287,early,3
06f22cbf493d0e47eba7d92c7c0fdb81ffcd8029f5a115bc3d19af728ffcdcdd,2017-06-28 00:00:00+00:00,280,early,3
2999988113748f923ea4892fd5b00f5319bbc1e8ed41998e25ac26fe748f3c66,2018-01-24 00:00:00+00:00,490,late,3
6f3fe7d216d9577daab6a7da6b956e5e76710ed56fb21bc9bb8d8cfbfa22fdf7,2017-12-27 00:00:00+00:00,462,late,3
883d7460e16b5923640732808b7fabf3fded8ffc52f6a77ba27cade351de58ef,2017-11-01 00:00:00+00:00,406,late,3
c74231068ed01f08bde8d25cc27a8046e2a8f8f473e28539ee1a1c318e1bd7ce,2017-07-05 00:00:00+00:00,287,early,3
f0084615a699183c2023bfeee61a58ff5a24f4baae58154f5da30308563bb9d6,2017-06-14 00:00:00+00:00,266,early,3
b5d4a5ceaced8ed0e69f875f4ceb86c903cf3f43a63b1968689f12a3b8be26c8,2017-11-15 00:00:00+00:00,420,late,3
dc12a4bfe9392cdebabca202647ae71d31ffe4973c24d948e2a165a3139dd294,2017-08-23 00:00:00+00:00,336,middle,3
75ed026b7a5587e5a482c09a14dc087cce25ba548be2255ce9902e387ebbecae,2017-09-06 00:00:00+00:00,350,middle,3
b3abe69611405ca9072fcb06583c9bd2580beecdc4a8e4a86aed89fb786c1374,2017-09-06 00:00:00+00:00,350,middle,3
bbce6f87761ae4788cbbd2765819029927bec1f4b14ee965f47e0198239802f6,2017-06-28 00:00:00+00:00,280,early,3
1c3f0f17dc79ba4e18d03a2d21279c044c87befe873180044f39d09d00fe6714,2017-08-23 00:00:00+00:00,336,middle,3
9c827510d3c27e694e80b2a61b1772752d8fe72a648df5ec2cba27b5429ccbb1,2017-06-07 00:00:00+00:00,259,early,3
93b69a0166f3be6b7ec889583b928ff178a721227ce68b5c27fe5fff42cf9aea,2017-10-11 00:00:00+00:00,385,late,3
690840aacbfe45579ce11ecc95e5bed918b887ba1dbbb76a42e2073643c4f7ff,2017-06-21 00:00:00+00:00,273,early,3
4368767edae8599cc2bf05aac6e0af0f1283102eaa5b74d7affc2eb28d29543c,2018-01-31 00:00:00+00:00,497,late,3
1aae9d33e6ab1f6d600aaa9f75aad13fff25a7237aa449661cdae8e1eb676135,2017-06-28 00:00:00+00:00,280,early,3
fc662f176d07fdf722dc3d94d139ed5dec2ce22faf8d59b6f0568ec948f1ee30,2017-08-16 00:00:00+00:00,329,middle,3
158b4c0897d7b20546fe1a4de0cdc1a160a6b45a3d1ffbd0827c52b006c4b7e2,2017-08-02 00:00:00+00:00,315,middle,3
d5562a3376f8baf513304328581e2537117f6611d54d9b56a3a8b3946f8d73cb,2017-05-24 00:00:00+00:00,245,early,3
c0664d0df77596a362d60311479b39e480aa5f2b72a772c9ec8a6b6f6739d9ab,2017-10-11 00:00:00+00:00,385,late,3
62599cf4956e1a2e0fb889799a8360a2e61bcc6f5ff65c5fee306130b52cdb6e,2017-10-25 00:00:00+00:00,399,late,3
db1298b3ef35f849c678dd4a6ad6d5732bf9aa5c364fda10b6736d505b747794,2017-11-15 00:00:00+00:00,420,late,3
56f8fd8df3c1c650d9f852dca3097ba0a29041ce1f9ceb1db7ed5286f3cfd09a,2017-09-06 00:00:00+00:00,350,middle,3
c0b8c4428dd7b9bdb3f2c85de14214d0eb5c905d9d09522420dc32f6a83ca2e4,2017-08-09 00:00:00+00:00,322,middle,3
04102bbfb7e237a00b4ea7144194b0636d5c0739f633d99de48e26c21d0e2303,2017-10-04 00:00:00+00:00,378,middle,3
4633db93327073a5ba6b8b304fce22e613744813edf8eeb0875e3217ad254847,2017-10-04 00:00:00+00:00,378,middle,3
7d3c970687b23f1c65443c1dc079b7e395681f1c088455a8c428587f9b2e5f0c,2017-05-17 00:00:00+00:00,238,early,3
7bae8b5138b28018918dbe30ea53b12b46ea1264c3c5ffedde50c81c2a216f8a,2017-07-05 00:00:00+00:00,287,early,3
f3da935f764192c6372064e10e082de9663c473d1d777fdfa07d4e8c608380f3,2017-05-24 00:00:00+00:00,245,early,3
128703826734fff256098e354c903f97d403b86c5b9594a50b463d43ecb7e1ce,2017-08-23 00:00:00+00:00,336,middle,3
852e12743761513b1689bdb118d3484600780d7dcc3385932fe24a23549905fa,2017-07-05 00:00:00+00:00,287,early,3
511fc68cfd86dc5ef6f469c0e054e85756f22ad3219e1ef86c5423c3146a11c7,2017-05-17 00:00:00+00:00,238,early,3
479220f12ed211b42a44ec1366a49760da6ce80411e7890366202c7c0e19f9e9,2017-10-04 00:00:00+00:00,378,middle,3
280f6307fca509279796ce7f30aac76d3e7ec90bbeab98d0bcac131a491b5f7c,2017-11-29 00:00:00+00:00,434,late,3
efdb50b20d26333657aae5322c371c3ed2da6fcba9ab39ab6aa3b315b7e7446f,2017-12-20 00:00:00+00:00,455,late,3
2b190fba44065d543eda4509eaab32c8be72175f37d711c5b98125dd1169c2b3,2017-06-14 00:00:00+00:00,266,early,3
0594c70f9a4c6044b6101bb9e00c27bc8b5b9818928e284253119bc15a70be14,2017-10-11 00:00:00+00:00,385,late,3
f1fd721c4986fc2c09fbfa06a70b1277c68e010402c50d2b48c46f51f28c5995,2017-11-01 00:00:00+00:00,406,late,3
3a9882fafc9f33a069a54f8332a04afd37bf93e40b4018d1e1737e32fdb9751e,2017-12-06 00:00:00+00:00,441,late,3
2e159605214e8ebfb5ee814e8a20a8eb173ea7f1f1de4995ceb359d95d2bb134,2017-06-21 00:00:00+00:00,273,early,3
6681a8642b611fe07042810f162fa547d4bd43dea5594cb8beb7e7b0dc77a466,2017-09-06 00:00:00+00:00,350,middle,3
0a5ef910b6d219559023e194924c64ef50817608714f831a6377c63e18bb6146,2017-09-06 00:00:00+00:00,350,middle,3
33ea2181a006e66465a3eef03b2e0013880630537fb9a3a458d1d8fe43c07d96,2017-10-25 00:00:00+00:00,399,late,3
ce9e24b90396dd4bc6de8f7a1817fea3203360dc66d5c21063ca6dbea57a0a1f,2017-05-31 00:00:00+00:00,252,early,3
d04ad9d5f8dd180e680de9fb4f8c0a14c72d8b6a6ae37af333380100a38dec5e,2017-07-05 00:00:00+00:00,287,early,3
c58ce3b57af8cccad7072084404ac550de1347737c9c03f8d3acdf9fed1ee97a,2018-01-24 00:00:00+00:00,490,late,3
e02e3e2df8b10e3acfb696b425a5423802174fa8744107f41899e57234a53a7a,2017-06-28 00:00:00+00:00,280,early,3
7b5eefddc6ea8dd791249488e1b314576dbb337b356183a1aaa59f7ce6f5b006,2017-08-02 00:00:00+00:00,315,middle,3
1fc4d723e78f519cfb6da9ce34a8fd6c2c7894f73d4d5843cde9e1c59f2eeda6,2017-07-12 00:00:00+00:00,294,middle,3
95a9720e4c769c29ecc36569653b38b0b8970e2969ce374e9ea0a819d4416bf7,2017-10-25 00:00:00+00:00,399,late,3
660ebad173f0638de8ac503fb3656db75dc1248d023fe0d6f4debae2f91af06f,2017-11-01 00:00:00+00:00,406,late,3
491addcbc06ec9e8a5d70ac57f66d6974e415875776d9333617f63edc7b64e2c,2017-06-07 00:00:00+00:00,259,early,3
06b28e6488eda6c5521d7277592366904c60bac353778f96e60857ecd97481c9,2017-05-17 00:00:00+00:00,238,early,3
913fae2d522f072f7e75ab646e36b77e69c0ad1d230ed0ed945d0115135a275a,2017-09-06 00:00:00+00:00,350,middle,3
313d8c9acbe7961360bcd29919ed48e08b3c6a1b6dea7bd3a9bf39bde21b9f16,2017-11-22 00:00:00+00:00,427,late,3
3e5db5434ef687d09e784fb2b0e63a1f788278e4209da0aab59efb34ddaa69fd,2017-05-31 00:00:00+00:00,252,early,3
ef77302d823ec1b17494aa2580aa461ca167575d24079337a21060433d841e27,2017-11-01 00:00:00+00:00,406,late,3
ab30dfe886313fa974a8b61bf73bf9cc8a1d3e776d1d1b2aae0d0340b8fce12a,2017-11-22 00:00:00+00:00,427,late,3
0dd4d3042d709a5479a61f92acd99dafde95b7017679df3f56727c2a696a7e5e,2017-06-28 00:00:00+00:00,280,early,3
612786638f1794aba6f3d83f7d2ab17c8666183ac2c33c84284da2d0a34af638,2017-08-23 00:00:00+00:00,336,middle,3
0e015ed0829486a458c9d9a5412e7367fb42bd9f3be575b8c9a954fac19d1ec7,2017-10-18 00:00:00+00:00,392,late,3
67797cf015d570c38ba1445851553cb24a451249ccc55dc334c1afc8842a1a24,2017-10-18 00:00:00+00:00,392,late,3
a9daabeed459d3f5038a924f5fc0eee6957a0d989ba26b7109ec2df13df14f83,2017-05-31 00:00:00+00:00,252,early,3
9280e0356214907b293f989b4941c02f0e89296bf5a828531f860ad269598a37,2017-05-17 00:00:00+00:00,238,early,3
d1125df568cf265a18fdda0db0f9e605fb044b89e15004b88e445cd55bcd9649,2017-10-04 00:00:00+00:00,378,middle,3
1b8d1ae30d2a375ac62710cff576433386499ba820ba63fc30687468bbbd2080,2017-08-09 00:00:00+00:00,322,middle,3
2f0b87f1c4e13e8c502fe662ff43f5e7b83fb98dc23eeb62c0e0e3a691ba118f,2017-06-14 00:00:00+00:00,266,early,3
2103b083854d239db97b1a72ce6139a9daa52122129767c6a23d89fdb43d68ed,2017-09-20 00:00:00+00:00,364,middle,3
15bb86a8e05a27e6b832d9cc71a6a7c7b8d6aeea227a4ccc49319729e9939bb3,2017-08-23 00:00:00+00:00,336,middle,3
6f721891768b2dd31a24764aa64433cfa2ea4c6dc329a365613eeebcea2670fe,2017-07-19 00:00:00+00:00,301,middle,3
3ad59286b04433b016d58b0da0da80cc208d9b4d6411338adc628334165ccf84,2017-06-21 00:00:00+00:00,273,early,3
4030a7da9000da125dbc8aaa9140864faf54bb1768266085c6ccf87124a7137d,2017-06-28 00:00:00+00:00,280,early,3
9d2afc91c068499c8891382c8b769793433efc74244502a17a1a3a8b3c6cd4f7,2017-10-25 00:00:00+00:00,399,late,3
6c0ec4ed60a99046580099f2a272fda7b19fffa940d7b7dc6fc4c557799409c0,2017-11-22 00:00:00+00:00,427,late,3
13d0f7628c2adfce075647017f3d8d8e6b4b6e6f2a763b7c539df45761376e25,2017-08-23 00:00:00+00:00,336,middle,3
a4ac36b40f46f2cabba60b5f67ea4cbe9977602a5f8da6244ff86b960861ee6a,2017-08-16 00:00:00+00:00,329,middle,3
e701682b748111bf6a24bc69abe244d40d1c09d911a182fc2429f0b61884712a,2017-11-29 00:00:00+00:00,434,late,3
b8be6330d9773b059f7605e6448a3f68c34be0500ce3928d9bb991a1a346a2a8,2017-06-21 00:00:00+00:00,273,early,3
cfc74e3d4108e402cec69ae88e94b0a8c7447222937213d18acf5eb7cd21fb71,2017-09-06 00:00:00+00:00,350,middle,3
3cf79f31a7443daff2700d81f4eb8be0e4b0a19b8d450c04f30beefff5d24017,2017-10-04 00:00:00+00:00,378,middle,3
2802f3f3fb9ac379f5a63372712d1c5b2f17a5f4d45ff9705c61d5e115e65451,2017-06-21 00:00:00+00:00,273,early,3
db12ee13f2dbb9cd210df3ba9766a79b405c15b46efb572b110fea2ba3aafd51,2017-06-21 00:00:00+00:00,273,early,3
c4c86d454ec44e541f4bb968967c12c012f3967098e7ee47af4b14a083fe5dad,2017-07-12 00:00:00+00:00,294,middle,3
83aef1b3286e00c437899f9281654cc148b6a9d955b7304fe60498c756c9832f,2017-10-11 00:00:00+00:00,385,late,3
177c662d6a25beaae328481e3b3eabfee7d1ced2ac31ccf50a0e5209120a36e4,2017-11-08 00:00:00+00:00,413,late,3
4aa366f8d2eff26ecd256fcdc00a55d91ef68366eca9da4110270ea6d3c6de4a,2017-09-20 00:00:00+00:00,364,middle,3
901819372b1f777b61bf2e8ee115f9280e0eda15305f925d13a94154da685fc5,2017-06-07 00:00:00+00:00,259,early,3
f2d22d55a2650780a1a1e070dc1698e01e675989ddc5e839d205206028981c1f,2017-11-22 00:00:00+00:00,427,late,3
40d88d6c99fad63c1ca680f9f0c65ccc70e0a78a277e3aa7d71182fa4ea1510d,2017-11-29 00:00:00+00:00,434,late,3
f688f6818e0aa90c33fdbeffd4cde32e5f2617006be202f70239a2c57161d61c,2017-08-02 00:00:00+00:00,315,middle,3
782e97276f706a009580d56197e2e5cf2feeb4524ebf057a7e13109af280816e,2017-06-28 00:00:00+00:00,280,early,3
c0a0ad31e32b3fce3f7eda80a2ec23ae785ac56319faf296f4835a8f4f25f6bc,2017-11-15 00:00:00+00:00,420,late,3
6acb2300506f4230cc6aebbca62e1ea8fa4923089f367903ae12afd451565e47,2017-05-17 00:00:00+00:00,238,early,3
424942a99641267b52273eea22aac58e1a563c4f15cc2c8330379b4a85eec991,2017-11-29 00:00:00+00:00,434,late,3
1a2a86279d7300a567ba5d808b009f05cc2e82c469710d1dff4eb6ba2f93f8ac,2017-08-16 00:00:00+00:00,329,middle,3
344c0c7b23ba865eba5a48f773302918195364c3d8c62fda477fba4bb5ee8e31,2017-10-25 00:00:00+00:00,399,late,3
afee2ca1d451a4f5b36afc82142c29783a8342e7d55d185281125804b6174e6e,2017-07-05 00:00:00+00:00,287,early,3
ff4959e9ef4e1d6b239eb4c133c81bfe37e4f89fc1cbafa2fab37bd2b5fad45a,2017-07-05 00:00:00+00:00,287,early,3
88cf930c6b020a57264306ccd037eda1bbffda1fa69f049724f44bec8de088a8,2017-05-31 00:00:00+00:00,252,early,3
f1bd11b50dc231552b52ff23cba14a760c532976667fe12c0f83b685a1145896,2017-07-26 00:00:00+00:00,308,middle,3
415bead11b72ddd10188e8dfab724c6946e3e3c639a53eb137ecb5b62e17acdd,2017-06-14 00:00:00+00:00,266,early,3
871551c019f55db65f75488b6b0f9c4b4245fbfd43f5e95a0e2927f4818dba96,2017-09-20 00:00:00+00:00,364,middle,3
51887761268811b5421fab4344326c6aaf542b001fe6956449765cf958ea4da2,2017-06-07 00:00:00+00:00,259,early,3
a4bd51a411c58eca8c73d326964620907940ce942429248fb8a7b9b8704d310d,2017-10-04 00:00:00+00:00,378,middle,3
eea87ced09fb07342ed4393fea0b4353e8902408995a4175e63b3917be3438cf,2018-01-24 00:00:00+00:00,490,late,3
3c2c6b8a4107590acf4cc48c07aba086f0738e5618ceb8bbc81aa6485d4d95b2,2017-06-21 00:00:00+00:00,273,early,3
911680628673abc4c638108d33fbd69cbf619af48bfe153e6779731a474a64bc,2017-10-25 00:00:00+00:00,399,late,3
c88d436680ec62b539102583c84e8bdab74d85cdb75ea3bec7f41891fca9da06,2017-12-27 00:00:00+00:00,462,late,3
e587133093c4cb1bdbd5ca6dab1a4104de731bc58b59c4b1a08a9bab827ee776,2017-06-14 00:00:00+00:00,266,early,3
acf4ff62f9c9c472ba7af838c3d9f2471d81ab65e93e408d4e5d7648da039a4d,2017-10-04 00:00:00+00:00,378,middle,3
ea3792c82f25e027bbc7e9feffcea8bca6cf79683b026280c4df84eae5c97ee6,2017-07-19 00:00:00+00:00,301,middle,3
54aedabdeb3fbef5c8b9f1cbf110babb6bf813ad88ae593f97a2c228c28221d0,2017-10-11 00:00:00+00:00,385,late,3
4995e6d5925e0ca32bf598a265562254f1963c19175d5e943f81fe274570bab5,2017-09-27 00:00:00+00:00,371,middle,3
48abbe55c4ecd41dc77721590b56e984b502d0dce54eff9ed201315d43171c81,2017-11-15 00:00:00+00:00,420,late,3
ca30960d9c44d689f6163e1e727d219919da6770edd67caaecdad834a3d25961,2017-06-28 00:00:00+00:00,280,early,3
419f9a9a8cb064ff7be202914c8b2a7f83cd258f11f829f0a5c20a833ca4f8e0,2017-08-02 00:00:00+00:00,315,middle,3
9b2e0c5c1045bde4d987b8952e6a53a6f586390d774b05b4853f9d2642c83f10,2018-01-31 00:00:00+00:00,497,late,3
e57cd5ef65f958640e38d88cf68e73bb70fa96729939048f48d47da583ed3dd3,2017-11-22 00:00:00+00:00,427,late,3
153de616a0a90fe5e84c76dc1d417c96bab854dcd9481aa84010d2a63735be1c,2017-08-23 00:00:00+00:00,336,middle,3
47e820b96e5adfe36ca6aea7c52e5617412a884920abb7be6f675bb1a76e573e,2017-05-31 00:00:00+00:00,252,early,3
effbb8952a21fb25ab34362d54eed938d9722d8634df3eec4f6986c7788e496e,2017-06-21 00:00:00+00:00,273,early,3
8a6d5abfb00de6b68bcbdd0bf99583d35862c4ef89df230a6e958c3987d5db0b,2017-08-09 00:00:00+00:00,322,middle,3
8453187504e04f4283e0af96e380841c073f75d051d9e57143c2c6dc3e377bc3,2017-08-23 00:00:00+00:00,336,middle,3
fb6a1f5cca0830f937176cd35a77ada8800d8e063eaa9ff1eae170ef0b0c7530,2017-06-07 00:00:00+00:00,259,early,3
c8ba0bf2cfbc841f6fada8c328c99a6e7ec2a30cade3e9ae0526630a67b417f3,2017-10-11 00:00:00+00:00,385,late,3
1bbc11f2ae834e5615b93a4526c2acd66c5975d186ff90b90a110e897e1e8ade,2017-07-05 00:00:00+00:00,287,early,3
5b83cceee809c029258bd09fa16b2549ab8c1ce72131a195ca8db303bb9d0507,2018-01-31 00:00:00+00:00,497,late,3
7c1d4ae368aa4a65e505c1033354e99a53501e45ad1921002437055799f03d51,2017-08-02 00:00:00+00:00,315,middle,3
007d8b491934552ba675983d58bc5d4fc085fa888f0567c0d43eb50575cc7989,2017-10-11 00:00:00+00:00,385,late,3
dd7922321831f5a1e4b50531c96824ebea607dbb04276aa5d68719f2dc4e19d6,2017-10-25 00:00:00+00:00,399,late,3
253072d4e8c90ff158a6e0998a879e7eb8f024173ba9a8330b5ee983a5f6578b,2017-06-21 00:00:00+00:00,273,early,3
b8a1cf33825436f57ab2b294b2bc09f9c96fa5c07d614cf67245255695b2aee9,2017-11-22 00:00:00+00:00,427,late,3
49faf58efd35beb221dc0c94ebeb4c9b41b64b7bf65194ec33c7f322606c12c1,2017-11-29 00:00:00+00:00,434,late,3
c03a1ae214c75b8fd7b1df17bb80b87448164b98f82533c8c9bb711c362bb1a9,2017-06-14 00:00:00+00:00,266,early,3
05c218bae3dbc3058418e32bdfbb7516b66d3ac7b7f74c8fdb777f4b385ed6bb,2017-05-17 00:00:00+00:00,238,early,3
ff5241c240e5bb4991065ab8792f2c1f8d3512a21c6f05915252e135f0515df8,2017-09-20 00:00:00+00:00,364,middle,3
72dc4dd84353fb6f771ee60e4906a1bd689a7bf23fea9c5698b6d7aa795a7bb6,2017-12-27 00:00:00+00:00,462,late,3
5d175962536d9b0548736c3feccd6b958a7f60c0c1901d00b54aa42ecece5e91,2017-08-30 00:00:00+00:00,343,middle,3
a6684db9aed03cbd2e74f01b26ea07039b8e07a7d66a61c5f2f50b4dc0815e19,2018-01-17 00:00:00+00:00,483,late,3
4056b3ba19a05779c6ea38bad53ef3837ce9b03afd388b981a056b0f028b2ea2,2017-05-31 00:00:00+00:00,252,early,3
6732e4e3eb824c103f3129beffa4954282e628a13e4fb24a117830bf4128a090,2017-12-27 00:00:00+00:00,462,late,3
b8be1c764f8bf652ea0d1d0f9a36072ed33c01cf40a22bae1e09ca626061a21d,2017-08-30 00:00:00+00:00,343,middle,3
28270490456b611d119d5f5fd65e1f9efd1d4098e758d987f66ff3608207e66e,2017-06-21 00:00:00+00:00,273,early,3
e8e4d1ea9b59794c20bd2603bedbd2ee73ba85c12d645b627224649141566dba,2017-08-16 00:00:00+00:00,329,middle,3
f1c118f8a64149f6e8dd0ea96411a0b85bb8d6cb33b98226fb969320774ec6dd,2017-06-21 00:00:00+00:00,273,early,3
9c3195201449c52b2cb78d97df410b9d52aa9022dcd09fde550f15c233ef5211,2017-10-18 00:00:00+00:00,392,late,3
13ca75b4d621a33153cb6e420f0262e76bab6d375ca6223506c26095190266c9,2017-05-24 00:00:00+00:00,245,early,3
47e37101133e972d1453fe9d57846265eaf2d7dc657caddcb0d447d5ffcd928e,2017-08-23 00:00:00+00:00,336,middle,3
df8d95d477327d1c9e428d50abdda42c6d0b966d81a4c13caed16a728d9f3f30,2017-08-23 00:00:00+00:00,336,middle,3
ed9a35bfe28f39d9ac314409e3053de7acb9aed417e2e02916bb6968b96caaa8,2017-09-06 00:00:00+00:00,350,middle,3
9c7e2c4a77ced667f309666cb8bf6cd3367e06e923201adfdc62f900ebc482c0,2017-12-27 00:00:00+00:00,462,late,3
a8453dff14afabe6a462ef0991dca56736ecfad1e26068ca6e674cbbacfdf414,2017-09-06 00:00:00+00:00,350,middle,3
6e2948644affc6ca8acc9186d8da8ea5c081ee8e4c6e92145262f9748c3e2149,2017-08-23 00:00:00+00:00,336,middle,3
33e82ed56141bdb73bbb28d96c38146b77832e489d5b95cc759d2e5187373411,2017-06-21 00:00:00+00:00,273,early,3
3f687ff993dc0354ec5774fd2634f2111fa6f8607f9d8e6c07dc0ef792cc7f83,2017-06-07 00:00:00+00:00,259,early,3
797b57c00fc607cce6e1009843efc9d1d1fa83e6be17a61741b5056498d1019d,2017-11-01 00:00:00+00:00,406,late,3
e484b1033058578d3bc628d26c355253d8303a22a1d011a1eb899308e94436da,2017-05-31 00:00:00+00:00,252,early,3
f51f714dee255d574be57ccb10de28018e37d45d34e14740691c6409c00ad9ab,2017-10-04 00:00:00+00:00,378,middle,3
5ca340dde072051e8c2c351c21552c06fdc63b4a8218baee3672b9cd67db375c,2017-11-01 00:00:00+00:00,406,late,3
2668862637e86693a94f0717cac5931fb18caa1dba2668337765366b48b595fd,2017-08-02 00:00:00+00:00,315,middle,3
af8b0f4734ab28d6060f84a44900c0173855b24a66b0e2edba17ae98f6b45f7e,2017-06-14 00:00:00+00:00,266,early,3
61bcbb0d246a59a01b41843a3ba5c753c2794cf178d4f83e3608e91a33cb70d9,2017-07-26 00:00:00+00:00,308,middle,3
e79f7e5a6225e7a80ae214324449d63727a62fdca2276148d39ed7a16c1f568a,2017-12-27 00:00:00+00:00,462,late,3
3607ea319a62cfbde384eaada990f8d01df0d611fdbfe678076dc509eb424976,2017-06-28 00:00:00+00:00,280,early,3
02b97dd52eaf5f7182008c28940c56b3b026d1d0dbe542095034b7f2f96d164d,2017-10-04 00:00:00+00:00,378,middle,3
067c0ce78ff66e718b983b78a157e63f47693c1d7b0edd11e5ea8a6fbe362615,2017-07-19 00:00:00+00:00,301,middle,3
5c05761274270379d807521822a11cabad1fd43a6b5696fb92ed7bae2fcea5ce,2017-06-07 00:00:00+00:00,259,early,3
3ce73d4c9d31d999212262dc4a1fbe45bcd6c20c7c5f93cc8f5cf1b3e1508da5,2017-05-24 00:00:00+00:00,245,early,3
a86343f31e1cd21d1797c8d48c1c9bc45c3df299232172526a0f3659fa415932,2018-01-03 00:00:00+00:00,469,late,3
f93814a74cadb0a70b5337899164fc3927946d7f1982e0aa2c44adf3da29e2f4,2017-10-11 00:00:00+00:00,385,late,3
9cfe68c7f0e052dd726d7d8bd48ad67bc3b1b6902fde78733dceb6ba6792dfd2,2017-08-16 00:00:00+00:00,329,middle,3
4d7db554aba3abb0d31455a138c94662daa7654b254c792b4f2053cb200aff9a,2017-06-21 00:00:00+00:00,273,early,3
95b96b46cb6c69df9de222bf241a20f28b18125c40d695b225ff9812a6a8ab9e,2017-12-13 00:00:00+00:00,448,late,3
1465d10b25ef9164c0e23866db63c38282fcc68d87db70799eadfb5ed47a0aeb,2017-08-23 00:00:00+00:00,336,middle,3
c96dcac028bc6c75866e69e733e238d4b4d5526c1888fefbcd1b2e493801f978,2017-07-05 00:00:00+00:00,287,early,3
bc0661d9aa781d38d3bd36ee576af0326304bfac54b4a5198eac3e973a8f64bf,2017-08-16 00:00:00+00:00,329,middle,3
5ed326da21ccf3b7570cb05c6f5e964f8a250a4330fe9c6531cadb579e47ea69,2017-09-27 00:00:00+00:00,371,middle,3
de824ca1223cee4274b477dbe9a20329b915ef8efaf0136465f01d3296bdb8bb,2017-06-21 00:00:00+00:00,273,early,3
6ce4132bb40ab3615fd94ca55daf84dabf38c82cf3e18f4d0eea4f8a32cfc6c9,2017-08-02 00:00:00+00:00,315,middle,3
a65c036ac4831725ac76dd90a6914100da9461ebb4bb808a7b80714106611fbe,2018-01-17 00:00:00+00:00,483,late,3
1227cf5c3fd7f86275323152582a766b57968b90413bf380abdcfed604844d34,2017-12-06 00:00:00+00:00,441,late,3
6f6a83a5fdb4f0385e171b5ba75a986276f4bd01de804d1662c6beaf38ee24f3,2017-09-20 00:00:00+00:00,364,middle,3
655c3e430b30860ae1f8136543ebab7f96369397f4feeda1e7468360cf52d00a,2017-06-14 00:00:00+00:00,266,early,3
a2f439b9ea10916366e51c494893b4ce5d778a815457336059fc3520f6746e4f,2017-05-17 00:00:00+00:00,238,early,3
6c3b48858e94ec6e18db817a6b29fe316490b64d5be0067ec459175b6d0ca6a5,2017-11-29 00:00:00+00:00,434,late,3
e5a59fa29ee6857a33dd90ec1da29c39995e6d69ba268ffafa5ff7ea6be140b3,2018-01-03 00:00:00+00:00,469,late,3
3c1128a48cb3d057723f6e90beeb66645dbb10aaa9f8bc9bf1f0b060fd2efc1e,2017-05-17 00:00:00+00:00,238,early,3
6b3ef1323ab6e1ad738f31d8faa21384de2afd7f09cfd6a72946df701fbe2a8f,2017-07-05 00:00:00+00:00,287,early,3
e79df535e7978fd7873ee4cb3e569ea5dcc3c35b527299ddab9b124fef652071,2017-05-17 00:00:00+00:00,238,early,3
8bf81ae949dfcfd8fdecf29b99fafda7ff94729981d832273eb42a6f184a94ce,2017-09-06 00:00:00+00:00,350,middle,3
f2792334f32d96dec2db1f9d082aa42738095d1ebe425763ade27633d96019db,2017-10-11 00:00:00+00:00,385,late,3
24393204db9f75a0b575d009e91a3fee263c2f17882f86de3143039ea4aac471,2018-01-31 00:00:00+00:00,497,late,3
33cd2522a4359540dd0541a6374ad18b74f44f1535593b164a88d846e0ae6c9a,2017-06-28 00:00:00+00:00,280,early,3
ada4e28253aa1bb3a8e6417c9453c60958d82bdefd172afebb38017ad66be625,2017-06-14 00:00:00+00:00,266,early,3
55f98eaa175faa8b138b36c37988e3384b919e281897c4a0b7582e503320fc96,2017-06-14 00:00:00+00:00,266,early,3
67b5a1e24acd427c682cd75c81b95cbfaa34b3a3b7e0d9307760742d5c1083d0,2018-01-31 00:00:00+00:00,497,late,3
9e9918ee5268601fc5dc982d64e14738c1412e9360736225d5d7aafea1478291,2017-11-22 00:00:00+00:00,427,late,3
c5649c35a01eb07bf1243eabe1f56708aa62e4666c72a08bb965fcf82d03dcd1,2018-01-10 00:00:00+00:00,476,late,3
f422c264945fd9480f08eb8ea09ebb7ec394f86db9414c913942b68bdf7b27e3,2017-10-11 00:00:00+00:00,385,late,3
f5afb18a27558f38055cacab51699f4efed51398d0fbb7715e82c44fc21ded74,2017-10-18 00:00:00+00:00,392,late,3
99d065c6595edafe6a9c6e6f4060638f6d6a68bae593b3e16bdb830206d3a6ea,2017-06-07 00:00:00+00:00,259,early,3
a1a1d9924a359bb6b7c27be9e806ab8374795ba48757611fbeb454c5626c5bec,2017-06-07 00:00:00+00:00,259,early,3
2052af84caed9b49eb285a0298ff1b0086e16877ea95d71bdb027ba344dbafde,2018-01-03 00:00:00+00:00,469,late,3
ce19e3a1bf86d3229289baf0e0f0e74d1772aabd1980b10a82c918102b50c92d,2017-11-22 00:00:00+00:00,427,late,3
a4b55b6f3fa6b5aed63fb1e7ba9679fe82febfe0260097a9b081ff86ec0cb1dc,2017-08-23 00:00:00+00:00,336,middle,3
429c8bc1da3cf883bd1c52a974997a7b5101ee07ccd74d9dbe19f50b8ad13209,2017-06-28 00:00:00+00:00,280,early,3
4af7a464b1c65b65b28aaec19a13a35bbeab8b46e1786e4979c8779cd7a5a2bd,2018-01-10 00:00:00+00:00,476,late,3
17846a245aa90c6261d8503da89ba07e47f13cc4d5faf5c314112956e9fa1e1e,2017-05-17 00:00:00+00:00,238,early,3
a40c4bf80e93bd5fdf1d0d820fa94fc9de72b8c9967d747de9dc8d3f3ebb2620,2017-05-17 00:00:00+00:00,238,early,3
2765ac857be33c0a3715c4e7fc3553a97086f415b917d12cd6d93b32114996cc,2017-06-28 00:00:00+00:00,280,early,3
3506e868bc81f5dddcf7c2c36e0de6eeea79df81f1ee30c208f0d4bae114dfdc,2017-06-07 00:00:00+00:00,259,early,3
22e933532a493b0da805ecc50e560070d41eda6bbbacd36708c28614b23d55e2,2017-10-18 00:00:00+00:00,392,late,3
fe08f4117d0ad64a9f890b86220fb9d6fba834073a151a55bbbd80fc3cc58aef,2017-06-21 00:00:00+00:00,273,early,3
6f65ee207e19e8c6ec62107961c730aa4b648057257d8cdbd0839ad896208bf4,2017-11-29 00:00:00+00:00,434,late,3
7c93f60e7e31de27e6789091a23073af9a66e71b294dc5d0f2a753b22b0a2cf3,2017-05-17 00:00:00+00:00,238,early,3
b3761ce3d9e97d4b8ea316bbd1199595d30e66e59440c3838ae54755542d0f94,2017-11-08 00:00:00+00:00,413,late,3
ecb588e311a1fbe0b84aa193e2545853618a031cb8cc2ec87adf1c01bc1a0e0d,2017-06-28 00:00:00+00:00,280,early,3
eca90fc901fa4421ef595b9a638a12a8183de809451933ed7060148b351d79ba,2017-06-21 00:00:00+00:00,273,early,3
bf59f96c759861667ba3f38dba3ada27b6f8af5b3b3d4ba3990e93bf3cdc2b25,2017-10-11 00:00:00+00:00,385,late,3
637a5b7499d14456e5631d54c4255414136d18072a25211cfc92a6b4a41fd44d,2018-01-10 00:00:00+00:00,476,late,3
64b4113271b9e1d4b19fbb83f3300aa8a6a5725f3ef88666ad120463f47470e6,2017-11-01 00:00:00+00:00,406,late,3
862c884af563cbbb1643de01547a1772491fde8500b64a92767df2cebdc13b36,2017-08-23 00:00:00+00:00,336,middle,3
d3d5234799e57ee6aa015751047a9d075bd174bca4843d95e3a4dc7c2347ab24,2017-09-20 00:00:00+00:00,364,middle,3
a44b5303115f9da94902f7aa4a34c29e14e8de6764fc3961cfde2f6eeda6d8d1,2017-05-24 00:00:00+00:00,245,early,3
05fc882b01666ce2a90c580c7781dcdfe5da291fcfc514afa7ebd606aff2209b,2017-07-26 00:00:00+00:00,308,middle,3
0c13c535d30c28c4370c3ad9da3888abec07e2b595a8659e5e4e1cb44b9496b8,2017-11-01 00:00:00+00:00,406,late,3
6c742f3e2f0da14a077ad992367220469fa0b0b3c482b36f13ddce6ade16f0d5,2017-06-14 00:00:00+00:00,266,early,3
eff2001911ea0b49e1ca8d93b6dcd26845f3f0016dfa09e39e52622539454b5a,2017-11-15 00:00:00+00:00,420,late,3
aa628606b33bf0e7e9487859d55cb8b56bf8e1d177be2c38f2e0b39a8d3a5db5,2017-06-28 00:00:00+00:00,280,early,3
75781270f3afab1af83ce3bd7f310474191fdfe809730c4a95e1851b801bab74,2017-08-02 00:00:00+00:00,315,middle,3
4d4ec374dd04f2b12118eafa3d04bc33bcbddeaaf62f209f99167c56e442020e,2017-11-22 00:00:00+00:00,427,late,3
2509c74b87245b0258052a968c18e163f17ed912410e97007ff8872d50f6cc6d,2018-01-24 00:00:00+00:00,490,late,3
f71dc9d56032b9982263c03aba9bef422c05c90f9598a1cae26a48e83d55c5df,2017-05-17 00:00:00+00:00,238,early,3
f439cb83958e4b39d6afcb919104346d82c6e337cee4a835db44ac898d847a4f,2017-05-24 00:00:00+00:00,245,early,3
d109102d642d02ce337e8d5d917f3501b918cdb83724df1e4b9692505a6095ac,2017-10-18 00:00:00+00:00,392,late,3
c947f1c279c6aaba01688ff7a41c8b7ec0d24804a2c1f017acaa48c2e7493320,2017-07-05 00:00:00+00:00,287,early,3
dd4b5497862a99637a970278bee51d073e870b7c90c76ada28041059fb429b09,2017-08-16 00:00:00+00:00,329,middle,3
b2266786d1902ff0738dd251e213279e570fb235ed2698a69ef5000f65d9a56d,2018-01-10 00:00:00+00:00,476,late,3
9dcefba5c411a40e4d9fc49771e35878602d22a5fad928621e187f3fe2f73a56,2017-11-22 00:00:00+00:00,427,late,3
360bc864f74b9435d248b97197d3a69d244b76ebf16d1892b9c7b3c5a034c66e,2017-05-31 00:00:00+00:00,252,early,3
53bd648076323941261022ad7ab8fc00de6b933d4ecdaa19812337ae63c14143,2017-05-31 00:00:00+00:00,252,early,3
1cf8347f01ac24fa879f8947e58fb4c98212f21a46c15c3b10411c39485721a2,2017-07-26 00:00:00+00:00,308,middle,3
e99e12fd0f632148e0782ef83c66ae4baa9bc928896f5ab77a14d88bf4f5638d,2018-01-10 00:00:00+00:00,476,late,3
5c7df84a4d919657eac53d2f1afe25d8e91e74367c25b60db0bab321ca99cea2,2017-07-26 00:00:00+00:00,308,middle,3
5d9848f35b23ca0563244b5f39aeaf59b280daff1ea1e4da09f33bffa35c7c98,2017-11-29 00:00:00+00:00,434,late,3
5757714e68f46bee360f68093c2fc48fd0df29ef8826ddbff8e642d17893f344,2017-05-17 00:00:00+00:00,238,early,3
9c08420d3eed4e906fd556d27470396473b004807818fb521621bfbec0a997a6,2017-09-06 00:00:00+00:00,350,middle,3
1ca7e8e461fc7630d093d79985b99714fc860ddf426e7bef6c14f35d3c80a0f7,2017-05-17 00:00:00+00:00,238,early,3
5596687c48d5eec729264e18388469db4f584dd79162f9de27847703cbedf2ca,2017-10-04 00:00:00+00:00,378,middle,3
aad0b7afa28cff504457a25e6547994b3bcd5802a83d9b29e64fe12c9c2899c0,2017-06-21 00:00:00+00:00,273,early,3
0d42e42625e53eb3fbde116dd641134c573df617daa00ef6036f7226505cc0d8,2017-10-04 00:00:00+00:00,378,middle,3
5014779052d283cbb49987ec60b013450a451ad3d925ccc0653e3e81b5cdb10e,2017-05-24 00:00:00+00:00,245,early,3
b5a381212e81992c7770b613beae00242e2344cbab25cda29c9cc7f9ba8723c8,2017-06-21 00:00:00+00:00,273,early,3
90aaa5510f231e0162f7c7276388f54ae2b0e9f4d332e122b8d1b42445c76329,2017-05-17 00:00:00+00:00,238,early,3
487e70bb26ec26e13ee6d0551175fb851afc49ba237125d774eb0ed21f9cc351,2017-10-11 00:00:00+00:00,385,late,3
c2e571a00ee3f6110d18646bb25f9cb6695c37d4ae93bba66d88377b8186bb40,2017-11-08 00:00:00+00:00,413,late,3
2f2581a4bef51a5645e69874387b7aa4311331ba3c636ed2b232e8785fe34e43,2017-11-29 00:00:00+00:00,434,late,3
c4106bd71d6dd5976ce9b3e83d52a6c7175779db3397d92f80d83efba5f130db,2017-11-22 00:00:00+00:00,427,late,3
a247a450f7fdd3e798d45455d06d52f50f42b27b214625902d3cd00b636df613,2017-08-23 00:00:00+00:00,336,middle,3
3ba01a1c1fe67ca76130bc3556d3ff991c765331a4b7b0ba7b0f5af6f6433540,2017-06-28 00:00:00+00:00,280,early,3
0d57317cf62e6895fc81427b4f920eb2fd90bd51af1a8dd07020d3ad3d5be582,2017-05-17 00:00:00+00:00,238,early,3
441acff08cc29ae77647a83d94adc316eea718e0e78023f1cfc33a5a4e527c9d,2017-07-05 00:00:00+00:00,287,early,3
4c9465b71087f727442c3868de96c1673c3a7ff37dafc78f1a74e74ca36c2061,2017-08-23 00:00:00+00:00,336,middle,3
e7491c9875dd94e3729633415f38f08a0b6782847f2211d405d918e3b01fba59,2017-11-29 00:00:00+00:00,434,late,3
5858dc602fdf462b0ebc084f5f46ee0796694f51fd4fdea9c083035901317253,2017-11-29 00:00:00+00:00,434,late,3
0c434184c28151094d62f3a967530a310ffeadc5393810ed72f657364393a4a5,2017-11-01 00:00:00+00:00,406,late,3
625710720bb88dd698c4c919f5048a1a6fc0ecc4fdca0b6bbf2a52b6f04ef37b,2017-06-14 00:00:00+00:00,266,early,3
8934d4b19821f0904ffe00b47dd80c7aca9b8bf47e5be3cce58c8c533875ba1d,2018-01-24 00:00:00+00:00,490,late,3
965d2664663af551b38e65f6dbe3917e090bcda16ee65e3ce151a9a6de93e227,2017-05-31 00:00:00+00:00,252,early,3
63c16d1c379bc48a0d0c2395763009eeac9f26f7c19d54d4a8d9da03ac413419,2017-06-28 00:00:00+00:00,280,early,3
d012aa48f775dc05ec02f54ed578cbe9d3ae179ca32eb4f22dbe7215b3316f3f,2017-12-06 00:00:00+00:00,441,late,3
dffd4b25c44cf62a75a140b33f61d799d63ad379cab85bc2fe0c3ae24766b8c6,2017-05-31 00:00:00+00:00,252,early,3
26d79aadb397009ead2946c09c2d30f2d1851e156798062beb007a03d46542b3,2017-06-14 00:00:00+00:00,266,early,3
1fec17bd86db78ba94dc3c8fa10193cb37100deabbd99ffcb84be49fbfb17277,2017-05-31 00:00:00+00:00,252,early,3
00881368b9a091f7e358ceba362c852f19e0e880019e80157dfb379f694460af,2017-12-27 00:00:00+00:00,462,late,3
59ca5ca473fdd20448366d91787d1e31a83f95e4e3aefedebcc681067667d33d,2017-07-12 00:00:00+00:00,294,middle,3
400e42a0b2eafc66b5451319ae18fd9cd74062d52f8222b25eb3f08e53fad5b6,2017-09-06 00:00:00+00:00,350,middle,3
9a3aab738e615eb187c45c1c931f381764e89bfc75059283988799f829f5f651,2017-06-14 00:00:00+00:00,266,early,3
89e7788c315954d710f4d116970f71d315eb20a6136bb4fbc046ecf4816326ad,2017-10-11 00:00:00+00:00,385,late,3
482548ff944b09dbe08b66927a859ba323e66f1efd396d81d2da962c3de3c9b9,2017-06-14 00:00:00+00:00,266,early,3
9d1e5cc9d49c565d5626349388d3950f99ea1aad43dcc57dbf0e0f3b1e552f6d,2017-08-16 00:00:00+00:00,329,middle,3
077c00e31b5a36457d756d33c7ecd2ff0b57fd8f0e40459806c32c4f6a8bc670,2017-07-19 00:00:00+00:00,301,middle,3
08dad78d9da35932727ca14c600acee858d6958c326840fb12dc121f4bf65472,2017-07-26 00:00:00+00:00,308,middle,3
7f3c6a6df86b73336ddbc0d879c80d4e8a2669a422cc3bbcf9d0c28c1b34a413,2018-01-31 00:00:00+00:00,497,late,3
a126271863896c4f55704866fcba32592b65ab48e045771c5eab695300e85bea,2017-09-06 00:00:00+00:00,350,middle,3
f3f77aa71857bb62fc1e2843a758383650745b3b7a21256813c3d6f41337d99a,2017-12-20 00:00:00+00:00,455,late,3
48753106542b49332e9bf51f20be802e29c07137731a787b6726259ea8eaccea,2017-09-06 00:00:00+00:00,350,middle,3
31e726bee3d1ac167178f3af937b83b68faa99f8defe5dfc3cb724107a14642d,2017-05-24 00:00:00+00:00,245,early,3
f4dc321d65bbc13a2a89943113a6ff31ec9cdce59b04e82176369b3969c562d5,2017-06-07 00:00:00+00:00,259,early,3
629876db4f82d89aadb15f7966e57b49b7f720e1a902cccbfe7fe384fbb6e137,2017-05-17 00:00:00+00:00,238,early,3
2b9f2ae5d3a6b951df889c5b4e01f6e3a0b962a922757901bea589cf159cf956,2017-09-06 00:00:00+00:00,350,middle,3
cdcb256ffb8296e1312e876dcc8c550ffb3f63dd8a9108bdef0d91fb37ccb89f,2017-11-15 00:00:00+00:00,420,late,3
8ea9de0984bd720437e1aee94581a4472bfc34b9e3dbfdd03d0eadd77f40e6c4,2017-08-23 00:00:00+00:00,336,middle,3
930fb05d84f7f4dc596ea6c30348eb59098d263d93a0f8c11207d004da5eda50,2017-06-21 00:00:00+00:00,273,early,3
a9cc895a48930e3cb3f80c0e307d7497cdd320a81fe97b1b527ea8e92d09bea3,2017-09-13 00:00:00+00:00,357,middle,3
9a0404a093b1b17133bad816e06ced01cfc9558dd70e0746dfe32e630029e801,2017-05-17 00:00:00+00:00,238,early,3
67e5b4084219dc8bcffbeac49b5dd73fb40b5769805e97c3d696cd68a7c44f0a,2017-12-06 00:00:00+00:00,441,late,3
00ba08534cb41771a1a587b8e59268292cec9a438b2f21979c499303b6a45dc7,2017-07-05 00:00:00+00:00,287,early,3
b31e93336ce6c296dd04727857dbfe286d1c2698a08323d28c27f69108a0cd06,2017-11-01 00:00:00+00:00,406,late,3
c7bb11828fd5910bc32d1a4da40d4ac0e4db182968366218f707a6f8abc63a0a,2017-07-05 00:00:00+00:00,287,early,3
c596056c7aece67e7bc5b9638038fccc98ecfb9d198210d1f8a82cc53d1a45e0,2017-07-05 00:00:00+00:00,287,early,3
547904555918ad14c94a1b6aa1af5f7f93218b69a136b124298d71b7a2211e7f,2017-10-18 00:00:00+00:00,392,late,3
981f2605938731c04379f32146ee2eddc0245acece6e61e369a9c7e5d32a6a36,2017-11-01 00:00:00+00:00,406,late,3
d081547641e6a59d1a13d85672f1984062afe8154231d8447fb490cd67a4588c,2017-10-04 00:00:00+00:00,378,middle,3
7238049b1b9244d8cd8fe1f1e8c56c2e0450095c815824e40b60bc901a89973f,2017-10-04 00:00:00+00:00,378,middle,3
f651b7e3e7ad11b3b0a60e1a77205313453b6397906daf4cb6f8b9a06c95285b,2017-07-05 00:00:00+00:00,287,early,3
7d028738086093fff9414e20027631658266a78b5fed06e893168f3f80973651,2017-05-17 00:00:00+00:00,238,early,3
ae9cded5874bea32772d10dfbd3abfc76f3c0cabbbf93f59963d62907dac6524,2017-09-13 00:00:00+00:00,357,middle,3
33a96a4af5d50c1e9ed98f00819fbf8c192e5d1a23d4796b30b717729fb92b9e,2017-09-13 00:00:00+00:00,357,middle,3
47783b0c5ddff009922df509f8b2346119b448a09158ace2c0a796e453da2ed3,2017-10-18 00:00:00+00:00,392,late,3
a16c24df0f3ae27d9598be2dcc7165d6e28e9b17608772ec265cec13b5f6291a,2017-11-22 00:00:00+00:00,427,late,3
5b940a9b71431bb647626dbff902f9e5ee8e8889dc7807d2d2c2523b93c12d75,2017-11-01 00:00:00+00:00,406,late,3
a192ff3badca8cecfcb2ccbc80941f6c591326fdbb329c49e6141f95b98533e7,2017-05-24 00:00:00+00:00,245,early,3
4337c7256a721efcc45d54cbc5dcfc057178d7fb2f9bb8f3e935751fd477d07a,2017-10-04 00:00:00+00:00,378,middle,3
f1187ba50b3ef5bca6e92990e892663cbe85b1c7fb72f3fd6bb23013bf12bf50,2017-11-01 00:00:00+00:00,406,late,3
111b17e41bac3dd15a4655308067a3681bc941117997e3ed39c53da13ad5f140,2017-08-09 00:00:00+00:00,322,middle,3
7740aa1c4dd7d56baeaf576bbbc48648528ee591fb192407e8353dbc05c35e8d,2018-01-24 00:00:00+00:00,490,late,3
3b3ea5088a49db80a09cd022d35e6bc49ad384e48c0d9fd9de5e23d8c3d54bc9,2017-06-14 00:00:00+00:00,266,early,3
f2756c74250b36c982354b737eb1c19850131d8dcfee7e53e7bb523b13b9135f,2017-07-26 00:00:00+00:00,308,middle,3
c2fc105d60f3bd455b9192fecbdb1ee5a7a2e1b46c9685a3f262c42b0a7549a6,2017-10-04 00:00:00+00:00,378,middle,3
7f014b1ffb539bbed29c79499b24e7f997f684105159afbbad4df2e13911f622,2017-12-20 00:00:00+00:00,455,late,3
e07a25bc9569dbea72ff297231cd122f5498ab0a1dba22de5e9db6bfa9c72948,2017-12-20 00:00:00+00:00,455,late,3
f06fc14b7ed0457ca8fd195ebadbf6efdb7eadfe19e5c9a458b3a5985f34e473,2017-06-14 00:00:00+00:00,266,early,3
7a05ee02026d0a8b7625fb266e437e9b47019f82f2fdf3e315ed4349f1d9cc64,2017-09-13 00:00:00+00:00,357,middle,3
7f9cceb7f4cc5610056aadc926bf591c82b96572bc643f03f69da18fb119cb0b,2017-05-17 00:00:00+00:00,238,early,3
871c603694c6b784eb9655a4140d45570e0751db238667da127051f2f4222de1,2017-08-23 00:00:00+00:00,336,middle,3
3693c60fd7b45621cf63f21c9d31d1fd750e7ce1c26b15522d487ef95b050e68,2017-08-09 00:00:00+00:00,322,middle,3
a36200d9e1962879972d56003c16354c49d0a2409ca834aadcfb58593db3c369,2017-11-22 00:00:00+00:00,427,late,3
17f0a698ed698b1207ffa4b89c4321207a562dccc0ec53077cfb7442113136c2,2017-11-15 00:00:00+00:00,420,late,3
b007b18809a33d1a78551ab72e9084730854aa066d4726c8b7e05121a7de2ab9,2017-12-20 00:00:00+00:00,455,late,3
ee4b8e18eb48eb9206c635aac93215f888d48e311cfd3431001a71fbffdf504f,2017-10-04 00:00:00+00:00,378,middle,3
e4bc9a3c79b407840d64c017ac58f50033ece187c7b2f07b8e5ddda888ff0097,2017-06-28 00:00:00+00:00,280,early,3
53cdfab97bdd2aef93e69d5af12319e3cdc3ea7357fb1f83aebefe6f19c64657,2017-12-20 00:00:00+00:00,455,late,3
869e6b38c47e8dd6804b36f635a3e2df393b139cbb9eb5dbe76da49134809a93,2017-11-22 00:00:00+00:00,427,late,3
38246582e8534d1a06b5c7547a081cadd7ed00508bf510e5c62bc6d75b0f0535,2018-01-10 00:00:00+00:00,476,late,3
61d92e280e5716e6c975799d96ea8f0cbdd0113d4d84ba81f6c3a0f484221220,2017-10-11 00:00:00+00:00,385,late,3
da884266353aaacd402c9c71debfa23e550a8e1f6f66576066cba26adf8b59e8,2017-11-01 00:00:00+00:00,406,late,3
5470cbddbbdb335222929e1b9d7d8eb1089e2300eb36b4ac8abdba65433bc88e,2017-10-18 00:00:00+00:00,392,late,3
ed80a3a9be48471e43078a6f4d9b5c915013dc6126e275b74997559a741bdfd1,2017-11-22 00:00:00+00:00,427,late,3
983bca5cdb96551fa52cafc89c7c81b3c19569d9689ce31de806e8b339ccbacf,2017-08-16 00:00:00+00:00,329,middle,3
a875a0591c84cabb740bd6795e7e4d620170f22910d43b5a1ef734709ab6dffa,2017-09-20 00:00:00+00:00,364,middle,3
1122394172477ff890a44769b31f12675a4835d85436f26550daa453c247bffd,2017-12-27 00:00:00+00:00,462,late,3
09c216d039deefcae4af220fa5e67dfa1492d83e69f7b1f46e61e38fc11f1398,2017-11-01 00:00:00+00:00,406,late,3
ecbe8ced456c6bab45cbecf1aabf547564821a560644fc6e417c8a544ab84f2a,2017-05-17 00:00:00+00:00,238,early,3
2b13f4fd1a3616c60ca5860e180b74e15e9edd5e2b6a7e0d4e8f571107ef494d,2017-06-21 00:00:00+00:00,273,early,3
ab80f19eab1d410cdcc73f7dec3b5e2ee646384e30f75678c63dfac2b8345065,2017-09-13 00:00:00+00:00,357,middle,3
f472b67b859cfd4aff6d9a33983b5aec89e52d3972490e95a90fdd3b25796b77,2017-05-24 00:00:00+00:00,245,early,3
ea4fe5111070d359cce332afb2389135bdfdfe7b439845b5377830707a100f84,2017-06-28 00:00:00+00:00,280,early,3
6b1ebc74a00a3629706295fbd4f3f7394ce5abb3c4cec81b4cf9c6d9061b83f2,2017-06-07 00:00:00+00:00,259,early,3
0c6e8ffd21e598788b181d3dbf29d399189fbfa3f6204b9001fa26cec670034c,2017-06-14 00:00:00+00:00,266,early,3
2f7cbd122daf01ba39a6e4ff85382309d02772ce34b012496f5f23876295d7bc,2017-10-18 00:00:00+00:00,392,late,3
595bd77dc88f7f9e9260a6ff5b2a46628deb598c0ce1c5ed8bad393fae279ef5,2017-07-05 00:00:00+00:00,287,early,3
23a1783e4ba1474b55b382b02edf53407937c7a3256c6bfea0517c6825f31044,2017-06-14 00:00:00+00:00,266,early,3
cc3474288f4f4c4faf9f96503d2fea244a6f66035f6bf172d237c9f9f5976319,2017-09-27 00:00:00+00:00,371,middle,3
bc1e22ac7b1e3ac90943d3f47227f3682ba036dfce22178ae82600f389103005,2017-06-21 00:00:00+00:00,273,early,3
f32cad2eaab753f703c82ac178c574e2ae51d77141c66ef3c91bd06784253185,2017-11-29 00:00:00+00:00,434,late,3
ad4c6a6746407b87c602e3e6ca6651ef0f7d6053949c1c7a963f9b303148563d,2017-06-28 00:00:00+00:00,280,early,3
0f93b0eec77e9b132d12b7434a181bc4ca194e0f9c5ec46d68e973c7d5a58cac,2017-05-17 00:00:00+00:00,238,early,3
16ea1f5eeb7a8d77c51c24cc98be963ef309aa2e1c962581d452edeb75f82fb1,2017-10-11 00:00:00+00:00,385,late,3
aa173653dac14deff589767cf89efb5fb1e3ce3496ccaa6ae481b0c8f8d084da,2017-06-28 00:00:00+00:00,280,early,3
a5cc37ecd767e8e4cac683793e97688e7a67d61d4450df7c8c126dc732f530b0,2017-10-11 00:00:00+00:00,385,late,3
0da2afe5cc7c750695cedf0b6654ceb7da035844c728f3dbfd6c5db3cb37e214,2017-11-15 00:00:00+00:00,420,late,3
ef3b82e63e398fbbbf118aaea47b77a8d293ee3d46b255d86e337b4bec64ad87,2017-10-04 00:00:00+00:00,378,middle,3
a0afab60b6644571d7fa484b900bd7754bb7111fdd6dace8bbb87cfb590ad1bd,2017-08-09 00:00:00+00:00,322,middle,3
bdb5a7cfb453450af468d79dae5e1095e6eed712c9c5e19fe3c51c7180b8cbd9,2017-07-05 00:00:00+00:00,287,early,3
013327239d85decccbf94d4279a74b439bcb45b0263f13e45b70c171b13fdbac,2017-08-23 00:00:00+00:00,336,middle,3
e9f7d08ab360703afeb790643994bace1f594418d78ff319fd8f3a90f4b0f7e2,2017-07-05 00:00:00+00:00,287,early,3
16c3d59b7b787c55034c9d833f208d4f73effbd82e1d0aca1c2b661a9fcd2bcd,2017-11-29 00:00:00+00:00,434,late,3
9099d71d5711cb5de5e1bdeaae2f5985b9b8a404ce95ea10d6366da0e0184bd0,2017-11-01 00:00:00+00:00,406,late,3
ab392889571da4c218362e9ddc3dfd8ea5bd5aa9979b4f6e74d968b0ff1febf6,2018-01-03 00:00:00+00:00,469,late,3
c45e15001fec67a29153b47a024260692c8f0f8838c3ded1396915683b7e735f,2017-09-06 00:00:00+00:00,350,middle,3
71d0dd918ba97182433b3fdaeaee071fb8ceb8a5a27799a57a47c0b784c424e7,2017-05-17 00:00:00+00:00,238,early,3
5c1f6172b9b56117cfd3eb1449b4ccec7f22d442375047b5aa887ec599cb3d7b,2017-08-02 00:00:00+00:00,315,middle,3
a823de5d01fae4f31fbb57ef82257425114916fffb6bfb7365cb3cb5b976e0ae,2017-05-24 00:00:00+00:00,245,early,3
83a9597da3437cef479564b18e92d437ff483dbfecb406c3839c799ec5e1dee5,2017-07-05 00:00:00+00:00,287,early,3
f6c5b26950fcf5f3ac133a4bbfeb974d2cf5e96376792c996d6b60e4d49f4c95,2017-10-18 00:00:00+00:00,392,late,3
83270998dc7061591a585d7240c00ad4e78d69d25091e29392c3864aa9f5a1fb,2017-06-07 00:00:00+00:00,259,early,6
927578335dc0b9d13078ccb3f18fcd34f8520e3f0b920bc9679867bffe23cc0b,2017-12-20 00:00:00+00:00,455,late,3
db6fe1ca551d401a5951130f197af4f866a001e5762e87c6602a6568bcfd2b9f,2017-12-06 00:00:00+00:00,441,late,3
4d7c8ca87018c50fe8994f402f1c598b5e0194ec1d35cafb37bf5ea3559f1e32,2017-11-22 00:00:00+00:00,427,late,3
5a4339b1080fe494ee145fa08333965dda231a3d2fb499c6891f5b45a0342371,2017-08-09 00:00:00+00:00,322,middle,3
0436c9ed84a52570b1f8fad0ee0b8db6c8f476d3425a8a8ad9a967f2ea651e1c,2017-11-15 00:00:00+00:00,420,late,3
18498550eff8f734666f6b9e91a96afcae46533371533cfed0bf0fed4d65e371,2017-06-14 00:00:00+00:00,266,early,3
b280b9b5a8bd0a3705c27f29454008ff63b85f7bf4ca499da4dc6d0410a2c976,2017-08-09 00:00:00+00:00,322,middle,3
2a2dddd0abde85aa2bba93ec96dfd273c7090b969d4bbebabe71a3e6c482a254,2017-11-29 00:00:00+00:00,434,late,3
f1333c6b19a6f42dfc137fe1466c0e3c04e100d9e0a6e7068bbfd688567529d5,2017-06-21 00:00:00+00:00,273,early,3
cb4f33980839b63d9219a0aa3f559081daf6eecc73a9040aa3011038786e5f72,2017-10-04 00:00:00+00:00,378,middle,3
2d77af776b1cebf52fe5b6dc550837b3b74b3ecda65911dc97b2e2a80baa2ab0,2017-10-04 00:00:00+00:00,378,middle,3
cb27c2336b0a57b6a581fb5c2065776d198a75fa92562bbd65c09b1208e897bd,2017-09-06 00:00:00+00:00,350,middle,3
800f8168df86b36252b8bbac0ba47dbee77a8a49cee8cd7404a69aff645b9643,2017-05-31 00:00:00+00:00,252,early,3
849d71cc26ee1a1a98770a01e991a7db9ab297dda287a2fceaa92316a1049453,2017-07-05 00:00:00+00:00,287,early,3
e9e372c6d96cd6dbef5f6653f9794c1eed4d03f029b78b3ca68713afadd4f57c,2017-11-01 00:00:00+00:00,406,late,3
e1c831ceae16f6a72181b6f3853ec5b48bf2b4ae486e6a75ef60cdfea77f5781,2017-06-07 00:00:00+00:00,259,early,3
c68362d7786c1c3d648fa6325b9665622a0ee6eb2fd66715508f14db3c6ea45b,2017-06-21 00:00:00+00:00,273,early,3
a0d2aab968d5b393d306643e77347735b80eb3d412e5336ccfebc44399514e8d,2017-11-01 00:00:00+00:00,406,late,3
00be9db0aec974103e9ff3f9f0fda97320945fe8f1afa7bd72e0a8f968ca6e1c,2017-07-05 00:00:00+00:00,287,early,3
7fcd2e3bc95a30971c6d302c108e69bdabfd6fb74a2fa5988a1ba319151ccddb,2017-06-28 00:00:00+00:00,280,early,3
8241a2d31ff1d36df8a4ac63dd1e0f407bcabbf022a5c5927aa5f5f9aae93206,2017-06-07 00:00:00+00:00,259,early,3
01554b0cb34b3e8a73a416a774ca8cc14be52d7fa902058d45444398d04e4494,2017-09-06 00:00:00+00:00,350,middle,3
3f64c35d216a06629171adbee1eaf3972cf7150ae6b76c0cd6c8caa7d32bb30b,2017-08-23 00:00:00+00:00,336,middle,3
6b8fe6056c52924f8ce8eef378ce3148b8b681557d46b36351be2194365f688b,2017-08-09 00:00:00+00:00,322,middle,3
5ccb3e25f2274187e6bcbf981571dccc0e412169be0c4ae8440babe8acc3a879,2017-08-30 00:00:00+00:00,343,middle,3
77c88c93322d31da6456b5be5915ee9c22a51f4742a5b660878ba577e45d0af5,2017-11-15 00:00:00+00:00,420,late,3
6a4b556a624436db40229ea0c604cdbb70186076bf858fd4bc95956167250b16,2017-08-09 00:00:00+00:00,322,middle,3
c85cad02e3ff7152b03e0e533a06bcf4b51ba42f120488db3145d643c437fe93,2017-07-26 00:00:00+00:00,308,middle,3
08910816e9513a8da7a7585484b76587ef7ba4d0400f0158e2ea87a688a2e51d,2017-10-04 00:00:00+00:00,378,middle,3
5ae6974509764da49d2ba5cb3aa0cc8435309a37774e5aaea4049684b92946f2,2017-06-28 00:00:00+00:00,280,early,3
e4269607e6a81a4f9bff0208900507c9c166103d093ff45573af6a1d94f2dc7e,2017-11-01 00:00:00+00:00,406,late,3
58d9f77b3e5a8aa3b094f9fe8854aba7e663d29db6d5a285fb3e0da49da8ff8d,2017-11-22 00:00:00+00:00,427,late,3
01c3d694095c40eaaf8964338ed96fd39bb894e7f7d7476490e3eeaac9162504,2017-10-11 00:00:00+00:00,385,late,3
2953e56b9e073aa130fa5b128b04438e55b7a14034c44bb3d80d57ef9181c00e,2017-09-06 00:00:00+00:00,350,middle,3
a4be2c4fb3200ebe3f13c8fad99dfd028251a31ebda28fac8f5b2567d3095d20,2017-08-23 00:00:00+00:00,336,middle,3
46bad0a0cbd0a59bd2e8dd59a0a17b724d9ff9c4e0f1694ab1f612e4b57343c2,2017-12-20 00:00:00+00:00,455,late,3
2a517574dc7c6d0afef44a616599dd79942c8a3b552b9ace5f5d0c70c672ad74,2017-06-28 00:00:00+00:00,280,early,3
c3ca159cd59a94541b5546bc83d2abb568aadba55a3e4b25bfe932cf357a6bfb,2017-09-06 00:00:00+00:00,350,middle,3
7d408923b9e78473e537a1afa4ef406002d4c63ee93c787b9a195272e5c668a4,2017-06-21 00:00:00+00:00,273,early,3
f24aed5f4ec0684af50b55cd4ace23d2653fb7818d1934c55a0f567fde51f7f0,2017-11-01 00:00:00+00:00,406,late,3
941570b9bc162127091fa5734301376e8dc8c86013a9b8c9b5ecc7a99b53f83f,2017-11-01 00:00:00+00:00,406,late,3
9590d2249e736b206ba8bc8f751bf6cd5e0da3800bc9ab2b499da01b79803cdb,2017-11-01 00:00:00+00:00,406,late,3
1f51db771c4d5353090ac54a4207203578d7a6e5a86216eba6f3c577e5158877,2017-05-17 00:00:00+00:00,238,early,3
b98f28755d87a647c30a5e45202bed9bb04b94fbb97baa04e32b50550bff0c5c,2017-12-20 00:00:00+00:00,455,late,3
cba85219152ce8bb93e0bb349a7693c7e3eaa74d0b6a1f11b3ad2deea7c7517d,2017-07-26 00:00:00+00:00,308,middle,3
4c6edc8ea49a675b2239eef9879a85565a9ce2f69500ebda218a3c677ef3bb02,2017-08-23 00:00:00+00:00,336,middle,3
ddf9a38e7fc9190b537c2bcd4f17c1ecb49b55e25a9f1e9b3a1dd7aad9afe95c,2018-01-03 00:00:00+00:00,469,late,3
ac7acf6735cb1223247995a0b8d2af35823f3a13b2c915d6e1e5131b35d7f5d5,2017-08-16 00:00:00+00:00,329,middle,3
b98ced0fba08d2b28122acda7e2ad855d8c82359a1b7e49ee41b7080647628d0,2017-05-17 00:00:00+00:00,238,early,3
7f382899a3dee8cda61f95bdc322d9beca9659cd0b9e58e18e2654ea5f732f80,2017-09-20 00:00:00+00:00,364,middle,3
eebb65ec8e84d95dc19cfaeefc0e57baeb591faa27b7d5adefecfca00cdf1b3d,2017-05-17 00:00:00+00:00,238,early,3
0b39499ebb429aba6d303a8813e025897ed0b2eb1b0e881f050abdb909c716fa,2017-11-08 00:00:00+00:00,413,late,3
0e3b42aa5b5c8d875aca24e0ea1366d31d1ef8acf7a571a55f2fe79f71553555,2017-10-04 00:00:00+00:00,378,middle,3
142eb1452dc7901205779a3aadcfe8a61ce01796e4683baee4258a8d7f5e0d64,2017-12-27 00:00:00+00:00,462,late,3
d24b5bdb9eed10c06053d107f37b7b58f1b8bb65263a66b2ecd900ed7e613f33,2017-08-23 00:00:00+00:00,336,middle,3
a0e22de389b1a89a0094b24d65dba2620c314336a0a32ad0c7cc2cc918b9df85,2017-06-21 00:00:00+00:00,273,early,3
0a6357d705ac55e652037bef5ecca19b1bf01c154f57fa10348bfcc6bd5e3365,2017-07-26 00:00:00+00:00,308,middle,3
8d50b42cfa9c0f466e2b098673c00836d280a53c7c911ee9c344a506d917f1d6,2017-06-28 00:00:00+00:00,280,early,3
2288d27123ec0f42959c904477c9854af876ae207852a7a0e6a45f4b28cbd2f1,2017-07-26 00:00:00+00:00,308,middle,3
d6a4d6a726829edfb6db428c76dabcb8b8f6f3a8e1529d44d786302718115f2f,2017-06-28 00:00:00+00:00,280,early,3
48beaf7e038cb2806e8156684407a7e2fac32060d7d2f40f6df87e7b96d0fafe,2017-11-22 00:00:00+00:00,427,late,3
8926b5973619d142573b6aa2bab115d2926db40d06f8240844c3e7c0ed5fb15b,2017-08-23 00:00:00+00:00,336,middle,3
6a59428993718f75eb6b8fce5434639f6157f137d08e3a1a0df2cf1af53f77d2,2017-11-15 00:00:00+00:00,420,late,3
15055d0ce8b032270a5ad9e4bb7bff67722f75928a39f851214e7a838bec8c95,2017-10-11 00:00:00+00:00,385,late,3
3c26fb1c9ec77cbd11986329c0f8a119d86954f201e70b7e8ca179395e942bb7,2017-08-16 00:00:00+00:00,329,middle,3
56cb32cf5034a835c6490bd264cf31933d08f9259c13fb194db6e72bce369f2f,2017-10-04 00:00:00+00:00,378,middle,3
a68f3096c8382ae62c20ce4be6c47188d7c2ad00a4c4dc52134e28b133e09985,2017-06-21 00:00:00+00:00,273,early,3
18d73d1812c34e7872dade9bfad61dcae2010f4620c116e893fd20e0701fa1f7,2017-08-23 00:00:00+00:00,336,middle,3
cf754f059667ff4ff2b08ee8c7a7a5f49c87e10bb39afe3d02c7c644ce897228,2017-08-23 00:00:00+00:00,336,middle,3
976eb6d00c74acb1d3af0cf701df5f4780ffbd3e0ea60f3dcb78e020f7527c3a,2017-09-06 00:00:00+00:00,350,middle,3
52842f3d793fc52090e688c9aa27356d16125cf89b601de23b9b5ae474141f82,2017-05-17 00:00:00+00:00,238,early,3
a0b04a2c148bedd38d24413da9417668eb327d8425d0d29c0dcb613e3eda0663,2017-11-22 00:00:00+00:00,427,late,3
ddfdd7054e4c7eadab550346c1632f85ba65160c24565d1803376862ed6491e1,2017-08-16 00:00:00+00:00,329,middle,3
7edf9cc9c7dc38a132e68b29ea7972fda13176b555f1923f5b3dc4f564fceee9,2017-06-14 00:00:00+00:00,266,early,3
ab03ae65153db83b9539e2c26fda3228a9e336007c268509a6da017f1e774de7,2017-06-07 00:00:00+00:00,259,early,3
df39aa6d1a0db500fee839636186290fc07647f6483ac84722b4dbd7654b7e52,2017-10-25 00:00:00+00:00,399,late,3
f1bc5af975010fc5f8d0b084e34c27a884c9c6cf9373cfb845ead4a47996bc0f,2018-01-03 00:00:00+00:00,469,late,3
38e2cafc41289cda3f1b3727a192add457bb77fc77da18af24056b4372ed9a15,2017-05-31 00:00:00+00:00,252,early,3
fd4dee7d2933c0bd16da38a60d6bf7c013b04aa4d9ecf6efcff4fc1a87f0d751,2017-08-16 00:00:00+00:00,329,middle,3
73580b9071b5672d84783aa246f266ae670fdd7de293e5adb62287a08747bda1,2017-05-17 00:00:00+00:00,238,early,3
9f1d9c3c33fca5528f86967327035f660fc05cc7fcaed0b5f865bb0d6347f947,2017-09-27 00:00:00+00:00,371,middle,3
027dde6e42ba9d36452fb236352462a6cf9a65e6178b328ca15967ff03e069dc,2017-08-02 00:00:00+00:00,315,middle,3
36633d53ec8a1be3d02db69813329d26dda18446308fefd41017b40b8ff98ea9,2017-05-24 00:00:00+00:00,245,early,3
c97941191d2a4a235bf65f595c28a4a6e83062cd2bb642931d42aa67a89e82d7,2017-12-13 00:00:00+00:00,448,late,3
39631cba33771f5e5215c44d975d8a6126852cd00f8cfaaba4194de779ec5266,2017-10-04 00:00:00+00:00,378,middle,3
45fa8b18cca4269dcb6ac5bc563158db894948e1e4cb8b9cf841694a1432b909,2017-11-01 00:00:00+00:00,406,late,3
e7eebe28447dd23550b833a6f14b2b2b1e68674c947ec6483363da0f48154062,2017-06-14 00:00:00+00:00,266,early,3
f46ee35aaafe2ea6ab36af8cfd93fdecf282a34a28bc1966b25b875166933c1c,2017-08-16 00:00:00+00:00,329,middle,3
76d1bd8d9330cf51d7c066888cc618efcb507e2597514baf89c3f579c8930a8f,2017-09-06 00:00:00+00:00,350,middle,3
655b978e682deefd1a22b7d3760e8d117f455674861afcdc83bb7c93dcd71999,2018-01-31 00:00:00+00:00,497,late,3
04894cbcb2df6c5c2ec80db680eeb8ea384d645ef4f8592a13175a2d56d51334,2017-06-21 00:00:00+00:00,273,early,3
aa62a4efde217f47ef7a085bb6b026803c5513493fc341ba0d62e48cc76980d2,2017-07-26 00:00:00+00:00,308,middle,3
7457e1d1c811a3ea5fe4328aa8d72981b3b9c3c8782cd5e67a7e26ca8e53a564,2017-08-16 00:00:00+00:00,329,middle,3
2541a4468ec4590e53470152e0167c96ff18c7f715cbe323e9e5d63eb68df369,2017-09-06 00:00:00+00:00,350,middle,3
79171e23ee07f60bfe43d8a1d711344acd462df8cf472b03e967db6dff902f71,2017-05-17 00:00:00+00:00,238,early,3
4a72817d6bc52dff9d64fdc73f2505147eae9cf3adb411d1e21d2a4af8e7e1b0,2017-06-07 00:00:00+00:00,259,early,3
f31f2de808aa6cec241a31cb8681fb4c419a43202d90ec4f0fbbd67f93685685,2017-10-18 00:00:00+00:00,392,late,3
ee48a2f22abd9fb31bd8a07230ba37b03a6d0e42187bbc6d8f64c5277346c757,2017-08-09 00:00:00+00:00,322,middle,3
862ddfffd2c84123da1bfebabe48e0f15c96994392a385d2ac1d6d87b32e8b96,2017-08-02 00:00:00+00:00,315,middle,3
d969c527a9dc3a32289e6a594bdfb11b7f8a5b2ee7b15c6f66ef951ec748fd68,2017-07-26 00:00:00+00:00,308,middle,3
1a10115fee1b9abb42796bb1386b0bd7113f924207426bc2ef41c86ca6246005,2017-11-01 00:00:00+00:00,406,late,3
df5bcc1df3ac9fd57f4f2de385077c226adc17ebbf694dd95fa50c4f53e87162,2017-07-26 00:00:00+00:00,308,middle,3
71060ffb1f41c733aa4502358657af7605396e3114f0630d94b7b48d101cb8a8,2017-10-04 00:00:00+00:00,378,middle,3
3a73c7ee9efc82cf0ac60d692bda55080b0ee0aff2957a8a3c15a5fa95794b88,2017-10-04 00:00:00+00:00,378,middle,3
e10679d155419e5441debbeb2ae672bc8c2ae95757884c922d9026df0b21d131,2017-11-22 00:00:00+00:00,427,late,3
71012d204cecb83b3e69d76f56ced89ff9333991bdba6ea8ba89bc2fde8ccf61,2017-09-20 00:00:00+00:00,364,middle,3
8e1589179f4194e5af299a06e01f0c86836fc79603f622570658be423d33497e,2017-06-21 00:00:00+00:00,273,early,3
5a592edc253c9db42d874bfd9dd3282d77f74b1b07bfd4d0b0dc21759fac534e,2017-05-31 00:00:00+00:00,252,early,3
56b5c1f482b948b121aad0ebd3972f89786073c5f79fae161fae9ffe57f6d8bc,2017-09-13 00:00:00+00:00,357,middle,3
e699075ad47d78c8e09e0eac35f214f13b4a3ebce673ccc39afa5918af26e15b,2017-08-16 00:00:00+00:00,329,middle,3
5e5359ec38975c1dcf5e364bcbf6d2b5a07b4afd91e3635e0f1765df30d4c237,2017-09-06 00:00:00+00:00,350,middle,3
eef36df6913d62b3c3c09ccf051f915daf395c82493f1e327500662877f51ffc,2017-10-25 00:00:00+00:00,399,late,3
97601310cce0b8e1fcf9adf263357800dca5cfa06f1737bff617d74339a1f312,2017-09-13 00:00:00+00:00,357,middle,3
544c16a2d5fea226d2b66c50e6be7107bffb9738c79e97a09dccf171b59ddcc4,2017-05-31 00:00:00+00:00,252,early,3
36145c6575224e0c261566d0e8edb2037cbd73e3a9495b09641350589a8932fc,2017-08-16 00:00:00+00:00,329,middle,3
e9fa895ed62c8dd16bc8d129f4a205bcd28794873f641ba71a112d6322887c7d,2017-09-20 00:00:00+00:00,364,middle,3
7dadaf85e92864d4dcb916c8ff9d4d6a517bf93436867dd2c840725bec6bbc8f,2017-08-16 00:00:00+00:00,329,middle,3
7bb85d1e83bf805ac959a457f2cc6a010df7ca342084b3a1a664312d8295d8c7,2017-09-20 00:00:00+00:00,364,middle,3
e78b2cf175aca681066cf37cdad870dada1d68125ba311f39ed06f0937a7edaf,2018-01-03 00:00:00+00:00,469,late,3
9a20cdf4ae3a89c98d7de718044dc7395406eb372d50d64cfe7aeb4c71721530,2017-12-27 00:00:00+00:00,462,late,3
7f9ef429726fbe5a46d0084f7e2d613d9a97c3ac507da1e0684aff6756ddeeae,2017-08-16 00:00:00+00:00,329,middle,3
121edcb29db451471a4f169cf5a865a21424b05328851c59fb064c1c53c85bdb,2017-08-09 00:00:00+00:00,322,middle,3
79e28790b9184473606e48e96fbc52b765f7408c248286d0bef8dbb25a5ec072,2017-06-28 00:00:00+00:00,280,early,3
c4508ad52b3ce3fa4fbadc8774f2c01a83491a15d3ac9ef38d309015a8f7fede,2017-10-25 00:00:00+00:00,399,late,3
f235e4e67f8bcca0dd53e78b97e69a406318447294c062cef2e24a512ebde4e6,2017-06-28 00:00:00+00:00,280,early,3
d95ad7d2425eff84f1733ddaf7224162b4be67d2e17aa7468de14bec26816f63,2017-10-04 00:00:00+00:00,378,middle,3
393fc1eb33bce189a38705ae5fdf5df2ba0c7df22898d0a5d4fccf481b7713b6,2017-05-31 00:00:00+00:00,252,early,3
3fa44f4d9b08807cd0888d000a2a4c6e8c43b1cd229c7909c83151f2c3a77a88,2017-11-15 00:00:00+00:00,420,late,3
169eec504af2aae8b416f2259cb2c13f49903a2873022c1739459acdb2cb5501,2017-06-07 00:00:00+00:00,259,early,3
219edb1dcc40ede0080ad64636a55446bec9544180893df838029740de095503,2017-06-21 00:00:00+00:00,273,early,3
758258c3ac1364787e9e4e85ace8fb0da86a6702400e97a965d3f0f23b29c321,2017-07-05 00:00:00+00:00,287,early,3
8cd1dc4d3b703f2f6e6c08ba699377ac932a57401fa5d310468aa3b23297cf55,2017-09-13 00:00:00+00:00,357,middle,3
3e90fbe6b98c34dba58337d7f511dbef120258c155f928ce1828e8ffb26fd717,2017-08-16 00:00:00+00:00,329,middle,3
99b642e0d204585678d28c5dddf98c904f74420b2c42b5f050f6db3413759f81,2017-06-28 00:00:00+00:00,280,early,3
81ba2655cbf77725af839c8056eb37126550a9e8a552cfcca725b80000c3485d,2017-09-06 00:00:00+00:00,350,middle,3
b5a3c93222fa8a4f1ebad40b3e5ff7cfff3467c688880fdc66afb7a0a1d10441,2017-06-28 00:00:00+00:00,280,early,3
65981e0422e629327e1bb85e2a05f55a5fa9252fbae378c19b1ef9f86a14ea38,2017-06-21 00:00:00+00:00,273,early,3
d0025affa33e1af611358ce53b4bd29419f153da63430d060bcb0081b816c3bb,2017-09-13 00:00:00+00:00,357,middle,3
aa57863c6d96b2982feb673d3807cdc6596a0d8b5e4be03119bf3acdf8a7b456,2017-06-07 00:00:00+00:00,259,early,3
0b3ded19df7059b7aa70a9e6bdcaaca135dc7fdaa20f7b70f6b53b092f82225c,2017-07-26 00:00:00+00:00,308,middle,3
db573464833fce4244b7cd041bb760313274301bd0dc095504be08403e310ca6,2017-11-15 00:00:00+00:00,420,late,3
7270cfbe804b28941e83246a30c959776baf916c0cf9633c27038ddb431867b8,2017-08-09 00:00:00+00:00,322,middle,3
fc217cf9e88823861029c002e20f649681e3c5bfc6c746c6fe0b6fdaa28531d2,2017-11-01 00:00:00+00:00,406,late,3
3a6ac61262db148ef5678fc4383e3d5acb6d4ba7f7016a505c7ae2fa999bb33e,2018-01-17 00:00:00+00:00,483,late,3
5bbc99871e6fc85d7aac2fd62ef1c1760f5e761cccab4d35088ac48159f21673,2017-07-12 00:00:00+00:00,294,middle,3
30a8202975fd5399af73a4768f1084138dac95ffec776b5319728385b6783ed5,2017-07-05 00:00:00+00:00,287,early,3
eb77078836302c162ce9ca8e3204fabd1a059b7bd7fde20a8a0a3fd5e3805afc,2017-08-02 00:00:00+00:00,315,middle,3
8b0e3689c7059ecb36a7908d571b474ba6ba752228517585dd08a64cedbebd5a,2017-07-05 00:00:00+00:00,287,early,3
bd9fb55a70e2882a14f55fb21d59400855693ee3da6f90be09e607cd6c84f25b,2017-06-28 00:00:00+00:00,280,early,3
3e19f2637be7d9c260d82261b27117a581d6c7872bb01b4cf942fa69c5166706,2017-05-24 00:00:00+00:00,245,early,3
eef517305eaf0510a1687459da7bec8d2a452239f2fe17ba83a02f91bdcb5e24,2017-07-05 00:00:00+00:00,287,early,3
c046638541476a2b42294a66b37007003507504a3a22bae9c5ba25f907307697,2017-08-16 00:00:00+00:00,329,middle,3
a1c794d0d9bf6bde0e6d2424a94585275478bdc47bd733255d1be2315e25ea77,2017-06-21 00:00:00+00:00,273,early,3
798f2eddd97bbc280ca92e79559e161c7eaf59766047157aec567627117a8c41,2017-12-06 00:00:00+00:00,441,late,3
a37fd067532b1494bde906299f48774bd1ca8c2140cf6dbf24ce2a7098213c98,2017-06-28 00:00:00+00:00,280,early,3
c14e7f04b6c9a77032bf964a1715e6fbf0c127125b5a8e95bdf3b07c15170151,2017-06-07 00:00:00+00:00,259,early,3
0c39e07b1fc3ae4b9b1cee0b522db567cd3ad0ff098ffec34e484d2d4f7c6d70,2017-06-07 00:00:00+00:00,259,early,3
0b87a727a933d08cfb0848ccca96bf3bd2e4da1195249f06da80fe77275a07fa,2017-11-29 00:00:00+00:00,434,late,3
5d1deefb7ae759f113f178ae5af69281450afd009b96df5eb801e3113c216395,2017-11-22 00:00:00+00:00,427,late,3
f1d7a31e4c7783e27ab48fc068d8475a1929632708a1f6d3df884c7cd228aa16,2017-11-01 00:00:00+00:00,406,late,3
4ba56f795b55145b352927a7ca1623cc73c47c6b20a4d14db655f3c82435c1c3,2017-09-20 00:00:00+00:00,364,middle,3
0faf21e49d85e6e72a31632a8877ab011684461527338881739a349bb9ec5a77,2017-11-22 00:00:00+00:00,427,late,3
2110461fb3d05e00b0fc5bb975e9fe355606ed10587e08673a1bce97ced50d3b,2017-08-30 00:00:00+00:00,343,middle,3
1ac6455e15a94ac9f8b5c79fbc735a0c881f22fc967d8b9d871fa9d962b21f13,2017-10-25 00:00:00+00:00,399,late,3
6c1ad7ecd9a016dd78d61f443b6ea7107e149546418eade978cc785d62c9bace,2017-08-09 00:00:00+00:00,322,middle,3
db1d2242c0a3cd8f32d6c3ac03432a7b95b1a134c6fa2b85d1f278315bc39110,2017-11-22 00:00:00+00:00,427,late,3
766c2e49141ceb2a779e46801ef7ae2944ad3d7887bc046faeaec84bffd840aa,2017-11-29 00:00:00+00:00,434,late,3
4dfbe4d68c50536d180a87eb140fdd8013c3cec3e11379c4250f062013fede52,2017-06-28 00:00:00+00:00,280,early,3
5bf446dd40b1b416520110b63fded9fcd12f13a503f0ec600952888eca96b97e,2017-11-22 00:00:00+00:00,427,late,3
621fe75e6d9b930e8f93599e669d1b869ab18e7bd261012ea32066b9338cb3ae,2017-11-22 00:00:00+00:00,427,late,3
7c03b77af197c1a140c11ec22d333bb4ac91fe397a7279ccbc499655adfeabb1,2017-08-30 00:00:00+00:00,343,middle,3
8c027029c37d3289beba858e2431c2c69777aa371be8b86b5070f806eb286de4,2017-11-01 00:00:00+00:00,406,late,3
6080c8f13d6d46d4bc7397abbcc42af878a374b539fcda984f01440991b19e23,2017-06-28 00:00:00+00:00,280,early,3
3ee4e6312345bd4596b7b887a6617c2710227fc0700206f5e066c2939c7e0059,2017-08-23 00:00:00+00:00,336,middle,3
6975de03a5065478c1ebed3a75d7def9fbc7e4b77f86a9e28591a7b8aa02ae43,2017-05-17 00:00:00+00:00,238,early,3
d4f93835cf160f5722f0738884a04b1093b5d444b704642b9b23eea37a06a10f,2017-10-04 00:00:00+00:00,378,middle,3
fb439213ba08c7731734c324ad1180c7386ccb04f7d0f3badd2ea05d18680246,2017-11-15 00:00:00+00:00,420,late,3
bbd343d3e6de2ec86c07a0e717d67a8ee56efc2901f2e346ba60724d3eabfb00,2017-11-01 00:00:00+00:00,406,late,3
37fb3717df7ac3c1424d9fa0d4fef556b434fff3534d188e0b217dbc9f57548e,2017-09-06 00:00:00+00:00,350,middle,3
aef5ceecdb58ee84264b3daa16459c61940e53aa7fa43d9a3b1195df6bb3d19a,2017-11-01 00:00:00+00:00,406,late,3
936ebeff8d54eda1638f33b2d337d5bca5e29fcd928ed2e6ad85a43433deeddf,2017-12-13 00:00:00+00:00,448,late,3
f9debb6994664468944713490f83b65423280edcca43bf4685ea11ad6ceef318,2017-08-09 00:00:00+00:00,322,middle,3
ac52391b6b87e79400600f568e2bbd5fb852d6edef48d83266ce688ebfcc82cd,2017-05-31 00:00:00+00:00,252,early,3
7f8fee861e213401d91c617dd9291d66214b6337118c7cae6d06637abb2ea593,2018-01-03 00:00:00+00:00,469,late,3
c44472c22709ab3a042446520e768dfc80307496151bb9bd37fe94272768c7a5,2017-05-24 00:00:00+00:00,245,early,3
4d47e90175a3e4c3b827d2a9a54d8c60b1cb3fa2c16f4d8544e2067ac2f40ca9,2017-09-06 00:00:00+00:00,350,middle,3
a6f287d1a8a861a6ce4fbe9ef75814ab32e253d87e83e351703c7a240e8e692c,2017-11-15 00:00:00+00:00,420,late,3
1f3183ff6972e98a5d2506ad30845f867b66795a291770c641d77df805c06353,2017-05-17 00:00:00+00:00,238,early,3
77b5a88647b3e6f8308122054d6fbfb6161ac4a5c3edbf94df8a2d9d4d1b5914,2017-11-01 00:00:00+00:00,406,late,3
51d75fb2b7960f3afd90b48b3b0d1c0296ee61909b785783db3fd56ba682e3cf,2017-12-06 00:00:00+00:00,441,late,3
2cb963985702ace1504a4e71a1e1e343800262d9a1aa48fbed6f9cbcadbdc05e,2017-05-24 00:00:00+00:00,245,early,3
bb6344037084b023bcb1a9233d13f15f42d6e3b9d7dc4eb332201078dd97f89c,2017-07-26 00:00:00+00:00,308,middle,3
ab939d0e0902b3be9b972a5c9d660f863e4325275f9aef52e12b59cbd07440ba,2018-01-24 00:00:00+00:00,490,late,3
9f0a69e66f1ae1a0ff95d2701b1ebc40c58086317376cb25c606f75420187b2a,2017-05-17 00:00:00+00:00,238,early,3
ca6bff992e6e113d52a19cdd0992efbc65de0776e271614e4f3832c93e7abde2,2017-05-31 00:00:00+00:00,252,early,3
4f7f9fa1b483a5493adc36b6c53e90f32fe0b16b436bff455542c24c55122a8e,2017-11-01 00:00:00+00:00,406,late,3
c9818f26ce3adaad3c89eb2e7412d3f1cea970d7a1a208bd10a2f2729561b264,2017-06-28 00:00:00+00:00,280,early,3
3f675d4d49d0396435b8f66bce74feac6e65a9485a22f0d6884c3be93afdb6b1,2017-11-01 00:00:00+00:00,406,late,3
98a1895eefb794327a03aec3ad125230fd9cc51363f4d45a1ba5b6f464725e1f,2017-09-20 00:00:00+00:00,364,middle,3
82984e2cfa7bd26e61e414fbb50085edb819030b4b41d749b806b151ff0c29ac,2017-06-28 00:00:00+00:00,280,early,3
b9578fa2985cca53c62db2571fc392fd5e6b152cd696f97f31f1954aacb7b5b4,2017-10-11 00:00:00+00:00,385,late,3
1f7bd8efcc75a19eb9c15f6294364aea4bd822191fa91ce042a24ce274011339,2017-08-23 00:00:00+00:00,336,middle,3
65e5bfe86be7eda51356e1f5553c17803db63a016a7087afbafa41cca4c2dfbf,2017-09-20 00:00:00+00:00,364,middle,3
860bb66a4c7c65ee50fbc917524e59dd5807c415b85c4b7d0eed5b29efeb08c2,2017-09-27 00:00:00+00:00,371,middle,3
300599276fd7132dbd9fa5284effcacd30256e2bd1220143424445639e0e51c2,2017-06-07 00:00:00+00:00,259,early,3
70a29487e80022905d099a7fa15fefe3e6db1e1204f4c4b4c85c2433100b1787,2017-11-15 00:00:00+00:00,420,late,3
0ead01e6ad6a15e73780045f04fbda38fd59813aef11788f64c5e2a9cf7e9124,2017-09-06 00:00:00+00:00,350,middle,3
2464562a5b8eddd54319a4dfb53a0de4ed14959205306f3d43613c1fe42b7894,2017-11-08 00:00:00+00:00,413,late,3
c633be0edefc235490692f9884d767633230400cc6b7a6ad998691d8bbaba54f,2017-06-28 00:00:00+00:00,280,early,3
210758e45ae38192698839053df469688a5df2f8f3bf793316ee34004c361439,2017-06-28 00:00:00+00:00,280,early,3
ed6c4b336b87573e14073905baa5401c041a7862796fa93beb500e6adf228012,2017-08-23 00:00:00+00:00,336,middle,3
dd088781bfd831ec2fe014fc45df90d840137d7916344411182bbc80b28e5ada,2017-08-16 00:00:00+00:00,329,middle,3
2771ecabde529cadf9b9e8a9f4361c000bcf0decffd78b0d6ef2b708c2ffcf70,2017-11-22 00:00:00+00:00,427,late,3
0ae0d7dcb0c410058546d46c70e3b85553dddd9786f656f51249543879ddedfe,2017-05-17 00:00:00+00:00,238,early,3
6789ccae26294812626165d7171f674b5dd149a38abccdeef951492cb12e42ba,2018-01-24 00:00:00+00:00,490,late,3
9b1614612cd2e49bb298639127827506929543ea64c69da49a503488276ad74a,2018-01-10 00:00:00+00:00,476,late,3
2518d6bff511e7afab99f2d2c6d68ce5c60ccc4c35a7c5ac70e0ced60bf3caec,2017-06-28 00:00:00+00:00,280,early,3
d09663aff778c3bada19540a98879dd948d87975b7d3dee84bd67b3363d0668d,2017-07-19 00:00:00+00:00,301,middle,3
9ce47f41200c35675a02ff81034214f87488d547444ceef517e4633919eef31c,2017-11-22 00:00:00+00:00,427,late,3
8c6ea7a2934275d55e96effa7de76a34112e728cc30a2ee64ad3e9d8e471eb59,2017-05-31 00:00:00+00:00,252,early,3
413010d7e913edd90383fa6fd3a63779a60e416da20630c51253aa9181a81743,2017-11-01 00:00:00+00:00,406,late,3
2553f4f2fdb210d4cf1704419734a3d134459e8ba640cb44fe115dcdcf3c9dc6,2017-08-23 00:00:00+00:00,336,middle,3
3e115ef700d794e53c47c569c9f006804a0ca3abc6fcbf35e2362d44c3318095,2017-09-27 00:00:00+00:00,371,middle,3
fbc7fd0075db1ea788da8b9e329f258c6e6a359ea257b1db337bfc3c6717be02,2017-05-24 00:00:00+00:00,245,early,3
3ea4ad990174c9a1fb8d0615b96a9ffde4caa387f6962d83892b988fa1454db8,2017-11-22 00:00:00+00:00,427,late,3
75504c1954fb82d0e414d5d9cb10057712fec7d7d8a743e53a7e59457e05df05,2018-01-24 00:00:00+00:00,490,late,3
46f1a4c1c0e734f4c57809e557da804dee22be57fb10459fe34bbdd21ffc2ac7,2017-08-16 00:00:00+00:00,329,middle,3
f373c2396b9dc1aa05d0fb4dfd1f52f3232a28e33de9d54fb217d0a9b097ecec,2017-06-28 00:00:00+00:00,280,early,3
dd49a6874a62217e9b0e34b472eef2e67198507e20d983568f7f4cd906d6cf3d,2017-10-25 00:00:00+00:00,399,late,3
3d5ba09432fc3933942f8aae09762c805f209497ee123bdbef372f4d09cf27e3,2017-12-27 00:00:00+00:00,462,late,3
5cbd4037a6a4def9deb506d4e66a81c6f158706f78418866554c9dad7e0b5c39,2017-06-21 00:00:00+00:00,273,early,3
0cf24733016360f72ac3915a610aab105024adebafb7fc03fff20af028049313,2017-10-04 00:00:00+00:00,378,middle,3
bdeb00d05d4f55d12dc71c4744705c7a36c770da54afebe3e21137991a9f8e9a,2017-06-21 00:00:00+00:00,273,early,3
9e5dda33612ae9cf5d93a2df584826fe6893b707cce133f4e60929089eb271dd,2018-01-10 00:00:00+00:00,476,late,3
e814a07d1f6860bf9b5e8b2d2e9c102735a3839bae31ba0226bfe214e854db3d,2017-06-14 00:00:00+00:00,266,early,3
000a21be74c1358eed09a7c6cf533d44c639882f7c221493988a2dd2f08cb9b5,2017-05-17 00:00:00+00:00,238,early,3
c557e004ee268131ce01a3c40db127a4c51be8f49b723c4be3a94a4bd98c54e0,2017-06-14 00:00:00+00:00,266,early,3
1b33ed619f84a0967ecc1417e7221fbb562ad8e61043604c1520ddeaa49810c5,2017-11-08 00:00:00+00:00,413,late,3
b53fc462ac111597ba6a1f46a9ec2394057eef92b60e26ff2527c9f8a147ebb8,2017-09-06 00:00:00+00:00,350,middle,3
7da232a43a668f31cd95955c95934312f23affc24c1bdecd284620d2a4eb34e1,2017-10-04 00:00:00+00:00,378,middle,3
d6835d57180eeaa5d5ae907cc18505e44c72eec1f10ebc0d4de75927505b3c60,2017-05-24 00:00:00+00:00,245,early,3
243f9930822df68ee8c38047a709acfd3c50b2c61c3d96e0f7c1cdb3ff187ecd,2017-05-31 00:00:00+00:00,252,early,3
bf31de8a0863f87d174ed48e7dc086ed7785ac5be9c68fca1c2dfbd2f78b5c6d,2017-10-11 00:00:00+00:00,385,late,3
8450f8e3a09cbb6e54761fabe7fde5af3a81410b10e3e6b7f468434e6b506b95,2017-10-18 00:00:00+00:00,392,late,3
0ab21b068e82bafb5f107a2cb755bba6e8121952917719e4b45b69bfe9615152,2017-06-14 00:00:00+00:00,266,early,3
c7b1d2f9cf384fcaeb0fcf5f397a30acdd12ad625019cb1f5fec7ca97f54f399,2017-07-26 00:00:00+00:00,308,middle,3
ec968df822e21e2cef318f22c3448afc07f5a8e291c3c4272e933e262f69a533,2017-06-28 00:00:00+00:00,280,early,3
187b28f559224534fd61bc0a554298780fbfc584d4de6c1b42945a8773a35894,2017-05-17 00:00:00+00:00,238,early,3
702b1d1078f13c09b1c110e64023ac99950aa9a8f1df026fdd5ec9885ac03c27,2017-10-18 00:00:00+00:00,392,late,3
ee015ba8189c2000f89a25b4b7b21d05788f689840e08cc21ef5ecb87c760734,2017-05-17 00:00:00+00:00,238,early,3
dc4cc06b1e8733a18fcaa66746e6366eb2ae3c0e4ad53816255eac6dbf991c26,2018-01-10 00:00:00+00:00,476,late,3
04ac05787808e416697d13671cdad1b4dd98a9724300ddda1f421d03ad5dc1cb,2017-11-08 00:00:00+00:00,413,late,3
10ecb6e090857bc38070b51419d23a3d0c6cb6d511d19845c6bb23b8bb49f1f9,2017-08-02 00:00:00+00:00,315,middle,3
e9c98d3d33171943b17b3e3fd52b5805915987aed667913504ac09d4cabee989,2017-06-28 00:00:00+00:00,280,early,3
705fe5f5d8823e10b3630b8a8c1c8d4e98e16a4b917c0ef9af9fdb3a8d3ac01d,2017-07-26 00:00:00+00:00,308,middle,3
c4e18b216801b9645fd07b192be988a004f359703db78f1f080eea46b91aec1f,2017-11-29 00:00:00+00:00,434,late,3
53d648fcfd86fc50743c59c6d95808657c0c2af91d4c71bddf7690822be042f3,2017-08-23 00:00:00+00:00,336,middle,3
433542ba907e043b9b7973c7edf46dc2c4151d52496eec2721f7bd0a98153f8f,2017-11-22 00:00:00+00:00,427,late,3
2432cb8397241e05ca55c7acd75408e4504cd000e35db1836363a8f9634b8d3e,2017-12-06 00:00:00+00:00,441,late,3
72a6ff2a51e5d2ed904dac84695f76bdce666a325d59fb09b9d133d2066acace,2018-01-24 00:00:00+00:00,490,late,3
3f9fc40b0db8df6284a34eebedbdfac03e436d06a19863d05ae9cacd7f1f84de,2017-05-17 00:00:00+00:00,238,early,3
0ca02d19e3dd1eeda7a4da69d9fbd86abefc3ff4a02e303cffd128852543283a,2017-07-26 00:00:00+00:00,308,middle,3
d6e64ed7df07148137dacb5cbcb9564a54f9978fac5e3647adcf0eabcbd9b529,2017-11-15 00:00:00+00:00,420,late,3
4e98a770c2b903df547a3e4675fe3c182ad27f313916808cbfe9234b76dc91ce,2017-05-17 00:00:00+00:00,238,early,3
82816133174c798480420e654fbaaad0de15da333b64a42c6525a16037ad9eb3,2017-10-11 00:00:00+00:00,385,late,3
95f0976226da3af35dc9bee3073cde1ef341d8de3515547fca0c141f8472533e,2017-05-24 00:00:00+00:00,245,early,3
bcacd36ca4d5ef6d56c2aa72c623ec589b1d86e6c294191f378b15bb89954566,2017-09-13 00:00:00+00:00,357,middle,3
ad28c2193adef6fb4959da32cc2a480e4311151d699ddadcaba13d2229d7b76d,2017-06-28 00:00:00+00:00,280,early,3
b42c9cb13ce07aad1b7de8c0eaaf8235c9f5880fcb700e585dfcb3910d0d18ab,2017-07-26 00:00:00+00:00,308,middle,3
02d4dd3b442e75bf22b3b9b051c8265ea4d86c0ea6393ea44d970175dd220576,2017-09-20 00:00:00+00:00,364,middle,3
87e175df8cf5ea328a5021f76824e83e2d284f68d708f191bb01f4b216d37a90,2017-07-19 00:00:00+00:00,301,middle,3
1c9bc796a11439dd9a7f80d56e53cf32a5a63841a52822da1bd7f306ff7387dd,2017-06-21 00:00:00+00:00,273,early,3
04594963236ae666daafd3451b0680506f84e6fba34206d6106c6b0911993b55,2017-05-31 00:00:00+00:00,252,early,3
26ebc4bcd92a5bb7521e34dbe64c3761d3feb0902809aabb95f434732b2818bf,2017-05-17 00:00:00+00:00,238,early,3
db67b27cc61aca7a3edd409782722e19dffb3b88ce698d0e92b8a343786b00a0,2017-11-01 00:00:00+00:00,406,late,3
02a4bb40f8d5ed6506ad1269fa4202e676dd99a4c10e77d040c264f11fff2943,2017-10-04 00:00:00+00:00,378,middle,3
afdd70703a14405b9100ed4caa8d72c71ee97be16c85865ca77d73c629bc60d6,2018-01-03 00:00:00+00:00,469,late,3
1db1ac53d73cf63e829950d0ed4f08d7c5e06aa3fafc0545b7ac982060b19056,2017-06-21 00:00:00+00:00,273,early,3
3177ccfc5b0e016209f7a5cd81a68648ef960eac3b30d7e8dab242f5d219e05a,2017-05-31 00:00:00+00:00,252,early,3
602167da2ce71a89d64175bf80542006d225b003aeaa44efb80680d78fe7e9bc,2017-08-16 00:00:00+00:00,329,middle,3
80330cdf2f4d665bf77a30e6e0c08024c80fa2b49af7d7ed2652f66245f3f124,2017-08-23 00:00:00+00:00,336,middle,3
6bcf2fb9631ba8067391fe29e0af87f77ad6013af5be0278b7b5ba39654d45e8,2017-05-24 00:00:00+00:00,245,early,3
9d94a397fa1404daa7489135c10ee5e6a17b649a2f44f9d389d6d0c107378b3d,2017-11-22 00:00:00+00:00,427,late,3
c38f56f4bf8b6d55a05808aa6f232cabbbdf55e34127f50160faa38b822767cf,2017-06-21 00:00:00+00:00,273,early,3
795608a52036e8d0c929acda12da2546592a1938c751361435c9b4ca049d4e65,2017-07-26 00:00:00+00:00,308,middle,3
55feb80d04cfc592bd832c5e54d0aa292a2cd0533851d43c7fe091ac0f5a19e5,2017-10-04 00:00:00+00:00,378,middle,3
38e93ed3a70d13b97cdf641828d883dfd47b7fe7ed6ac48edf8183836e33f01c,2017-10-11 00:00:00+00:00,385,late,3
87b9b97c98d6e047fc96c5ebf17d3c9aaf672fe4639597470c0a813a43cb8381,2017-10-04 00:00:00+00:00,378,middle,3
f48be31689d56ee877d74f993ce6143804a479274e5959446d7f4cf3ce536814,2017-05-31 00:00:00+00:00,252,early,3
ddf2a7f629c386628e3436386fd92aa5843703a37414dbb90e56e858676e4c0d,2017-11-29 00:00:00+00:00,434,late,3
08e3541ddfcba95473696b679d83ceae3ecd42489d592e76e1285913afec0747,2017-09-06 00:00:00+00:00,350,middle,3
b1f4c69a4883c601be979599eb96e0a5c24c12173169c3a7a5dbde547d2f1856,2017-08-16 00:00:00+00:00,329,middle,3
1d44ab437739666c07cce14273e07ebc75d0628b8249afb3adb35d0d50701da4,2017-10-18 00:00:00+00:00,392,late,3
1d82cffc82e1fa532b12ebcb209a88597f12097e4ec66cc1d7926951e3352b31,2017-11-15 00:00:00+00:00,420,late,3
aafde1a9935831cbfb933baef77c6471e5665d02940544cdb888ecec6e99dc62,2017-06-28 00:00:00+00:00,280,early,3
7591727b5fedba5560539bfb61d526078d7b58939ce08ee928e3bb985eaa3aa8,2018-01-24 00:00:00+00:00,490,late,3
cfd1f7254f714af6659d6e683383f9d498aa89ba9527c9f44d6210c6e30c3383,2017-06-28 00:00:00+00:00,280,early,3
22291d7af09772d65f0eab3585550d6161fb108ca9710e82c5a5b4f836fdbebe,2017-06-14 00:00:00+00:00,266,early,3
c80fcf97c0f6bde054e9842e3ed8a24fc2232a37bd71c3ea73cd45bc3e1f3c13,2017-11-01 00:00:00+00:00,406,late,3
8032534f8266e2c4838687fd2c8267c5dd105081eda9d72692c2e0e4f9c569ff,2017-12-13 00:00:00+00:00,448,late,3
52ee798aa9ebc7af58d5954391857820f9b2502b8c91078a5760f84d9965b533,2017-10-11 00:00:00+00:00,385,late,3
9b0c09898f6042609b410f70de486401baf91ae30c2d5b186a70fcb14569cec7,2017-10-25 00:00:00+00:00,399,late,3
c8b084cb552a2849e9ce837d23156ef4e8d43bbc5ef008ed469b69992b3b86a1,2017-11-01 00:00:00+00:00,406,late,3
17ed6acbce1a22be53d34d678a176ce36431091b8975b7cf74884fbb407bd3b3,2017-05-24 00:00:00+00:00,245,early,3
563d19306a90bd2dd96ec4ecb8189c0025b0ac2aaedd3b7d9def887771706139,2017-10-11 00:00:00+00:00,385,late,3
668e176e7e2d57feaf712cacecea9a5694769b3c4a4bc03b4ac284b737548950,2017-12-20 00:00:00+00:00,455,late,3
aa8aadaa41629c8c5b61b60ee912e47cf7058d9d3955d578eb9544b76a35f02d,2017-06-21 00:00:00+00:00,273,early,3
3ba50df903e548d957d2049aa94240478241f9ff22116af8cca286528f01e631,2017-05-24 00:00:00+00:00,245,early,3
aa66796ea68d77778b514ced24bd331cf9fbe9febe03e404bf7696151e7f0504,2017-08-09 00:00:00+00:00,322,middle,3
603b83583ea787d31a571d95bcd101a74c425c6bb09b3ea61f60e35ded8b5fe8,2017-09-27 00:00:00+00:00,371,middle,3
b0f96f8eb639b25d7030ffa529daf8124c14b4ea0e1482f238bfb693bd649716,2017-11-22 00:00:00+00:00,427,late,3
afbba70e25006cc21f8bb3d205c5c9b99d693807645dac93723348b926a0fc0d,2017-06-21 00:00:00+00:00,273,early,3
455841a372c562a52ee0eec4693645c9cc50d05eeacd7619195c6a2c7c04c98d,2017-09-06 00:00:00+00:00,350,middle,3
bcf4b210525b659c42ac06828c74dafb48004d6194a65b2ff07e649ee0792afd,2017-09-13 00:00:00+00:00,357,middle,3
958e20d122958f63eb374c1d6133446991a6f191326e670271a26d7de580af02,2017-06-28 00:00:00+00:00,280,early,3
b20bcc56ff8faaadd6eaa05c3976a15f1d5590ad56fe4809d8fa1234c505f14e,2017-10-04 00:00:00+00:00,378,middle,3
f32d7275200e250d526e6e5b46a4650531a1389912d5eae908028c33a821bde5,2017-10-25 00:00:00+00:00,399,late,3
066eb560bcaff9a74c90579cd00021117850faa2e6a9d4a40962a9dd44cfbf2d,2017-09-27 00:00:00+00:00,371,middle,3
82e953da00c4a76f3dbe7d6a9a9afdedc8fb7ef522bd566c7c5f1d40430e792a,2017-07-05 00:00:00+00:00,287,early,3
f9d8d731d22f62b0e0c899562ef42ad3dd894a2410f9b72871d5189265b128b3,2017-08-23 00:00:00+00:00,336,middle,3
ebdb977e625bcc4eba5838a08d01961ae0177c840135d8a323cedaf736d1fccd,2017-06-14 00:00:00+00:00,266,early,3
63fb66c157d4ac7e834851d56a76885212aa7370c6dc106c1bf2b1d0c2f35541,2017-09-13 00:00:00+00:00,357,middle,3
026560a086a6b8e71ea22f9fa7b72d404b182fda48038b36e221fcbd396d7736,2017-08-16 00:00:00+00:00,329,middle,3
4051b1463c92a81810ce9b218ad7c7b7b459761d24413a3fd6e5856f4bc2a058,2017-11-22 00:00:00+00:00,427,late,3
20cf070eb376fc023c034f23093e06cadede9d7dc22fcc3af1076250811349c3,2017-11-22 00:00:00+00:00,427,late,3
3e1084a0f283d1d37d29ee398055a0146285ad74b6d0228360665eeb39afc22d,2017-08-09 00:00:00+00:00,322,middle,3
6122f1b14d8af77d0bb34f9e162a30c536271a275ac7be5d8b38898ce72891cb,2017-10-25 00:00:00+00:00,399,late,3
0a3b4acbb9b32e7dea255a0ed01834898c959bf101b289acc071cf8e61f2d5e7,2017-12-27 00:00:00+00:00,462,late,3
c09167d99046055cd1a05144cc6a7bce8ab566fd2398fb7a41d6ca4fec87ebb1,2017-10-18 00:00:00+00:00,392,late,3
97adb4f9ae5730398611e632dab22e033c6d401c5c65a37f1376e22a7650cd73,2017-08-02 00:00:00+00:00,315,middle,3
67d53b9334fd0ff919910ee73487e9dcd98a58ef988420b72a336d37a83f9826,2017-05-24 00:00:00+00:00,245,early,3
ed75e33210de0790133442f047b43fedda65b4fb61a8b68c59506e17a0c42cfa,2017-08-02 00:00:00+00:00,315,middle,3
3013090459eda4670e3ccf108d09cabf433abb24fe7e6b2207d37acc544068a5,2017-12-06 00:00:00+00:00,441,late,3
69e940d96f873e7bf3f135d3af36c8424c6429b8a402f96a614d4e1199faefec,2017-10-18 00:00:00+00:00,392,late,3
79b7677559f2fec1f6ea3019ca06b932bef428049f8a725111d742238557bfc5,2017-11-22 00:00:00+00:00,427,late,3
50629ac66b33fcb54e0ca8f20fa8266a3888ea4a674d58dadf15fec793e9b06e,2017-12-06 00:00:00+00:00,441,late,3
fd2d5930b4647c075f338141002670e2c47168cbba74ad47462b508510bb1f32,2017-10-18 00:00:00+00:00,392,late,3
f83e11acb60bf179219aab8c9ee982f7396866ec2998632dcb767b4bb6cb5434,2017-10-18 00:00:00+00:00,392,late,3
504a8ac7e386ce27bb3a3c5a3d6a0a32885f5eccbf3bde7baa284c75f2559bbb,2017-09-20 00:00:00+00:00,364,middle,3
a162fb7a7adde0590f1ec28e6c034c824a63ff814bf31f03a1d7c6fa6a09ea2b,2017-05-31 00:00:00+00:00,252,early,3
5aedb31a697116e38feaa36f13141a92cb0f5a2e17c4840668f3680057a57f8b,2017-05-24 00:00:00+00:00,245,early,3
32bfca029046b2abab7ba8b650fe4a2d169a6e798d5c2ed29c85e8fb158108db,2017-09-20 00:00:00+00:00,364,middle,3
d73e8962e09b57821b08e212c7eb14b8b4aa51b103cbba310f59ec8dcc844768,2017-10-04 00:00:00+00:00,378,middle,3
4e5fc975366b3eeace27d01606f365a11fc3488d097de7d4e802fce128fb6e0b,2017-06-14 00:00:00+00:00,266,early,3
21d48e505ce1d840549bce2e33401e2e0968190e451b02c5fdff3b2cc46ac484,2017-09-20 00:00:00+00:00,364,middle,3
f12da18ec750f830665befa57159dc34cce22c413ddb8196e776a653f9914151,2017-09-27 00:00:00+00:00,371,middle,3
c11027d3ec7a915b79c3195c637512822a761756a2ee603f48a7b6a00d988eb8,2017-12-27 00:00:00+00:00,462,late,3
dc1533e68c582230118a40308f164ffce18df5644e7573bacd0e702613e66330,2017-12-06 00:00:00+00:00,441,late,3
1881cc718683ab87a1c78abed4b7770020830ba1ae2a39d691109880dfef5b48,2017-05-17 00:00:00+00:00,238,early,3
e6884b8f766390d66f2d895f0433a124ec26cea64db1b53cd8726bcecd354618,2017-06-21 00:00:00+00:00,273,early,3
4835e8504413abef8d25e94313f06a9dcc51eb85ab66bff03c58921daca3e9fa,2017-08-23 00:00:00+00:00,336,middle,3
e7bf762e3d206ccddba06599ef1f75287334bf998f51b7a0a926bc2854650f87,2017-11-29 00:00:00+00:00,434,late,3
747aa8c3eb846600393452155ef19482d6bb1d6ccc4686ccdef615b6f218e596,2017-10-11 00:00:00+00:00,385,late,3
fb48c41f6bbcfebbe2dae55d030b372e0f713b140da8085e8caeb735e5328915,2018-01-17 00:00:00+00:00,483,late,3
b1cddefbf777220303c9021d67078a58022cb8e7514c24859b6f52388041d15f,2017-08-23 00:00:00+00:00,336,middle,3
f475b4c542cce506048ef07b7a4c834cff826ad9c9ebe2912594e8d154851903,2017-07-26 00:00:00+00:00,308,middle,3
cb612da6c1678c673dc134572a79c4cd5f7a61b7cd42a1ed95aba8207da1246c,2017-06-28 00:00:00+00:00,280,early,3
371f85938efdaf491b86d1bccb61f3989bc7cf93fa92ff736a24d214a3341292,2017-12-27 00:00:00+00:00,462,late,3
9b70800449c0a227c34cce338fa5dfedb4b114ce0e5e6aa211656005936007d1,2017-08-30 00:00:00+00:00,343,middle,3
64e266b643cc0031c6f9ff5194e5b8d4036d47c1fa01ffe122b683545575246f,2017-11-29 00:00:00+00:00,434,late,3
00ae814d7deac58cf212fa4808bdc4f722354d0f78443caf8e753862aeface0a,2017-12-27 00:00:00+00:00,462,late,3
e7cfe2bd095d347cc2f1cc75d5140acaff85e2c05ff21d6715db112fc5494762,2017-06-28 00:00:00+00:00,280,early,3
6acc8cb97106988c0086a2cb490d7277a5c05c94de28de4438f8432247098b72,2017-11-22 00:00:00+00:00,427,late,3
cf51af0d7ac9d0884b1932e45736746f066b0983111fd22dc75fa6af00a4db4b,2017-05-17 00:00:00+00:00,238,early,3
92f2c3436dff70e0da78f9b4a1d4ebd714d2d0258d0e2927dca5402b9469dbb0,2017-08-16 00:00:00+00:00,329,middle,3
9073ea28c33c4817f0332755ac8c140b6258023bec0f733cb9998646461c991f,2017-06-21 00:00:00+00:00,273,early,3
913571d4f9ea3858e0e0cf9dc9773ce3d9d7a8572a1db9d4d1cdc8ff95d9d236,2017-10-04 00:00:00+00:00,378,middle,3
9684041865ba595257b02d88366daa6aa941af99f49af358232510d386d08dd7,2017-10-11 00:00:00+00:00,385,late,3
dbcb19350592ac593275222ac6a02de2f65516960fb397f07979a128e50a3365,2017-07-05 00:00:00+00:00,287,early,3
6d9ef70f588f3fa50d37c5641eceadc43741ac101354505f1eb36ea87724c2ef,2017-10-04 00:00:00+00:00,378,middle,3
20e9d88e01ecfb78aff7f26e8c281bbfc2e3dd56faee7fb6ce87b9fc7245619e,2017-08-16 00:00:00+00:00,329,middle,3
5249ce2d97ad6d699646fbfbbc8f4f8ceb94cfe825312fadfc1bfc5eb7c715fe,2018-01-03 00:00:00+00:00,469,late,3
4558a2425ce86d5a32e331c5c784aa47569417171ba7d200b1d3b679c1a65d71,2017-12-20 00:00:00+00:00,455,late,3
75f708ce7d49e85b563979c8e7ac1a0bae12b1ec9e84202eccd93703fc2b256f,2017-05-17 00:00:00+00:00,238,early,3
2bab683e9bf4dd5441c21e36c28b3c3fd4f70925de0aa525584f0ee03eb778c7,2017-06-14 00:00:00+00:00,266,early,3
2504a981f0c1c9e9ebd8ef074cbf2cb92eb4903114d8948a0ffd68c577ae4fcd,2017-05-17 00:00:00+00:00,238,early,3
558110ffb19295f0ad91da15c7d222ac69ae3ce8bf94c1fbf5bbaaea1779a73f,2017-06-28 00:00:00+00:00,280,early,3
a80ba5c95a725ef8bd1e21624b7f425d42548a6bed3a71a01c573cb22cfd6e38,2017-11-08 00:00:00+00:00,413,late,3
0d4fc1bc53a6f9b7facdffb191a0c0e3d1439ff41faafb71cc1f91cb1530111e,2017-05-17 00:00:00+00:00,238,early,3
5cf1388da67fed3f4db4f6a98d18f1de9f12520f9d12b7fc57590733afd800bb,2017-06-28 00:00:00+00:00,280,early,3
9c25e843818cdaeee1d00541a93022920beda59e91f4fb31bbea73fef5525428,2017-10-11 00:00:00+00:00,385,late,3
44b44da236f1dfe9f02878504a6b70a4d827286894fe3f29fce10b087d008840,2017-08-16 00:00:00+00:00,329,middle,3
aefe369188d2e664124200670014f2c4416b3faed5ffc46de4d587dc70ee5924,2017-09-13 00:00:00+00:00,357,middle,3
e73c2a769347711317d82f515abde7a55862420c06dcea0cf0656426877aeebb,2017-11-29 00:00:00+00:00,434,late,3
3a7fcef3efbd6a454b3a3bff69cfbe644f411bcae1b5906d51188b562c63e748,2017-11-22 00:00:00+00:00,427,late,3
3d79d2c3a1efdcd9c2b57e53ae58abaf2ae863a9d8c3bff8cc8727041f0c198e,2017-10-18 00:00:00+00:00,392,late,3
936d887d44e7b51792155f5eea6c3af602983a49381c7f6feb44f8c05165142d,2017-08-09 00:00:00+00:00,322,middle,3
f2398cede761ceed890739effa34a0e08965242e928252fabf68b7d26730bebf,2017-06-14 00:00:00+00:00,266,early,3
e1bcedf714363e081e65648c214612ac4d7b3595d860bc84ffc4b82a774ec004,2017-11-29 00:00:00+00:00,434,late,3
364b73c62729ef65e4a5197146137b5b71d559f2651f7403aa3147fc9fcf5c15,2018-01-10 00:00:00+00:00,476,late,3
836cf997f0e050d6f829772ea530cb98016e5fab22c04968d5a763d2f459ae16,2017-12-20 00:00:00+00:00,455,late,3
9c1ba11120c417b4c3df2317aaf1445975c51d4d0bf17b82c3824848c2d59c37,2017-06-07 00:00:00+00:00,259,early,3
0b27929f2c57d8df27f5bb7491106155cd8f7f916bd3ff6681ea85cf4ed09b90,2017-12-27 00:00:00+00:00,462,late,3
d226234b4c11a8f6aa021563175e08261dd444fa99a5dc0efdb5b24f7a10b102,2017-07-26 00:00:00+00:00,308,middle,3
62d7b8d124c0ff929923bff582c4fe1301de50c132f0e78da518be046d756b74,2017-06-07 00:00:00+00:00,259,early,3
50eec4fc1b5f58edf51e8ffa7a3df837adb0557dcd7d873a1f7020368ba67b2e,2017-06-14 00:00:00+00:00,266,early,3
f13a6389c2f5a552827e488531e05e10f0b3f9d22e225aef47ac811739db36df,2017-12-13 00:00:00+00:00,448,late,3
9d56106ae663bdb698dc0a46324773ba8dcc4ee1f56e7929f6f4091013015b57,2017-10-25 00:00:00+00:00,399,late,3
17235f63952b29863c28282c00b7e408c0418c46841f7a162bbc39f835af42a5,2017-10-04 00:00:00+00:00,378,middle,3
039d6f916a019a6d3a6cf9222aad57473c208cc4354c5ae0751bedf011722b44,2017-06-14 00:00:00+00:00,266,early,3
b3f41c51582bc70d8fd2d2e3375f4f78cdd64770ae28861b9754d54a27674ec9,2017-11-01 00:00:00+00:00,406,late,3
5bddc1aa4eddc802eed7f1a0b25383041e8a8669006ad497c6ff80852f148df4,2017-10-11 00:00:00+00:00,385,late,3
73e5ad4e81a74d28d1f989eafd504f2b618712c09373525d2f7ca6e65c661e1b,2017-06-21 00:00:00+00:00,273,early,3
3088c26e86fd0ba7ad31be333907f135a67e0cf02c20368dd37688b63d0e81bf,2017-10-04 00:00:00+00:00,378,middle,3
c9ed4b92ce6d542b4d38b479ecec0ab4b64dfa1900ccfcc5e5bd20ee43ca44ce,2017-10-18 00:00:00+00:00,392,late,3
0ed1fa59aa446e6fb608ef7c24d5af66234a3030f5c63e7b453b05c47744232a,2017-06-28 00:00:00+00:00,280,early,3
75d10900e05392898d8238e6bd9344c6f4def5cd9bf696f63af6b983db72012f,2017-09-27 00:00:00+00:00,371,middle,3
d77e9a39ba6e17e00966a061013a0a512acc956a888ab86fe62d893c2f8c2195,2017-06-21 00:00:00+00:00,273,early,3
8941efcec7da0e71b9f263d49c0b8c7d0bbce97e69d9d0b0e276cc5d9cc23cab,2017-11-08 00:00:00+00:00,413,late,3
826f5d903ef8c4fd9ef4dc064cdb9f4c3c136b102255be666fc1ff97a10a8a3e,2017-05-31 00:00:00+00:00,252,early,3
ad417fac44e9b9f846ec1d944fbf1081ad6a5152f2394ed9151764516c513639,2017-08-16 00:00:00+00:00,329,middle,3
2ffbac74f4c9d072659e9ec98749e06895c224a99bcad78bcf44c32af39110c4,2017-08-16 00:00:00+00:00,329,middle,3
e60ef5c6fe13c36e865a58ab8f7fc45f46fedbcd88084c014bb98382bb206f01,2017-09-20 00:00:00+00:00,364,middle,3
4c700b0ad3e9bbf42043278fe6ab4ee10c88344ca5f761ae500cd586ce9c0d3c,2017-05-17 00:00:00+00:00,238,early,3
8b5b0418f5182c1abe907dd5eb3bec848ed79e30445fb61cd8100808d1caba2a,2017-10-11 00:00:00+00:00,385,late,3
0d8f108b403e95f2800737ca29405827f069814a5cbaa86a996b9a9d8d8bf65f,2017-06-28 00:00:00+00:00,280,early,3
d750c3c75db41359df0eb34f1e3c7f1793da5b8cd96e0254d35fa9ccb6f828be,2017-06-28 00:00:00+00:00,280,early,3
56c61e58cf6142bc3c163ddd71d7ec91b33660165ee438e2aaa93e2988aa8db2,2017-05-17 00:00:00+00:00,238,early,3
fd7d803748d1c54f0155eff207d3071e6e84343eb902f4f80a84ec05693f6a33,2017-11-01 00:00:00+00:00,406,late,3
04d9c3be1c7447ef618eec0f1cd517fb0b3b788b68bb86d69677f2a3cfbe6572,2017-11-22 00:00:00+00:00,427,late,3
3b21fe1be2d0e653e831f46f5956686dede9dd906cd02aa677280adf3091aa61,2017-12-20 00:00:00+00:00,455,late,3
06026ea4ae4f815ca7adbcb98a780d4444f7187d526e3f15291453548ad2e2b4,2017-11-01 00:00:00+00:00,406,late,3
b1e88657ba744685777d0c31941edf5192b0c35cfc094748e88c706a0bde91ea,2017-10-11 00:00:00+00:00,385,late,3
193887b6588d72e421fc076b7547cc8d4091e94ee6372283aa2a64a47599f78c,2017-10-04 00:00:00+00:00,378,middle,3
7c6ce56a4a4642965d6d43d8b9af00c9175c66ce620cd3f2ff1b6e2000bd27a4,2017-06-14 00:00:00+00:00,266,early,3
c4d07c3d350f291dc6afea79089c6565bd56b435b1c3dd78b827127c41d0c90b,2017-10-18 00:00:00+00:00,392,late,3
13b50666f33a0a5de78938a9e2608d7438c5534bafda9c6d63c3c87ee0519f34,2017-08-23 00:00:00+00:00,336,middle,3
550f816aaad64e7ca07ad67690e145cdbd8f698357ea0d8d72ae7e9b8e3e7a17,2017-11-15 00:00:00+00:00,420,late,3
a0d5a14da0d2cba8f1de4d586774f68db9ec1d48f553aa6257caabd4e8f47c22,2017-06-21 00:00:00+00:00,273,early,3
d2fb47c98349ab457293f447c6abc2210a54b13ef4e3805f60b559539d4d2e88,2017-05-31 00:00:00+00:00,252,early,3
094be29203f47efaf52e07058fc6ac13452090fec89fb6b4d3fe29ca8990ce1d,2017-10-04 00:00:00+00:00,378,middle,3
bb908d72ff62182ebb1fea7ae32ff11ecd768500427df14e20c3b3f3c8edfc16,2017-11-22 00:00:00+00:00,427,late,3
21474171c2de01a3e5906aea89e25db619a115e8900409f34b751e826d91d10b,2017-07-26 00:00:00+00:00,308,middle,3
87a34bf57f3992927632d8807b9fe05fee0161f2041f4eed2b684160837a8a3f,2017-09-27 00:00:00+00:00,371,middle,3
a3d282c6e0bdfac51691a968a06467af578ce3515333c3618f708bb1c4f07719,2017-12-06 00:00:00+00:00,441,late,3
4de5c27f475df6d85a2554d03b34a485648b003da1e63016d592712d8b7630cf,2017-08-23 00:00:00+00:00,336,middle,3
052df421efd7f3ef6e4fe16ad10ec3880bb610ba8d1774b885f21fdbd53f5127,2017-11-01 00:00:00+00:00,406,late,3
a293cc50e75974d85a46f49fc99f850ed4b1b540f4ee8c752ce0560f92971bc6,2017-09-06 00:00:00+00:00,350,middle,3
63b3a6745d892525f4befff32153a0e51e299a30f705f4ffadd815348cf19cdf,2017-09-13 00:00:00+00:00,357,middle,3
bc61f22e480d12b92975274c39cda63a5002b70a309b1502b7bac4fc44566cad,2017-05-31 00:00:00+00:00,252,early,3
5bf2810ff1dd40ebebcb31baa5af1bbd896d33137b4803c7086d994762312938,2017-06-14 00:00:00+00:00,266,early,3
bb1ff36936c7c077dabef6c65ba5a7b7760c59807e3349ddd08833511a22480d,2017-10-11 00:00:00+00:00,385,late,3
c34dcb83fd766d12b9a1185ee5a05ee08af3087a58b915a215299c769d7be492,2017-10-25 00:00:00+00:00,399,late,3
665797a915e7bb3068833a230bee41c878a71cb5fe0b7bc48068c201d71e2702,2017-08-02 00:00:00+00:00,315,middle,3
26d19259ab6560dc43e565e25a4db883146e69dda87112359dc76346e49c64ff,2017-08-23 00:00:00+00:00,336,middle,3
dca81b0c711625fc2240d2d7bf35ee21d162a7a8ec4f1d161b828519bc2727f2,2018-01-03 00:00:00+00:00,469,late,3
bb43e587769082994e555f35dd7cb1be139e9efb8e71834a7945d37123ccb289,2017-10-04 00:00:00+00:00,378,middle,3
00d2e412970672f49421235549e6b7c4dcb78b16b7cbd01bdb7a202eeba35777,2017-11-01 00:00:00+00:00,406,late,3
242db9ad76b761fd680a7adbc79eff1a9561eb1e13b5ab08a6d7b1e0fa9f0135,2017-06-21 00:00:00+00:00,273,early,3
d184e1d4141d35280313290f7d3e5ea9e0221e6722e88694f8c15b526884ff7f,2017-09-06 00:00:00+00:00,350,middle,3
86dfbc34e07c80fbdd926310f8e340e264f97b7e048c92c859751db41b96f7f9,2017-09-27 00:00:00+00:00,371,middle,3
5e124c6babf0b7b50fa2a5fcc8245a5b067cd1a906285a53c47faa0fca312b2f,2017-10-25 00:00:00+00:00,399,late,3
cc011b8406571c1d5e453c1de1eafc2a4c44c6d0f2a37a846de6771e42d86928,2017-06-28 00:00:00+00:00,280,early,3
09b87859c38d73632355fb2156cc94429f579b4e8fadc65bb3b8f5b27fdf2606,2018-01-10 00:00:00+00:00,476,late,3
4f85c56d8496342a9709e7352f1134232418ffdf73818c01d223c6d90ea3cc65,2017-05-17 00:00:00+00:00,238,early,3
70cc4ada0ff8d49d95ae4be8a32426772417b35b1eb3127289028a4b0f897c95,2017-06-21 00:00:00+00:00,273,early,3
4bbd25cfd5d6dfb67c5742335ea4556714aea7ce92478cfc51b5b0618bfe7bab,2017-09-27 00:00:00+00:00,371,middle,3
a82799f9f9e92e8a5e9d12b71f214798d0730a0d1143151f9c0e8309fdbf7179,2017-10-11 00:00:00+00:00,385,late,3
375b1da4077e24c87ed8a5d5ddec8d51e44e54ae5d1aa7732f044da93407571b,2018-01-31 00:00:00+00:00,497,late,3
ae1b4b5528d1b1c74c4068afa2fdfbed3209df232c59f72df11904e0fb2601c6,2017-07-26 00:00:00+00:00,308,middle,3
2cdd912a33d0e2cf9fd519a2a2daeb0d177d456f543a2b706d9d4b6d08fd7f7b,2017-10-18 00:00:00+00:00,392,late,3
26ee4695f4ed5acf6698ce4bee8a6baaaad9693e1697db202b0435a26c23910f,2017-08-02 00:00:00+00:00,315,middle,3
4e395afe7a2ff3757445837bace875a9b153a3091c1f171a6a82b600b795a410,2017-10-18 00:00:00+00:00,392,late,3
8eb1e9132336005ccb516fbc36fa78bab2b928a755a6aba17f77f7612d0916bd,2017-11-08 00:00:00+00:00,413,late,3
3d710660adc4e08fd7a6b12c16a4a248bbb67ad4bb7aa9251680d8a861a0f005,2017-08-09 00:00:00+00:00,322,middle,3
f7f4fa6e37f9de81b734372345586b3d6110914c3e44ba1e69d957925a350817,2017-06-28 00:00:00+00:00,280,early,3
80b4bfe89fe2f86641bdebf9c2ec21b508935447bb5951489e20017822a70f38,2017-05-17 00:00:00+00:00,238,early,3
26dfb4f93da39d91b05dfc535c00cab942644c4d0c716d945f3184659eabea33,2017-10-04 00:00:00+00:00,378,middle,3
39893e59f65245f4bacc43ebe09c4d59e12a2e81d12594774bdfdd9c9524e719,2017-08-16 00:00:00+00:00,329,middle,3
56cc4bf7be691766954d4833680a90bc6927183872a56842beb19e0876f29869,2017-08-02 00:00:00+00:00,315,middle,3
8cdba6a68053ec26618f32da8eaf390b3c3d2aef1d6fc474f162c4cda0dd0923,2017-05-17 00:00:00+00:00,238,early,3
596dd33f7884d9657b53648d81f36bc8d67de4eeb3ad3bacc051431df2ea61c1,2017-06-14 00:00:00+00:00,266,early,3
7cca70e760ce19c71866dbb02c3b947d5ecf5019be09fead6271d04c76471371,2017-07-19 00:00:00+00:00,301,middle,3
6e6ae41cf62d4f47fe8614464ea41fc6bf2c004909f9f57979ee4cc3fd9d240c,2018-01-10 00:00:00+00:00,476,late,3
b8a65fd7b322c160d60664694b12355bb91538604e2b434330f2c6db321276fc,2017-11-01 00:00:00+00:00,406,late,3
916009938c8df1baab5f6850b035400d52e25134c9dcc25888aec0c3986d6362,2017-08-02 00:00:00+00:00,315,middle,3
bfbfd1ed5fb1946ca1cddd6606e9161c0077e6044d5eca27aa34a0f1f09ae9cf,2017-07-26 00:00:00+00:00,308,middle,3
87d8678b0c35be270854d4c85a644ca451175dc2e04eac1b6c2d11150ac8be07,2017-10-04 00:00:00+00:00,378,middle,3
10e4966e641869465f1b2b5b70debd4d54aec4558046a0a5e4130403d0d71cfd,2017-06-21 00:00:00+00:00,273,early,3
66aee6af33a325b11f343974f48b712a7fca8f5eb71206ea4a008dcb7ca6bd0e,2017-10-04 00:00:00+00:00,378,middle,3
39974229d86e28c9a4eaf7707fa102d5663b7bc02a5ea7a449648ee12143a145,2017-05-17 00:00:00+00:00,238,early,3
038dc7ff5f55a84adb5e11067fccee496aac93a466fd27c110fae96ec9167b68,2017-08-09 00:00:00+00:00,322,middle,3
764631a68f24d3d2bfc317f22d25f3ad6ea88fb574d2786c990be2c7c194f089,2017-06-14 00:00:00+00:00,266,early,3
968dfbba08e60c48f3a7306b068a3184a883aa562f247aa05d4fb8b32e04ad8c,2017-10-11 00:00:00+00:00,385,late,3
c56638641ae4638ec5c2fa364854101f0a9f26bdab583acdf55febd789df98c0,2017-05-17 00:00:00+00:00,238,early,3
38c6c3b1c53b7112709af8836d0a72cc233de97121a0bc0d434bc0d2e9ae2e01,2017-08-30 00:00:00+00:00,343,middle,3
d46da46d35cab661a448e5f147f308a31c6c565ca62cedc3551d013fff71203b,2017-05-24 00:00:00+00:00,245,early,3
5abe24b42aeb35f812ac276be631eed038420e08dd2cd09620efc2b4dbc16840,2017-10-04 00:00:00+00:00,378,middle,3
6c9589e89af01549ffbad8cadd4fd22262e8db42fcd2eabe2d6210d078695951,2017-06-14 00:00:00+00:00,266,early,3
6e89343bf8344cd0d4161ea4c8bb60896f57f718afbd377dca6ecee3932db704,2017-12-20 00:00:00+00:00,455,late,3
41e4d727a7655ce2d3e65a7e7f275b21941e2937489c8f1dc0f12026a36e58a6,2017-07-26 00:00:00+00:00,308,middle,3
5e5e6265e85f7de4fabeaf57db4be52582e5af9c15f3ec043e730969685d5ae3,2017-12-20 00:00:00+00:00,455,late,3
97aee46659aae22a7bce3ec5d80d0021ff5705194e897319cc0225a71838037d,2018-01-03 00:00:00+00:00,469,late,3
81666a6de5f2db3851d4c552d62774b316ac3e846a422cf91ba570568b50dfb1,2017-07-05 00:00:00+00:00,287,early,3
df2e69e3bda80163fde2c7bf612a45c31497bb432de62f20d0fad5181b8ae4b9,2017-05-17 00:00:00+00:00,238,early,3
7a95db5e7041306977fd26756f31078127b280a8c996740251d3c3e767aadea8,2017-10-18 00:00:00+00:00,392,late,3
2cd4642ccaa87b95fe71055af9935d30e815aa0ce08b70500303cf0f4fe2530e,2017-11-01 00:00:00+00:00,406,late,3
e119c3658e4deedc1f9eeb953adab284159ca5706435e4699935c57b2222901e,2017-12-20 00:00:00+00:00,455,late,3
55601025087c350cb520bde36746f94de5bae4d2c2c308400f780356340a68bb,2017-08-16 00:00:00+00:00,329,middle,3
a826b83a6148439be007d7d1d133715e321e10aa8190be48e57550683633bc16,2017-11-22 00:00:00+00:00,427,late,3
739b8a35ced5bfc793fc0fef7a82fa500eaa975a35005dc69a9ac14f16fca5b8,2017-08-23 00:00:00+00:00,336,middle,3
9bb58f7cc613923f20149e5cd11ce89de061dab1504b6525b7d8dbb6ea97e2d5,2017-07-05 00:00:00+00:00,287,early,3
863ca2489f57a3e50588369849a81ce5d6c5274a989332f44204507c5a6f43c1,2017-11-01 00:00:00+00:00,406,late,3
959da099ae47264301fa47e8030d49a60e71b4ea36ebb32b46c3c0aa338277d7,2017-12-20 00:00:00+00:00,455,late,3
4a333c8f404e97f118e24294718b5aebace70b8144df4b750bfa3e38f5655510,2017-11-22 00:00:00+00:00,427,late,3
9f4050e864e63b7c19428e3f0a07db6a46e5a10c33988e3d5774abbc4e461517,2017-10-11 00:00:00+00:00,385,late,3
f4b7f8c2105bd28c4cca48eb960e11cfd2e8a027d8ac9ca98d5286ff0ba50726,2017-11-29 00:00:00+00:00,434,late,3
25a3c3bf61068f8519a095b5744f7fcd9ecae394c1f2556557084da39ffc26c7,2017-05-24 00:00:00+00:00,245,early,3
45c2ad7ac0aef99b894c3dd189a56f0d4cb64d27bf3a8517a83366ce689bac1b,2017-10-11 00:00:00+00:00,385,late,3
37cff577480d88e8229b67e1ee23e8fed055f940d04c2c1c046441a18ab80594,2017-06-28 00:00:00+00:00,280,early,3
96fd4d8a5e85f14dfaa97313cb00f36789d69d2a8fb27093446b2f49553c2f87,2017-06-14 00:00:00+00:00,266,early,3
cca1861a520c3fee0f0b8ad908fa48c037e22e3a1705bc2761986c943840a5bf,2017-09-20 00:00:00+00:00,364,middle,3
9c65e920789f0a1f269235d65c2dd7ffe32f5ec5f0d7e8ebb2dcc661c59bc402,2017-08-02 00:00:00+00:00,315,middle,3
169d93f6026ba415313b17174dded3508fdf2aad221d6d867ea837cf3958c536,2017-12-20 00:00:00+00:00,455,late,3
44588bc3f77a9972670240e09a588c9f49ec9ddeeb95f396f98ed3896925939e,2017-10-04 00:00:00+00:00,378,middle,3
f61779dc7abaab14a600c8f9d71dd23e702b76419cbb98a61ca11fa315fc5b9c,2017-05-31 00:00:00+00:00,252,early,3
e68b02552a891b8cb37ede683bd783c80a4dae20c75af7e7bc3e70ebd46bda77,2018-01-03 00:00:00+00:00,469,late,3
c983fec8455b98c2f0a6cf58d4c8f9aafdbac41a2c38423dde82e7892a78693a,2017-11-22 00:00:00+00:00,427,late,3
4425050c5b1790b71d44b6ecda0a78c7fa7727fe968a31eb162d22944644b0f0,2017-07-26 00:00:00+00:00,308,middle,3
95a9bb3d9bacfebdca177a880c0b9eceff6e4ef0ad6a18a6d98242a75e4f911a,2017-08-02 00:00:00+00:00,315,middle,3
45d91f4f85d6122a452e127666aa9fdb37581405e201fb999a83782d8e1435a2,2017-06-07 00:00:00+00:00,259,early,3
f566111f58c4906006ac381a25395fd5ba6eb9d1f1257a7b32083e9064d4d39e,2017-08-16 00:00:00+00:00,329,middle,3
1405b8b94ea832190ff3d629f2ae0fb710d0e7ef8ee2a06b75acbc9f94ba547c,2018-01-03 00:00:00+00:00,469,late,3
3ea5a4157467b901dad7ee25c90a945e443434fd60ed2f026d6a3ec3a69dc943,2017-11-01 00:00:00+00:00,406,late,3
4c7029e4cb2f8f5ca249e7d622b9f12362053d4db410a79e52032173a37f8156,2017-06-21 00:00:00+00:00,273,early,3
01cf9b3702ea6aee21359b01ed090b01024dc17a6e97da1b7396a0e3efdc9b4d,2018-01-03 00:00:00+00:00,469,late,3
b51e8f3b1bc87c82e97ae3f293af95fad672b1f9663a35bfeb499fc09d6fcfa5,2017-05-17 00:00:00+00:00,238,early,3
90345e2ac438d56830cd55cbf8843a33d8bf2c5c2051149561d346104b7472b7,2017-07-05 00:00:00+00:00,287,early,3
05c6bc03b4af3eec023b95f0c628967724e1c2e642ce48fd88b109d6b665a38d,2017-08-16 00:00:00+00:00,329,middle,3
c3ded53c2c1197609c49a443e30e124f91d9f9c3317275ffb1eee9b961acaffe,2017-06-28 00:00:00+00:00,280,early,3
bca24fffd232f03b4c59068851d39984521aa662d47739907608ccc36ba08286,2017-11-08 00:00:00+00:00,413,late,3
1f8c85357d32681143c5b930c37ca9daee7c99c818e884335f306ea407df0473,2017-07-26 00:00:00+00:00,308,middle,3
e7e7b326b62b0229b13315b91bc52b82619018a27e25f6e5504824dafb92c8cd,2017-06-28 00:00:00+00:00,280,early,3
a711fe19e54c1d5c76eaafe7409603874f216da22e43b0a1c84234762c0441fd,2017-07-19 00:00:00+00:00,301,middle,3
